Alloc ating 20000 MB GPU Cache and 24000 MB GPU Processing Region
959992225
959993607
959988832
959997159
959999488
959989568
959998082
959999813
959996771
959998631
959992612
959991717
959996352
959994051
959994754
959990561
959999300
959995331
959996163
959990720
959999398
959991840
959999587
959999073
959996773
959997158
959994369
959999045
959991077
959998919
959997540
959997541
959998917
959992994
959993984
959998853
959997796
959998372
959998375
959998151
959999266
959996263
959986977
959995046
959991302
959995717
959995620
959998209
959990788
959995751
959992641
959999046
959999585
959993027
959996103
959999521
959995779
959996866
959999968
959990785
959999717
959998725
959993826
959999201
959997669
959997030
959997191
959999524
959988513
959999810
959998311
959996225
959991873
959996707
959998370
959988130
959997126
959995424
959997344
959995174
959995525
959995744
959999972
959995042
959998595
959993222
959996519
959993126
959992737
959997858
959999106
959990018
959994630
959999429
959999780
959998752
959996517
959989925
959999878
959998272
959993509
959999744
959994465
959999075
959998374
959998786
959999584
959998021
959999494
959995044
959996195
959996546
959998400
959996071
959991136
959998244
959992963
959999685
959995398
959998406
959997633
959976646
959993350
959992231
959993986
959994880
959996608
959998496
959996704
959995270
959996993
959999974
959994181
959996034
959994759
959995009
959990369
959997892
959999906
959999299
959999237
959999392
959995430
959998662
959975462
959996899
959997504
959999781
959991365
959999296
959997473
959996515
959999492
959996675
959999110
959999911
959995297
959999844
959999840
959996902
959997027
959999136
959997920
959998690
959998694
959993606
959994851
959996385
959999074
959999873
959991202
959997025
959994247
959999396
959993698
959998594
959988583
959986786
959999431
959998084
959998789
959999556
959996644
959992134
959997987
959999236
959999042
959995781
959993859
959994848
959997251
959997063
959992192
959998756
959999559
959995271
959999751
959998499
959997508
959998438
959999558
959991685
959998885
959997957
959998950
959995527
959997318
959999623
959997988
959997382
959996448
959999331
959997670
959994596
959997729
959994432
959995232
959999267
959997601
959995653
959999904
959997345
959998437
959990020
959997830
959999111
959997219
959997668
959987365
959996615
959996133
959998148
959997701
959996963
959996740
959995811
959994918
959996194
959998944
959998339
959999329
959999169
959998566
959999493
959997923
959997124
959999428
959998913
959997921
959999078
959995234
959997509
959990629
959994791
959995749
959999298
959998498
959999363
959999877
959996992
959997028
959998816
959997671
959997477
959994114
959999335
959997093
959982119
959999235
959998820
959997478
959995941
959998338
959996580
959996416
959997538
959998723
959998080
959997378
959996230
959996864
959997734
959997955
959998119
959998212
959992320
959999459
959998790
959998083
959998181
959996481
959996292
959995334
959996096
959998980
959990535
959999360
959996833
959989158
959996900
959992996
959999333
959999203
959999938
959997697
959999782
959995265
959998851
959996834
959988226
959993762
959997122
959999206
959992836
959993505
959999910
959993729
959997922
959996705
959994821
959999362
959997252
959996160
959997312
959999460
959986560
959999713
959992551
959992163
959994854
959999200
959999973
959999815
959996999
959995429
959997505
959984867
959997377
959999654
959988804
959998915
959998182
959999748
959998146
959998753
959997954
959999522
959998656
959997990
959998245
959996579
959998309
959994823
959995171
959992327
959994244
959995936
959991686
959994021
959999777
959999588
959982981
959997666
959995585
959997059
959996647
959995045
959997123
959999425
959999461
959999876
959988098
959995906
959990725
959999589
959999718
959994400
959996932
959996324
959991431
959996870
959999367
959999424
959996070
959996516
959999109
959997057
959978914
959998022
959992868
959993122
959996837
959996387
959998818
959989860
959993441
959999783
959989731
959995815
959997956
959998565
959999652
959997952
959985446
959994624
959980711
959996896
959997986
959999463
959996102
959999940
959998691
959997573
959996032
959995940
959998916
959991687
959995810
959992416
959999941
959999908
959996386
959990689
959994116
959998692
959999265
959990245
959999841
959999269
959996224
959989824
959993569
959995590
959996390
959995783
959990660
959999874
959998471
959990180
959994466
959997056
959997313
959997218
959964226
959995008
959997062
959999361
959999076
959998918
959998435
959996611
959997797
959996164
959999138
959996359
959989445
959999684
959994529
959997315
959998439
959999936
959998563
959998179
959999520
959998211
959998177
959997827
959997925
959998822
959988097
959991776
959999745
959997440
959999332
959999846
959996804
959998727
959977957
959991174
959998788
959985984
959998180
959993574
959997441
959998213
959999618
959999238
959998754
959998402
959998273
959998947
959997026
959998247
959999650
959995206
959995716
959998852
959997799
959995782
959999268
959999683
959996227
959999077
959999430
959997606
959996064
959998501
959998951
959993830
959996198
959997415
959990848
959990978
959996487
959996960
959992486
959996295
959999746
959997156
959999462
959998114
959994180
959999426
959991555
959998624
959997893
959997637
959998630
959998564
959988001
959988289
959995520
959997762
959999264
959999015
959993348
959993601
959990791
959999137
959997861
959999041
959998981
959992901
959997862
959999875
959999554
959999715
959998053
959999527
959995938
959997831
959993159
959995012
959997895
959982695
959999142
959986085
959999648
959999297
959998176
959994340
959994724
959997889
959999943
959996965
959994786
959993153
959983328
959991105
959998115
959999970
959997185
959996738
959994213
959999616
959981317
959997152
959998342
959998434
959998017
959999719
959999207
959991811
959997568
959997479
959995654
959994790
959997859
959997350
959994758
959999620
959995557
959994278
959983111
959991488
959997829
959999458
959994691
959999687
959999653
959997575
960000000
959996933
959993444
959995616
959995207
959994497
959997286
959998598
959998949
959998530
959997638
959997088
959994755
959997255
959998465
959999655
959997250
959985858
959998468
959997507
959992262
959995491
959990499
959997253
959999171
959979523
959997570
959999686
959993281
959998657
959993475
959989028
959999040
959997319
959999399
959999014
959999270
959999393
959998887
959996099
959998242
959999043
959989894
959992166
959999622
959989383
959999779
959996484
959999681
959986529
959995456
959999552
959997031
959999812
959993412
959997924
959994375
959988327
959995650
959998978
959999072
959999845
959987525
959996069
959999239
959999847
959992289
959997445
959999139
959998433
959999872
959998785
959994401
959995584
959997475
959996995
959992997
959993799
959999778
959993892
959990467
959994022
959999271
959998886
959992386
959999008
959999937
959998693
959997991
959996518
959997447
959992037
959997767
959998658
959998599
959984839
959998791
959996550
959996485
959998241
959999682
959989122
959998596
959990402
959988321
959993862
959995459
959999366
959998466
959995907
959999750
959996576
959998531
959994592
959997347
959999905
959994982
959991558
959993797
959997699
959997702
959998561
959999975
959997092
959996869
959998695
959999969
959995425
959999651
959998979
959999397
959995680
959998977
959997539
959994822
959996196
959995395
959998912
959997280
959996100
959993636
959998118
959998404
959995300
959999590
959998405
959986148
959999971
959996836
959991714
959998821
959998016
959993188
959999716
959996358
959994337
959999557
959999942
959991271
959999174
959996801
959997314
959997860
959991525
959994054
959999811
959996806
959998946
959997029
959999808
959992772
959990118
959995296
959999365
959996199
959996192
959993669
959996613
959999649
959998854
959993923
959974305
959997891
959998150
959992419
959999555
959995137
959989056
959999523
959995460
959999427
959987014
959995175
959997824
959999495
959996710
959986726
959990949
959995747
959994017
959992580
959998689
959997186
959999526
959997472
959996803
959998243
959998850
959994977
959997766
959999621
959997696
959993701
959996037
959997959
959996326
959999525
959988707
959999456
959984422
959998560
959989317
959992967
959996743
959998726
959993703
959998629
959987751
959998626
959998368
959992672
959999879
959987011
959997761
959990726
959998533
959995970
959991941
959998855
959999680
959997317
959995299
959998914
959990819
959998755
959998720
959998625
959998373
959999491
959998759
959995138
959995428
959995878
959995136
959993605
959998308
959998306
959986788
959999140
959993414
959996419
959996261
959997408
959999909
959999394
959998470
959996066
959995809
959999907
959989508
959996513
959999747
959983335
959996674
959991461
959998240
959997248
959993187
959998848
959999749
959996067
959989633
959988996
959995492
959999714
959999457
959998880
959992197
959999814
959994950
959996128
959998055
959998661
959991335
959999617
959999843
959984835
959999939
959997376
959997635
959999108
959995555
959986273
959998784
959996483
959999776
959996291
959995619
959999712
959995329
959999170
959999105
959995140
959999809
959978695
 the seg index is 916 320000
320000
319999
320000
320000
320000
320000
320000
320000
320000
320000
320000
320000
320000
320000
320000
320000
320000
320000
320000
320000
320000
319999
320000
320000
320000
320000
320000
320000
320000
320000
320000
320000
320000
320000
320000
320000
320000
320000
320000
319999
320000
320000
320000
320000
320000
320000
320000
320000
320000
320000
320000
320000
320000
320000
319999
320000
320000
320000
320000
320000
320000
320000
320000
320000
320000
319999
320000
320000
320000
320000
320000
320000
320000
320000
320000
320000
320000
320000
320000
320000
320000
320000
320000
320000
320000
320000
320000
320000
320000
320000
320000
320000
320000
320000
320000
320000
320000
320000
320000
320000
320000
320000
320000
320000
320000
320000
319999
320000
320000
320000
320000
320000
320000
320000
320000
320000
320000
320000
320000
320000
320000
320000
319999
320000
320000
320000
320000
320000
320000
320000
320000
320000
320000
320000
320000
320000
320000
320000
320000
320000
320000
319999
320000
320000
320000
320000
320000
320000
320000
320000
320000
320000
320000
320000
320000
320000
320000
319999
320000
320000
320000
320000
320000
320000
320000
320000
320000
320000
320000
320000
320000
320000
320000
320000
320000
320000
320000
320000
320000
320000
320000
320000
320000
320000
320000
320000
320000
320000
320000
320000
320000
320000
320000
320000
320000
320000
320000
320000
320000
320000
320000
320000
320000
320000
320000
320000
320000
320000
320000
320000
319999
320000
320000
320000
320000
320000
320000
320000
319999
320000
320000
320000
320000
320000
320000
320000
320000
320000
320000
320000
320000
320000
320000
320000
320000
320000
320000
320000
320000
320000
320000
320000
320000
319999
320000
320000
320000
320000
320000
320000
320000
320000
319999
320000
320000
320000
320000
320000
320000
320000
320000
320000
320000
320000
320000
320000
320000
320000
320000
320000
319999
320000
320000
320000
320000
320000
320000
320000
320000
320000
320000
320000
320000
320000
320000
320000
319999
320000
320000
320000
320000
320000
320000
320000
320000
320000
320000
320000
320000
320000
320000
319999
320000
320000
319999
320000
320000
320000
320000
320000
320000
320000
320000
320000
320000
320000
320000
320000
320000
320000
320000
320000
320000
320000
320000
320000
320000
320000
320000
320000
320000
320000
320000
320000
320000
320000
320000
320000
320000
320000
320000
320000
320000
319999
320000
320000
320000
320000
320000
320000
320000
320000
320000
320000
320000
320000
320000
320000
320000
320000
320000
320000
320000
320000
320000
320000
320000
320000
320000
320000
320000
320000
320000
320000
319999
320000
320000
320000
320000
320000
320000
320000
320000
320000
320000
319999
320000
320000
320000
320000
320000
320000
320000
320000
320000
320000
320000
320000
320000
320000
320000
319999
320000
320000
320000
320000
320000
320000
320000
320000
320000
320000
320000
320000
320000
320000
320000
320000
320000
320000
320000
320000
320000
320000
320000
320000
320000
320000
320000
320000
320000
320000
320000
320000
320000
320000
320000
320000
320000
320000
320000
320000
320000
320000
320000
320000
320000
320000
320000
320000
320000
320000
320000
320000
320000
320000
320000
320000
320000
320000
320000
320000
320000
320000
320000
320000
320000
320000
320000
319999
320000
320000
320000
320000
319999
320000
320000
320000
320000
320000
320000
320000
320000
320000
320000
320000
320000
320000
320000
320000
320000
320000
319999
320000
320000
320000
320000
320000
320000
320000
320000
320000
320000
320000
320000
320000
320000
320000
320000
320000
320000
320000
320000
320000
320000
320000
320000
320000
320000
320000
320000
320000
320000
320000
320000
320000
320000
320000
320000
320000
320000
320000
320000
320000
320000
320000
320000
320000
320000
320000
320000
320000
320000
320000
320000
320000
320000
320000
320000
320000
320000
320000
320000
320000
320000
320000
320000
320000
320000
320000
320000
320000
320000
320000
320000
319999
320000
320000
320000
320000
320000
320000
320000
320000
320000
320000
320000
320000
320000
320000
320000
320000
320000
320000
320000
320000
320000
320000
320000
320000
319999
320000
320000
320000
320000
320000
320000
320000
320000
320000
320000
320000
320000
320000
320000
320000
320000
320000
320000
320000
320000
320000
320000
320000
320000
320000
320000
320000
320000
320000
320000
320000
320000
320000
320000
320000
320000
320000
320000
320000
320000
320000
320000
320000
319999
320000
320000
320000
319999
320000
320000
320000
320000
320000
320000
320000
320000
320000
320000
320000
320000
320000
320000
320000
320000
320000
320000
319999
320000
320000
320000
320000
320000
320000
320000
320000
320000
320000
320000
320000
320000
320000
320000
320000
320000
320000
320000
320000
320000
319999
320000
320000
320000
320000
320000
320000
320000
320000
320000
320000
320000
320000
320000
319999
320000
320000
320000
320000
320000
320000
320000
320000
320000
320000
319998
320000
320000
320000
320000
320000
320000
320000
320000
320000
320000
320000
320000
320000
320000
320000
319999
320000
320000
320000
320000
320000
320000
320000
320000
320000
320000
319999
320000
320000
320000
320000
320000
320000
319999
320000
320000
320000
320000
320000
320000
320000
320000
320000
320000
320000
320000
320000
320000
320000
320000
320000
320000
320000
320000
320000
320000
320000
320000
320000
320000
320000
320000
320000
320000
320000
320000
320000
320000
320000
320000
320000
320000
320000
320000
320000
320000
320000
320000
320000
320000
320000
319999
320000
320000
320000
320000
320000
320000
320000
320000
320000
319999
320000
320000
320000
320000
320000
320000
320000
320000
320000
320000
320000
320000
320000
320000
320000
320000
320000
320000
320000
320000
320000
320000
320000
320000
319999
320000
320000
320000
320000
320000
320000
320000
320000
320000
320000
320000
320000
320000
320000
320000
320000
320000
320000
320000
320000
320000
320000
320000
319999
319999
320000
320000
320000
320000
320000
320000
320000
320000
320000
319999
320000
320000
320000
320000
320000
320000
320000
320000
320000
320000
320000
320000
320000
319999
320000
320000
320000
319999
320000
320000
320000
320000
320000
320000
320000
320000
320000
320000
320000
320000
320000
320000
320000
320000
320000
320000
320000
320000
320000
320000
320000
320000
320000
320000
320000
320000
320000
320000
320000
320000
319999
320000
320000
320000
320000
320000
320000
320000
 the seg index is 916 4799969
4799977
4799962
4799995
4799989
4799993
4799995
4799998
4799971
4799938
4799974
4799956
4799981
4799998
4799998
4799998
4799989
4799977
4799999
4799983
4799971
4799995
4799995
4799951
4799971
4799990
4799993
4799989
4799995
4799975
4799996
4799984
4799962
4799986
4799996
4799935
4799959
4799999
4799977
4799908
4799986
4799987
4799978
4799995
4799998
4799999
4799999
4799969
4799999
4799956
4799992
4799998
4799987
4799965
4799954
4799983
4799995
4799993
4799986
4799908
4799978
4799975
4799998
4799980
4799999
4799998
4799977
4799989
4799902
4799989
4799999
4799986
4799959
4799999
4799992
4799996
4799993
4799983
4799996
4799998
4799995
4799999
4799950
4799962
4799983
4799996
4799980
4799993
4799978
4799983
4799992
4799992
4799948
4799974
4799996
4799992
4799980
4799986
4799996
4799986
4799998
4799987
4799996
4799935
4799962
4799993
4799995
4799999
4799998
4799995
4799987
4799995
4799992
4799974
4799972
4799989
4799953
4799995
4799984
4799962
4799987
4799974
4799968
4799968
4799980
4799983
4799966
4799974
4799984
4799986
4799990
4799999
4799989
4799999
4799993
4799989
4799998
4799992
4799995
4799989
4799981
4799983
4799993
4799993
4799968
4799995
4799986
4799998
4799974
4799999
4799999
4799996
4799999
4799957
4799986
4799978
4799968
4799995
4799998
4799977
4799984
4799987
4799986
4799969
4799971
4799995
4799998
4799966
4799981
4799950
4799989
4799993
4799998
4799957
4799999
4799995
4799998
4799999
4799999
4799999
4799989
4799980
4799995
4799990
4799978
4799998
4799978
4799989
4799968
4799996
4799989
4799968
4799990
4799992
4799983
4799978
4799977
4799995
4799987
4799995
4799990
4799944
4799990
4799996
4799989
4799975
4799990
4799999
4799995
4799993
4799998
4799983
4799980
4799995
4799989
4799984
4799984
4799998
4799968
4799998
4799944
4799972
4799969
4799995
4799978
4799999
4799993
4799977
4799965
4799996
4799962
4799989
4799995
4799995
4799983
4799992
4799947
4799977
4799996
4799984
4799999
4799995
4799983
4799992
4799944
4799981
4799998
4799990
4799999
4799986
4799966
4799998
4799980
4799971
4799969
4799992
4799999
4799951
4799974
4799987
4799966
4799986
4799998
4799995
4799974
4799998
4799984
4799965
4799998
4799980
4799980
4799992
4799992
4799990
4799992
4799992
4799987
4799966
4799992
4799999
4799986
4799974
4799981
4799953
4799980
4799998
4799999
4799977
4799993
4799993
4799959
4799992
4799981
4799977
4799959
4799978
4799983
4799999
4799998
4799995
4799978
4799995
4799984
4799962
4799971
4799977
4799999
4799980
4799993
4799989
4799999
4799998
4799974
4799984
4799905
4799999
4799998
4799996
4799989
4799992
4799999
4799992
4799984
4799959
4799980
4799999
4799996
4799980
4799978
4799969
4799999
4799998
4799989
4799947
4799993
4799996
4799983
4799941
4799975
4799989
4799995
4799965
4799993
4799990
4799992
4799998
4799989
4799993
4799999
4799959
4799953
4799992
4799999
4799998
4799971
4799969
4799993
4799968
4799989
4799990
4799936
4799954
4799998
4799980
4799963
4799999
4799989
4799983
4799992
4799984
4799998
4799999
4799996
4799999
4799999
4799999
4799989
4799989
4799959
4799966
4799986
4799999
4799984
4799999
4799984
4799966
4799998
4799995
4799986
4799917
4799995
4799986
4799986
4799980
4799992
4799989
4799978
4799992
4799999
4799966
4799972
4799999
4799954
4799998
4799963
4799969
4799983
4799992
4799959
4799953
4799977
4799971
4799965
4799968
4799996
4799992
4799999
4799995
4799983
4799912
4799998
4799959
4799981
4799977
4799963
4799995
4799936
4799969
4799959
4799998
4799999
4799984
4799999
4799992
4799906
4799980
4799953
4799962
4799965
4799987
4799990
4799989
4799999
4799992
4799968
4799992
4799980
4799999
4799984
4799990
4799999
4799915
4799923
4799980
4799978
4799998
4799992
4799998
4799987
4799977
4799998
4799998
4799990
4799989
4799980
4799965
4799986
4799999
4799989
4799990
4799965
4799990
4799986
4799989
4799944
4799992
4799972
4799998
4799999
4799996
4799953
4799980
4799995
4799992
4799995
4799941
4799999
4799993
4799987
4799999
4799990
4799998
4799968
4799986
4799983
4799989
4799971
4799993
4799977
4799944
4799996
4799995
4799960
4799962
4799965
4799992
4799987
4799990
4799944
4799944
4799998
4799969
4799971
4799992
4799974
4799995
4799983
4799992
4799999
4799998
4799993
4799993
4799974
4799974
4799956
4799953
4799996
4799947
4799977
4799986
4799963
4799974
4799996
4799981
4799980
4799971
4799990
4799995
4799999
4799996
4799992
4799989
4799945
4799995
4799968
4799954
4799996
4799992
4799977
4799992
4799992
4799992
4799995
4799989
4799945
4799999
4799966
4799999
4799992
4799953
4799986
4799971
4799992
4799992
4799998
4799987
4799999
4799951
4799953
4799989
4799999
4799983
4799998
4799989
4799978
4799998
4799999
4799987
4799954
4799989
4799956
4799983
4799998
4799968
4799981
4799974
4799974
4799996
4799969
4799992
4799995
4799992
4799999
4799987
4799998
4799983
4799951
4799986
4799992
4799983
4799989
4799968
4799999
4799990
4799983
4799987
4799998
4799989
4799986
4799980
4799971
4799995
4799992
4799942
4799971
4799993
4799996
4799989
4799995
4799995
4799956
4799968
4799903
4799932
4799995
4799993
4799966
4799992
4799999
4799974
4799981
4799968
4799998
4799968
4799989
4799983
4799989
4799996
4799959
4799989
4799999
4799986
4799999
4799996
4799998
4799980
4799968
4799998
4799968
4799956
4799999
4799986
4799998
4799987
4799999
4799993
4799992
4799983
4799990
4799998
4799998
4799962
4799992
4799980
4799999
4799992
4799995
4799981
4799954
4799990
4799995
4799998
4799990
4799998
4799954
4799972
4799963
4799992
4799999
4799998
4799998
4799992
4799986
4799999
4799990
4799989
4799999
4799999
4799992
4799999
4799968
4799977
4799971
4799975
4799971
4799974
4799995
4799986
4799998
4799999
4799983
4799987
4799995
4799965
4799983
4799992
4799980
4799998
4799995
4799992
4799974
4799999
4799996
4799968
4799971
4799995
4799998
4799995
4799998
4799971
4799971
4799993
4799996
4799992
4799986
4799987
4799977
4799971
4799971
4799999
4799951
4799969
4799998
4799996
4799992
4799995
4799999
4799965
4799998
4799993
4799990
4799983
4799980
4799998
4799963
4799984
4799998
4799971
4799947
4799992
4799999
4799995
4799968
4799989
4799950
4799984
4799995
4799995
4799999
4799977
4799984
4799962
4799971
4799998
4799980
4799984
4799956
4799965
4799977
4799992
4799995
4799986
4799978
4799992
4799998
4799968
4799993
4799996
4799981
4799995
4799965
4799986
4799948
4799984
4799980
4799998
4799959
4799998
4799999
4799924
4799960
4799996
4799972
4799998
4799983
4799965
4799983
4799986
4799980
4799999
4799989
4799998
4799998
4799992
4799999
4799984
4799999
4799977
4799993
4799990
4799968
4799989
4799989
4799980
4799984
4799998
4799983
4799993
4799986
4799989
4799999
4799998
4799999
4799992
4799989
4799974
4799999
4799999
4799986
4799995
4799986
4799995
4799987
4799968
4799996
4799993
4799995
4799998
4799983
4799995
4799995
4799959
4799998
4799998
4799999
4799996
4799995
4799999
4799993
4799968
4799989
4799998
4799968
4799999
4799984
4799980
4799990
4799938
4799983
4799972
4799959
4799990
4799999
4799992
4799996
4799995
4799966
4799993
4799975
4799989
4799999
4799987
4799989
4799996
4799999
4799915
4799996
4799936
4799977
4799989
4799989
4799926
4799987
4799999
4799968
4799990
4799992
4799996
4799996
4799998
4799999
4799990
4799984
4799983
4799999
4799980
4799989
4799983
4799983
4799968
4799999
4799974
4799984
4799977
4799999
4799987
4799992
4799993
4799971
4799975
4799974
4799987
4799996
4799980
4799999
4799980
 the seg index is 916 1199998
1199999
1199999
1200000
1199995
1199996
1199999
1200000
1200000
1200000
1199997
1199999
1200000
1199999
1199997
1200000
1200000
1199998
1199999
1199999
1199999
1200000
1199999
1200000
1200000
1199998
1200000
1200000
1200000
1199999
1200000
1200000
1200000
1200000
1200000
1200000
1200000
1199999
1200000
1199998
1200000
1200000
1199998
1200000
1200000
1199999
1199999
1199993
1199999
1200000
1199999
1200000
1200000
1200000
1200000
1199999
1200000
1200000
1200000
1199999
1200000
1200000
1200000
1200000
1200000
1200000
1199998
1200000
1200000
1200000
1199996
1200000
1200000
1199999
1200000
1200000
1199999
1200000
1200000
1199999
1199999
1200000
1200000
1199999
1200000
1199999
1200000
1200000
1200000
1200000
1199999
1200000
1200000
1200000
1199999
1200000
1199998
1199998
1200000
1200000
1199999
1200000
1200000
1200000
1200000
1200000
1200000
1199999
1199998
1200000
1199999
1199998
1199999
1200000
1200000
1200000
1200000
1200000
1200000
1199998
1200000
1199998
1200000
1199997
1200000
1199998
1199998
1199997
1199999
1200000
1199999
1200000
1199999
1199998
1199997
1199999
1200000
1199998
1200000
1199998
1199999
1200000
1199999
1200000
1200000
1199999
1200000
1200000
1200000
1200000
1200000
1200000
1199998
1200000
1199999
1199999
1200000
1199999
1200000
1199996
1199999
1200000
1199995
1199999
1200000
1199999
1199999
1199999
1200000
1200000
1200000
1200000
1199999
1199999
1200000
1200000
1200000
1200000
1200000
1199999
1199998
1200000
1200000
1199999
1200000
1200000
1200000
1200000
1200000
1199999
1200000
1200000
1200000
1200000
1200000
1199996
1199997
1200000
1200000
1200000
1200000
1200000
1199999
1199999
1200000
1200000
1200000
1200000
1200000
1200000
1200000
1200000
1199997
1200000
1199998
1199999
1200000
1200000
1200000
1200000
1200000
1200000
1199999
1200000
1199998
1200000
1199999
1200000
1199999
1199999
1199999
1199999
1200000
1200000
1200000
1200000
1200000
1200000
1199998
1200000
1200000
1200000
1199998
1199998
1199999
1199999
1200000
1200000
1199998
1199997
1200000
1200000
1199999
1200000
1199999
1200000
1199996
1199998
1200000
1200000
1200000
1200000
1200000
1200000
1199998
1199998
1200000
1200000
1199995
1200000
1200000
1200000
1200000
1200000
1200000
1200000
1199997
1199999
1199997
1200000
1199999
1200000
1200000
1199998
1199999
1199998
1200000
1199999
1200000
1199998
1199998
1200000
1200000
1199999
1200000
1199999
1200000
1199999
1200000
1200000
1199997
1200000
1199999
1200000
1200000
1200000
1199999
1199999
1200000
1200000
1199999
1199999
1200000
1200000
1199997
1200000
1200000
1200000
1199998
1199999
1199998
1199999
1199998
1200000
1200000
1199999
1200000
1199999
1200000
1199998
1200000
1199999
1200000
1200000
1199999
1199999
1199996
1199998
1200000
1200000
1200000
1199998
1199999
1200000
1200000
1200000
1200000
1199999
1199999
1199999
1200000
1200000
1200000
1200000
1199997
1200000
1200000
1200000
1200000
1200000
1200000
1199999
1200000
1200000
1199999
1199994
1200000
1200000
1200000
1200000
1200000
1200000
1200000
1199999
1199999
1200000
1199999
1200000
1200000
1200000
1200000
1200000
1200000
1200000
1199998
1199998
1199998
1200000
1200000
1199998
1200000
1199999
1200000
1200000
1200000
1200000
1199999
1199998
1199998
1199999
1199999
1199999
1200000
1199997
1200000
1200000
1200000
1200000
1200000
1200000
1200000
1200000
1200000
1200000
1200000
1200000
1200000
1199998
1200000
1199999
1199999
1199998
1200000
1200000
1199999
1200000
1199999
1199999
1200000
1200000
1199999
1200000
1200000
1200000
1200000
1199999
1200000
1199998
1199999
1199999
1200000
1200000
1199999
1200000
1199999
1200000
1199999
1200000
1200000
1200000
1200000
1199997
1200000
1199999
1199999
1200000
1200000
1199999
1200000
1199999
1199999
1199998
1200000
1200000
1200000
1200000
1199999
1199998
1200000
1199996
1199999
1200000
1199997
1200000
1200000
1199994
1200000
1199998
1199999
1199999
1200000
1200000
1199999
1200000
1200000
1199999
1199997
1200000
1200000
1200000
1200000
1199999
1200000
1200000
1200000
1200000
1199999
1199999
1200000
1199999
1199999
1200000
1200000
1200000
1200000
1200000
1200000
1199997
1199999
1200000
1200000
1199998
1199999
1200000
1199999
1199997
1199999
1199998
1199999
1199998
1199999
1200000
1199998
1200000
1200000
1199999
1200000
1200000
1200000
1199996
1200000
1200000
1200000
1200000
1200000
1199999
1199998
1200000
1199998
1200000
1200000
1199999
1200000
1199999
1199999
1200000
1200000
1199999
1200000
1200000
1200000
1200000
1200000
1200000
1199998
1200000
1200000
1199999
1200000
1200000
1200000
1199999
1200000
1200000
1200000
1199998
1200000
1200000
1199999
1199999
1199999
1200000
1200000
1199999
1199998
1200000
1200000
1200000
1199999
1200000
1200000
1199999
1199999
1200000
1200000
1200000
1200000
1200000
1199998
1200000
1200000
1200000
1200000
1200000
1200000
1199999
1199997
1200000
1200000
1199999
1200000
1199999
1200000
1200000
1200000
1200000
1199998
1199996
1200000
1200000
1199998
1199998
1200000
1199999
1200000
1200000
1199996
1200000
1200000
1200000
1200000
1200000
1199999
1200000
1200000
1200000
1200000
1199997
1200000
1199999
1200000
1199999
1199998
1199998
1200000
1200000
1199999
1199999
1200000
1199999
1199998
1200000
1200000
1199999
1199999
1200000
1200000
1200000
1200000
1200000
1200000
1200000
1200000
1199999
1199999
1200000
1200000
1199998
1200000
1200000
1200000
1200000
1199999
1199998
1200000
1199996
1200000
1200000
1200000
1199999
1200000
1200000
1200000
1199999
1200000
1200000
1200000
1200000
1200000
1200000
1199999
1200000
1199999
1200000
1199999
1199999
1199998
1199998
1200000
1199998
1199999
1200000
1199997
1200000
1200000
1200000
1200000
1200000
1199999
1200000
1199999
1200000
1199996
1199999
1200000
1200000
1200000
1199999
1199999
1200000
1200000
1200000
1200000
1200000
1200000
1200000
1199999
1200000
1199999
1200000
1199999
1199999
1200000
1200000
1200000
1200000
1200000
1200000
1200000
1200000
1199996
1199999
1199999
1199997
1199999
1200000
1199998
1199998
1199997
1200000
1200000
1199999
1199998
1200000
1200000
1199999
1200000
1199997
1199999
1200000
1200000
1199999
1199997
1200000
1200000
1199999
1199997
1200000
1200000
1199999
1200000
1200000
1200000
1200000
1200000
1199999
1200000
1199998
1200000
1200000
1199999
1199999
1200000
1199999
1200000
1200000
1199998
1199998
1199999
1200000
1200000
1199999
1200000
1200000
1200000
1200000
1199998
1200000
1199999
1200000
1200000
1200000
1200000
1199999
1200000
1200000
1199999
1200000
1200000
1199999
1200000
1200000
1199996
1200000
1199998
1200000
1199999
1200000
1199998
1200000
1200000
1199999
1200000
1200000
1199999
1199999
1199998
1200000
1199998
1200000
1200000
1200000
1200000
1199999
1200000
1199999
1200000
1199998
1199999
1199998
1199996
1199997
1199999
1200000
1199995
1199997
1199998
1200000
1200000
1199997
1199999
1200000
1200000
1200000
1200000
1200000
1200000
1200000
1200000
1200000
1199999
1200000
1200000
1199997
1199999
1200000
1200000
1200000
1200000
1199999
1199999
1199999
1200000
1200000
1200000
1200000
1199998
1200000
1200000
1199996
1200000
1199999
1199999
1199999
1200000
1200000
1199998
1199999
1199995
1200000
1200000
1199998
1200000
1199999
1199995
1199999
1200000
1200000
1199996
1200000
1200000
1200000
1200000
1200000
1200000
1200000
1200000
1199997
1200000
1199998
1200000
1199998
1200000
1200000
1200000
1200000
1200000
1199999
1200000
1200000
1200000
1200000
1200000
1199999
1200000
1199999
 the seg index is 916 19920103
19920106
19920108
19920111
19920114
19920116
19920119
19920122
19920124
19920127
19920129
19920201
19920204
19920206
19920209
19920212
19920214
19920217
19920219
19920222
19920225
19920227
19920301
19920304
19920306
19920309
19920311
19920314
19920317
19920319
19920322
19920325
19920327
19920330
19920401
19920404
19920407
19920409
19920412
19920415
19920417
19920420
19920422
19920425
19920428
19920430
19920503
19920506
19920508
19920511
19920514
19920516
19920519
19920521
19920524
19920527
19920529
19920601
19920604
19920606
19920609
19920611
19920614
19920617
19920619
19920622
19920625
19920627
19920630
19920702
19920705
19920708
19920710
19920713
19920716
19920718
19920721
19920723
19920726
19920729
19920731
19920803
19920806
19920808
19920811
19920814
19920816
19920819
19920821
19920824
19920827
19920829
19920901
19920904
19920906
19920909
19920911
19920914
19920917
19920919
19920922
19920925
19920927
19920930
19921002
19921005
19921008
19921010
19921013
19921016
19921018
19921021
19921023
19921026
19921029
19921031
19921103
19921106
19921108
19921111
19921114
19921116
19921119
19921121
19921124
19921127
19921129
19921202
19921205
19921207
19921210
19921212
19921215
19921218
19921220
19921223
19921226
19921228
19921231
19930102
19930105
19930108
19930110
19930113
19930116
19930118
19930121
19930123
19930126
19930129
19930131
19930203
19930206
19930208
19930211
19930214
19930216
19930219
19930221
19930224
19930227
19930301
19930304
19930307
19930309
19930312
19930314
19930317
19930320
19930322
19930325
19930328
19930330
19930402
19930404
19930407
19930410
19930412
19930415
19930418
19930420
19930423
19930425
19930428
19930501
19930503
19930506
19930509
19930511
19930514
19930516
19930519
19930522
19930524
19930527
19930530
19930601
19930604
19930606
19930609
19930612
19930614
19930617
19930620
19930622
19930625
19930628
19930630
19930703
19930705
19930708
19930711
19930713
19930716
19930719
19930721
19930724
19930726
19930729
19930801
19930803
19930806
19930809
19930811
19930814
19930816
19930819
19930822
19930824
19930827
19930830
19930901
19930904
19930906
19930909
19930912
19930914
19930917
19930920
19930922
19930925
19930927
19930930
19931003
19931005
19931008
19931011
19931013
19931016
19931019
19931021
19931024
19931026
19931029
19931101
19931103
19931106
19931109
19931111
19931114
19931116
19931119
19931122
19931124
19931127
19931130
19931202
19931205
19931207
19931210
19931213
19931215
19931218
19931221
19931223
19931226
19931229
19931231
19940103
19940105
19940108
19940111
19940113
19940116
19940119
19940121
19940124
19940126
19940129
19940201
19940203
19940206
19940209
19940211
19940214
19940216
19940219
19940222
19940224
19940227
19940302
19940304
19940307
19940310
19940312
19940315
19940317
19940320
19940323
19940325
19940328
19940331
19940402
19940405
19940407
19940410
19940413
19940415
19940418
19940421
19940423
19940426
19940428
19940501
19940504
19940506
19940509
19940512
19940514
19940517
19940519
19940522
19940525
19940527
19940530
19940602
19940604
19940607
19940609
19940612
19940615
19940617
19940620
19940623
19940625
19940628
19940630
19940703
19940706
19940708
19940711
19940714
19940716
19940719
19940721
19940724
19940727
19940729
19940801
19940804
19940806
19940809
19940812
19940814
19940817
19940819
19940822
19940825
19940827
19940830
19940902
19940904
19940907
19940909
19940912
19940915
19940917
19940920
19940923
19940925
19940928
19940930
19941003
19941006
19941008
19941011
19941014
19941016
19941019
19941021
19941024
19941027
19941029
19941101
19941104
19941106
19941109
19941111
19941114
19941117
19941119
19941122
19941125
19941127
19941130
19941202
19941205
19941208
19941210
19941213
19941216
19941218
19941221
19941223
19941226
19941229
19941231
19950103
19950106
19950108
19950111
19950114
19950116
19950119
19950121
19950124
19950127
19950129
19950201
19950204
19950206
19950209
19950211
19950214
19950217
19950219
19950222
19950225
19950227
19950302
19950304
19950307
19950310
19950312
19950315
19950318
19950320
19950323
19950326
19950328
19950331
19950402
19950405
19950408
19950410
19950413
19950416
19950418
19950421
19950423
19950426
19950429
19950501
19950504
19950507
19950509
19950512
19950514
19950517
19950520
19950522
19950525
19950528
19950530
19950602
19950604
19950607
19950610
19950612
19950615
19950618
19950620
19950623
19950625
19950628
19950701
19950703
19950706
19950709
19950711
19950714
19950716
19950719
19950722
19950724
19950727
19950730
19950801
19950804
19950806
19950809
19950812
19950814
19950817
19950820
19950822
19950825
19950827
19950830
19950902
19950904
19950907
19950910
19950912
19950915
19950918
19950920
19950923
19950925
19950928
19951001
19951003
19951006
19951009
19951011
19951014
19951016
19951019
19951022
19951024
19951027
19951030
19951101
19951104
19951106
19951109
19951112
19951114
19951117
19951120
19951122
19951125
19951127
19951130
19951203
19951205
19951208
19951211
19951213
19951216
19951219
19951221
19951224
19951226
19951229
19960101
19960103
19960106
19960109
19960111
19960114
19960116
19960119
19960122
19960124
19960127
19960130
19960201
19960204
19960206
19960209
19960212
19960214
19960217
19960220
19960222
19960225
19960227
19960301
19960304
19960306
19960309
19960312
19960314
19960317
19960319
19960322
19960325
19960327
19960330
19960402
19960404
19960407
19960409
19960412
19960415
19960417
19960420
19960423
19960425
19960428
19960501
19960503
19960506
19960508
19960511
19960514
19960516
19960519
19960522
19960524
19960527
19960529
19960601
19960604
19960606
19960609
19960612
19960614
19960617
19960619
19960622
19960625
19960627
19960630
19960703
19960705
19960708
19960711
19960713
19960716
19960718
19960721
19960724
19960726
19960729
19960801
19960803
19960806
19960808
19960811
19960814
19960816
19960819
19960822
19960824
19960827
19960829
19960901
19960904
19960906
19960909
19960912
19960914
19960917
19960919
19960922
19960925
19960927
19960930
19961003
19961005
19961008
19961011
19961013
19961016
19961018
19961021
19961024
19961026
19961029
19961101
19961103
19961106
19961108
19961111
19961114
19961116
19961119
19961122
19961124
19961127
19961129
19961202
19961205
19961207
19961210
19961213
19961215
19961218
19961220
19961223
19961226
19961228
19961231
19970103
19970105
19970108
19970110
19970113
19970116
19970118
19970121
19970124
19970126
19970129
19970131
19970203
19970206
19970208
19970211
19970214
19970216
19970219
19970222
19970224
19970227
19970301
19970304
19970307
19970309
19970312
19970315
19970317
19970320
19970322
19970325
19970328
19970330
19970402
19970405
19970407
19970410
19970412
19970415
19970418
19970420
19970423
19970426
19970428
19970501
19970503
19970506
19970509
19970511
19970514
19970517
19970519
19970522
19970524
19970527
19970530
19970601
19970604
19970607
19970609
19970612
19970615
19970617
19970620
19970622
19970625
19970628
19970630
19970703
19970706
19970708
19970711
19970713
19970716
19970719
19970721
19970724
19970727
19970729
19970801
19970803
19970806
19970809
19970811
19970814
19970817
19970819
19970822
19970824
19970827
19970830
19970901
19970904
19970907
19970909
19970912
19970914
19970917
19970920
19970922
19970925
19970928
19970930
19971003
19971005
19971008
19971011
19971013
19971016
19971019
19971021
19971024
19971026
19971029
19971101
19971103
19971106
19971109
19971111
19971114
19971117
19971119
19971122
19971124
19971127
19971130
19971202
19971205
19971208
19971210
19971213
19971215
19971218
19971221
19971223
19971226
19971229
19971231
19980103
19980105
19980108
19980111
19980113
19980116
19980119
19980121
19980124
19980126
19980129
19980201
19980203
19980206
19980209
19980211
19980214
19980216
19980219
19980222
19980224
19980227
19980302
19980304
19980307
19980309
19980312
19980315
19980317
19980320
19980323
19980325
19980328
19980331
19980402
19980405
19980407
19980410
19980413
19980415
19980418
19980421
19980423
19980426
19980428
19980501
19980504
19980506
19980509
19980512
19980514
19980517
19980519
19980522
19980525
19980527
19980530
19980602
19980604
19980607
19980609
19980612
19980615
19980617
19980620
19980623
19980625
19980628
19980701
19980703
19980706
19980708
19980711
19980714
19980716
19980719
19980722
19980724
19980727
19980729
19980801
19980802
 the seg index is 916 10419900
10404650
10474950
10449950
10434900
10439900
10474950
10394950
10369950
10404850
10454900
10439700
10484900
10454850
10414800
10429700
10449950
10409900
10429900
10369850
10424900
10484900
10419900
10454850
10474700
10444750
10454800
10364650
10434750
10464950
10479950
10459800
10424800
10469900
10419900
10434750
10384950
10444950
10340451
10414800
10479800
10444700
10384750
10429750
10474800
10464900
10439700
10489850
10434950
10424750
10464850
10449700
10484700
10394800
10464900
10419850
10409750
10409900
10424850
10479950
10449750
10449850
10479850
10449800
10444900
10379900
10429950
10394850
10449700
10379700
10424800
10424950
10444900
10384900
10489900
10484750
10404750
10429950
10469700
10439850
10419700
10434800
10459850
10454750
10449800
10469950
10489700
10484900
10414700
10429750
10474950
10454950
10454950
10489950
10459750
10374800
10434700
10389900
10374850
10439900
10464800
10394650
10439900
10439700
10429750
10434900
10434850
10434750
10474850
10379600
10394850
10374950
10454700
10409850
10364650
10354800
10454900
10469950
10434800
10449700
10459900
10459850
10394850
10375051
10439750
10424950
10399900
10404900
10394850
10469950
10365052
10439900
10474700
10454700
10449700
10464950
10429700
10439850
10424950
10414800
10454850
10429700
10419750
10469850
10429850
10449950
10414750
10434800
10414850
10444900
10449750
10444900
10474700
10384900
10379800
10449850
10404750
10454750
10414750
10429900
10359650
10414800
10409800
10414850
10484750
10349650
10444800
10464950
10464700
10409700
10429900
10449700
10404750
10414950
10409900
10459950
10479750
10379750
10394900
10424950
10464800
10459800
10389800
10389900
10419900
10449950
10454850
10409750
10439900
10449850
10364850
10399650
10364900
10469850
10384803
10419700
10419850
10454800
10469950
10360201
10434750
10484700
10434650
10459800
10484750
10399950
10469700
10424700
10439750
10459950
10444750
10394850
10419850
10414800
10384750
10409800
10429700
10429700
10454850
10454900
10469800
10439750
10464750
10424750
10339600
10419900
10389850
10339850
10494800
10454950
10419950
10444950
10434700
10449700
10464800
10444900
10484950
10459900
10474900
10414700
10379800
10474700
10404850
10419850
10464700
10424700
10429900
10464800
10459950
10469800
10489750
10489700
10424900
10474700
10434850
10419800
10444700
10429850
10439900
10379750
10334850
10434850
10404950
10414950
10464900
10394900
10429650
10449700
10424750
10314750
10459950
10454800
10479750
10449950
10414900
10449950
10479950
10479950
10414850
10384900
10414650
10449800
10414700
10374850
10489800
10459850
10409750
10474750
10449700
10419700
10429750
10419700
10454850
10449750
10399900
10479850
10444950
10464800
10304600
10419700
10439900
10429900
10434800
10424800
10444800
10469900
10469750
10474750
10484700
10379650
10419950
10449750
10429800
10444800
10449950
10375002
10449700
10454950
10464800
10469750
10424800
10479850
10389600
10444900
10439950
10439700
10429900
10464900
10459800
10404900
10469800
10434850
10419800
10459700
10449850
10474900
10469750
10469950
10449850
10389700
10449800
10449750
10414800
10454950
10469850
10414900
10474950
10344850
10424700
10464700
10449900
10439950
10449900
10424950
10459750
10434700
10464800
10469700
10449900
10479900
10469750
10384900
10464950
10429850
10439750
10464950
10444850
10429900
10474950
10449850
10334600
10409650
10369700
10454850
10409850
10394800
10474950
10409750
10459850
10439750
10399850
10419850
10439700
10484800
10414750
10389750
10474800
10474700
10404700
10484900
10389750
10454700
10449800
10479750
10454800
10419700
10449900
10379950
10429850
10384650
10444800
10424950
10379800
10424850
10404850
10404650
10419950
10469950
10434700
10464900
10384950
10424850
10409800
10444700
10479900
10439800
10424850
10409750
10469900
10484800
10454950
10344800
10459700
10419850
10454800
10464950
10459700
10494850
10474850
10474800
10424750
10444900
10439950
10439900
10444750
10434900
10374952
10464950
10365102
10469750
10469850
10389700
10479900
10399900
10419700
10429800
10454750
10449750
10399700
10389650
10414850
10414750
10414950
10459950
10454850
10449750
10454900
10444750
10419800
10414750
10370052
10474900
10474800
10449800
10454850
10419950
10399900
10404800
10479850
10484900
10404850
10379700
10434700
10434800
10454750
10389850
10404850
10444850
10424700
10459950
10404700
10429950
10355251
10369750
10404700
10404800
10424900
10439650
10394800
10439800
10469750
10434950
10454850
10419750
10449750
10379750
10429700
10449850
10474900
10389750
10434850
10434800
10459950
10384800
10419750
10449900
10479900
10469950
10454750
10474700
10434650
10414850
10449900
10454900
10484850
10434700
10429850
10429900
10429750
10449950
10404650
10444850
10375101
10419900
10459850
10449800
10464850
10444850
10409850
10434750
10454700
10389700
10414950
10444950
10444750
10384650
10469950
10454750
10469750
10444950
10459850
10424900
10444750
10404850
10409650
10414950
10365250
10469900
10469800
10404700
10454750
10459800
10424800
10414900
10414800
10409850
10494750
10464900
10429950
10459850
10414850
10439900
10404800
10429650
10479800
10449850
10479900
10449800
10454950
10454750
10404900
10404800
10389700
10434900
10439850
10454800
10469700
10399850
10484750
10444750
10419800
10379800
10439750
10469950
10414700
10479800
10424700
10474700
10364700
10474800
10459900
10444750
10454850
10429700
10454750
10449750
10439700
10355301
10424950
10454850
10379850
10419900
10439700
10479700
10439800
10464950
10419900
10469850
10419950
10389850
10459850
10374650
10429750
10379650
10394850
10444950
10399850
10439800
10404800
10414950
10419850
10439800
10434950
10439750
10369800
10399800
10469800
10429850
10449800
10459800
10369900
10444750
10414650
10474850
10484800
10454800
10444700
10474800
10449850
10489800
10469900
10434950
10434900
10409750
10439900
10404700
10409850
10464850
10449900
10434850
10414800
10409700
10444700
10444750
10484850
10384650
10374750
10434750
10464750
10384850
10464800
10454850
10459800
10379700
10434800
10449800
10424750
10439850
10439800
10464800
10374600
10444750
10444900
10389650
10454900
10439800
10444900
10474850
10359650
10404800
10469800
10474850
10399800
10449850
10434700
10464700
10454700
10459750
10444850
10449800
10454800
10474800
10444950
10409850
10329700
10494900
10399750
10404850
10414750
10439700
10444950
10389950
10419800
10454800
10474750
10399800
10454750
10469800
10424700
10454850
10454700
10454750
10399650
10424750
10429850
10444750
10464700
10464850
10409850
10484900
10484700
10479750
10369750
10459750
10449750
10439650
10474750
10419700
10454900
10419750
10429950
10479700
10350202
10464700
10454750
10384750
10444900
10464700
10344750
10419700
10414900
10419900
10374700
10369900
10479950
10479700
10444700
10474800
10494800
10330501
10444700
10484950
10429850
10444850
10449950
10394950
10479700
10454950
10449750
10494900
10454850
10414850
10434900
10429950
10489850
10474700
10439900
10444900
10454800
10394850
10444800
10459950
10404850
10389850
10479750
10444900
10439650
10439700
10389700
10409850
10370052
10449800
10449850
10399700
10464700
10329750
10414650
10394750
10414800
10369800
10389650
10394900
10444800
10484950
10434900
10374750
10394700
10464850
10369600
10409850
10409700
10424700
10394700
10454800
10464950
10484800
10434950
10344750
10389802
10484850
10444700
10409750
10464750
10444900
10414650
10464950
10454750
10404650
10444700
10464700
10454950
10429900
10444900
10454800
10439950
10374650
10359700
10424750
10444750
10459750
10379950
10424900
10384951
10474850
10369750
10369800
10349650
10369600
10434950
10409750
10474950
10424750
10414900
10389900
10414800
10454900
10404900
10459900
10469850
10444750
10414850
10454950
10484850
10444800
10389900
10489750
10449750
10409850
10444950
10454850
10464900
10379800
10439750
10434750
10474950
10429750
10474700
10399800
10474800
10464800
10444850
10424900
10474700
10494750
10464900
10454850
10429900
10449800
10474950
10489750
10449700
10404750
10464850
10474700
10389750
10489700
10414850
10434800
10469750
10494900
10449800
10489950
10489750
10449850
10419800
10479750
10449850
10434950
10354750
10394700
10419900
10429700
10429800
10389650
10464800
10439700
10394650
10469850
10469900
10484850
10394850
10459900
10419650
10374850
10474750
10344600
 the seg index is 916 10
10
10
10
10
10
10
10
10
10
10
10
10
10
10
10
10
10
10
10
10
10
10
10
10
10
10
10
10
10
10
10
10
10
10
10
10
10
10
10
10
10
10
10
10
10
10
10
10
10
10
10
10
10
10
10
10
10
10
10
10
10
10
10
10
10
10
10
10
10
10
10
10
10
10
10
10
10
10
10
10
10
10
10
10
10
10
10
10
10
10
10
10
10
10
10
10
10
10
10
10
10
10
10
10
10
10
10
10
10
10
10
10
10
10
10
10
10
10
10
10
10
10
10
10
10
10
10
10
10
10
10
10
10
10
10
10
10
10
10
10
10
10
10
10
10
10
10
10
10
10
10
10
10
10
10
10
10
10
10
10
10
10
10
10
10
10
10
10
10
10
10
10
10
10
10
10
10
10
10
10
10
10
10
10
10
10
10
10
10
10
10
10
10
10
10
10
10
10
10
10
10
10
10
10
10
10
10
10
10
10
10
10
10
10
10
10
10
10
10
10
10
10
10
10
10
10
10
10
10
10
10
10
10
10
10
10
10
10
10
10
10
10
10
10
10
10
10
10
10
10
10
10
10
10
10
10
10
10
10
10
10
10
10
10
10
10
10
10
10
10
10
10
10
10
10
10
10
10
10
10
10
10
10
10
10
10
10
10
10
10
10
10
10
10
10
10
10
10
10
10
10
10
10
10
10
10
10
10
10
10
10
10
10
10
10
10
10
10
10
10
10
10
10
10
10
10
10
10
10
10
10
10
10
10
10
10
10
10
10
10
10
10
10
10
10
10
10
10
10
10
10
10
10
10
10
10
10
10
10
10
10
10
10
10
10
10
10
10
10
10
10
10
10
10
10
10
10
10
10
10
10
10
10
10
10
10
10
10
10
10
10
10
10
10
10
10
10
10
10
10
10
10
10
10
10
10
10
10
10
10
10
10
10
10
10
10
10
10
10
10
10
10
10
10
10
10
10
10
10
10
10
10
10
10
10
10
10
10
10
10
10
10
10
10
10
10
10
10
10
10
10
10
10
10
10
10
10
10
10
10
10
10
10
10
10
10
10
10
10
10
10
10
10
10
10
10
10
10
10
10
10
10
10
10
10
10
10
10
10
10
10
10
10
10
10
10
10
10
10
10
10
10
10
10
10
10
10
10
10
10
10
10
10
10
10
10
10
10
10
10
10
10
10
10
10
10
10
10
10
10
10
10
10
10
10
10
10
10
10
10
10
10
10
10
10
10
10
10
10
10
10
10
10
10
10
10
10
10
10
10
10
10
10
10
10
10
10
10
10
10
10
10
10
10
10
10
10
10
10
10
10
10
10
10
10
10
10
10
10
10
10
10
10
10
10
10
10
10
10
10
10
10
10
10
10
10
10
10
10
10
10
10
10
10
10
10
10
10
10
10
10
10
10
10
10
10
10
10
10
10
10
10
10
10
10
10
10
10
10
10
10
10
10
10
10
10
10
10
10
10
10
10
10
10
10
10
10
10
10
10
10
10
10
10
10
10
10
10
10
10
10
10
10
10
10
10
10
10
10
10
10
10
10
10
10
10
10
10
10
10
10
10
10
10
10
10
10
10
10
10
10
10
10
10
10
10
10
10
10
10
10
10
10
10
10
10
10
10
10
10
10
10
10
10
10
10
10
10
10
10
10
10
10
10
10
10
10
10
10
10
10
10
10
10
10
10
10
10
10
10
10
10
10
10
10
10
10
10
10
10
10
10
10
10
10
10
10
10
10
10
10
10
10
10
10
10
10
10
10
10
10
10
10
10
10
10
10
10
10
10
10
10
10
10
10
10
10
10
10
10
10
10
10
10
10
10
10
10
10
10
10
10
10
10
10
10
10
10
10
10
10
10
10
10
10
10
10
10
10
10
10
10
10
10
10
10
10
10
10
10
10
10
10
10
10
10
10
10
10
10
10
10
10
10
10
10
10
10
10
10
10
10
10
10
10
10
10
10
10
10
10
10
10
10
10
10
10
10
10
10
10
10
10
10
10
10
10
10
10
10
10
10
10
10
10
10
10
10
10
10
10
10
10
10
10
10
10
10
10
10
10
10
10
10
10
 the seg index is 916 50
50
50
50
50
50
50
50
50
50
50
50
50
50
50
50
50
50
50
50
50
50
50
50
50
50
50
50
50
50
50
50
50
50
50
50
50
50
50
50
50
50
50
50
50
50
50
50
50
50
50
50
50
50
50
50
50
50
50
50
50
50
50
50
50
50
50
50
50
50
50
50
50
50
50
50
50
50
50
50
50
50
50
50
50
50
50
50
50
50
50
50
50
50
50
50
50
50
50
50
50
50
50
50
50
50
50
50
50
50
50
50
50
50
50
50
50
50
50
50
50
50
50
50
50
50
50
50
50
50
50
50
50
50
50
50
50
50
50
50
50
50
50
50
50
50
50
50
50
50
50
50
50
50
50
50
50
50
50
50
50
50
50
50
50
50
50
50
50
50
50
50
50
50
50
50
50
50
50
50
50
50
50
50
50
50
50
50
50
50
50
50
50
50
50
50
50
50
50
50
50
50
50
50
50
50
50
50
50
50
50
50
50
50
50
50
50
50
50
50
50
50
50
50
50
50
50
50
50
50
50
50
50
50
50
50
50
50
50
50
50
50
50
50
50
50
50
50
50
50
50
50
50
50
50
50
50
50
50
50
50
50
50
50
50
50
50
50
50
50
50
50
50
50
50
50
50
50
50
50
50
50
50
50
50
50
50
50
50
50
50
50
50
50
50
50
50
50
50
50
50
50
50
50
50
50
50
50
50
50
50
50
50
50
50
50
50
50
50
50
50
50
50
50
50
50
50
50
50
50
50
50
50
50
50
50
50
50
50
50
50
50
50
50
50
50
50
50
50
50
50
50
50
50
50
50
50
50
50
50
50
50
50
50
50
50
50
50
50
50
50
50
50
50
50
50
50
50
50
50
50
50
50
50
50
50
50
50
50
50
50
50
50
50
50
50
50
50
50
50
50
50
50
50
50
50
50
50
50
50
50
50
50
50
50
50
50
50
50
50
50
50
50
50
50
50
50
50
50
50
50
50
50
50
50
50
50
50
50
50
50
50
50
50
50
50
50
50
50
50
50
50
50
50
50
50
50
50
50
50
50
50
50
50
50
50
50
50
50
50
50
50
50
50
50
50
50
50
50
50
50
50
50
50
50
50
50
50
50
50
50
50
50
50
50
50
50
50
50
50
50
50
50
50
50
50
50
50
50
50
50
50
50
50
50
50
50
50
50
50
50
50
50
50
50
50
50
50
50
50
50
50
50
50
50
50
50
50
50
50
50
50
50
50
50
50
50
50
50
50
50
50
50
50
50
50
50
50
50
50
50
50
50
50
50
50
50
50
50
50
50
50
50
50
50
50
50
50
50
50
50
50
50
50
50
50
50
50
50
50
50
50
50
50
50
50
50
50
50
50
50
50
50
50
50
50
50
50
50
50
50
50
50
50
50
50
50
50
50
50
50
50
50
50
50
50
50
50
50
50
50
50
50
50
50
50
50
50
50
50
50
50
50
50
50
50
50
50
50
50
50
50
50
50
50
50
50
50
50
50
50
50
50
50
50
50
50
50
50
50
50
50
50
50
50
50
50
50
50
50
50
50
50
50
50
50
50
50
50
50
50
50
50
50
50
50
50
50
50
50
50
50
50
50
50
50
50
50
50
50
50
50
50
50
50
50
50
50
50
50
50
50
50
50
50
50
50
50
50
50
50
50
50
50
50
50
50
50
50
50
50
50
50
50
50
50
50
50
50
50
50
50
50
50
50
50
50
50
50
50
50
50
50
50
50
50
50
50
50
50
50
50
50
50
50
50
50
50
50
50
50
50
50
50
50
50
50
50
50
50
50
50
50
50
50
50
50
50
50
50
50
50
50
50
50
50
50
50
50
50
50
50
50
50
50
50
50
50
50
50
50
50
50
50
50
50
50
50
50
50
50
50
50
50
50
50
50
50
50
50
50
50
50
50
50
50
50
50
50
50
50
50
50
50
50
50
50
50
50
50
50
50
50
50
50
50
50
50
50
50
50
50
50
50
50
50
50
50
50
50
50
50
50
50
50
50
50
50
50
50
50
50
50
50
50
50
50
50
50
50
50
50
50
50
50
50
50
50
50
50
50
50
50
50
50
50
 the seg index is 916 10489850
10479950
10474950
10469850
10489900
10464750
10479700
10484750
10469900
10474850
10489950
10464750
10484900
10494900
10474950
10489800
10479750
10494750
10479800
10494900
10484700
10484900
10489750
10484750
10474700
10474950
10484750
10489950
10484850
10489900
10479950
10464850
10464850
10489800
10489850
10469700
10469950
10449750
10454800
10479850
10484900
10484900
10479850
10489850
10474850
10479800
10474950
10489850
10489900
10484850
10479700
10479800
10489850
10489800
10469850
10474950
10479950
10484700
10484850
10479950
10494950
10489900
10479850
10459750
10474900
10489900
10479750
10459900
10489950
10484950
10484850
10464900
10469800
10469950
10489900
10494750
10494700
10479850
10479850
10484900
10469900
10479850
10479900
10474900
10474900
10484950
10489700
10494850
10479850
10469950
10484900
10474900
10469750
10489950
10484950
10474900
10474700
10464850
10489900
10479900
10479900
10489850
10484700
10494800
10484800
10474750
10484950
10484850
10479700
10494950
10489950
10469950
10494700
10494950
10479850
10464850
10489850
10484750
10474800
10459800
10479800
10494800
10489800
10479850
10464750
10484800
10464700
10479900
10479800
10479950
10479950
10484950
10484850
10479950
10469850
10489700
10489950
10464800
10484850
10484950
10469750
10484900
10474900
10469850
10479950
10474900
10474750
10489750
10484750
10489750
10459950
10479700
10474700
10474950
10464900
10484800
10469800
10479950
10484900
10479800
10484700
10469950
10479700
10474750
10489700
10484900
10464850
10469950
10469850
10484800
10489900
10489750
10474950
10444950
10469900
10479700
10494950
10494850
10479900
10484950
10484900
10459800
10484750
10474750
10479700
10474700
10484750
10494700
10489900
10484950
10489800
10469750
10479950
10474800
10489700
10489900
10469850
10464900
10479850
10489700
10484850
10489700
10489800
10469850
10484900
10469800
10479950
10459750
10474950
10479800
10479900
10459950
10484950
10489950
10474950
10479800
10464900
10464950
10469800
10489950
10484800
10474700
10494700
10484950
10494900
10479700
10484700
10489900
10494800
10479700
10469900
10494950
10479900
10484900
10474950
10469900
10489900
10459900
10474900
10479750
10449900
10489900
10484750
10464750
10474950
10479950
10484750
10469900
10494900
10489800
10489750
10489700
10479950
10474700
10474850
10494900
10489950
10484750
10489950
10484950
10474750
10479900
10489850
10489700
10474950
10454700
10449950
10484750
10484900
10484900
10459950
10484950
10479750
10489900
10479900
10479900
10479950
10489800
10469850
10464750
10489750
10479700
10484850
10484750
10489800
10489900
10494900
10474900
10489850
10494750
10479950
10494700
10484750
10474750
10474750
10479850
10479750
10494900
10484700
10474900
10484950
10489900
10479850
10484900
10479800
10469900
10489800
10494700
10484700
10479900
10474850
10469900
10474900
10494750
10469950
10494950
10464950
10474700
10469700
10489950
10474950
10484850
10459750
10474950
10479850
10469900
10464950
10494700
10484850
10484950
10484900
10469900
10479900
10474800
10459850
10474900
10469750
10474950
10484950
10479900
10479950
10484700
10479850
10474700
10484700
10479850
10474950
10459950
10484900
10474950
10479850
10484900
10474950
10494900
10474900
10484900
10484750
10469700
10474950
10489950
10474800
10484750
10484900
10474750
10494800
10479850
10464900
10494750
10474950
10494750
10489700
10479850
10479750
10494800
10469800
10489750
10474950
10479900
10469700
10479700
10469900
10484700
10479850
10489950
10464750
10489950
10494950
10474700
10489850
10484900
10479800
10489700
10469750
10479850
10489800
10489900
10479850
10479850
10479950
10474850
10484800
10489750
10459800
10469950
10464950
10479750
10479950
10474950
10494800
10489900
10484800
10474700
10479750
10474850
10479900
10479700
10484950
10494950
10474800
10494700
10459700
10489700
10484850
10474950
10464950
10484800
10469800
10494850
10489750
10479900
10484850
10489950
10479950
10474900
10454850
10474950
10479750
10484750
10469800
10474750
10494950
10484950
10479900
10484900
10474850
10484950
10474850
10474900
10484700
10474700
10494800
10489850
10479950
10484900
10474900
10479950
10469850
10479950
10484850
10489950
10489850
10479800
10474800
10484750
10484700
10469800
10474700
10479900
10489800
10484900
10474750
10484800
10479800
10484750
10494850
10479750
10484800
10489750
10494700
10479700
10469850
10469850
10479850
10489700
10469950
10494700
10489800
10474900
10489900
10469700
10479750
10484950
10469850
10474750
10494700
10469900
10474800
10479950
10489800
10494800
10484700
10469700
10484850
10484800
10479950
10479850
10479900
10469950
10474850
10484950
10494750
10484800
10479850
10484900
10484850
10479750
10469700
10454850
10489700
10489800
10484850
10474850
10484900
10469700
10484850
10479750
10484850
10494700
10489950
10474850
10479750
10479900
10459900
10474750
10469750
10479850
10479900
10459900
10489800
10464700
10479950
10484950
10479850
10494950
10479750
10474950
10469950
10469900
10474800
10494950
10454750
10489950
10484750
10484700
10459950
10474800
10494750
10474850
10459850
10474950
10479750
10474800
10474850
10489900
10479800
10464700
10479900
10484700
10469750
10479750
10454900
10479950
10484800
10469750
10474900
10494950
10489750
10494900
10484750
10479800
10484950
10469900
10449750
10489700
10479700
10479800
10484900
10474700
10484850
10479800
10469750
10489950
10459750
10474850
10459700
10479750
10469950
10489950
10469900
10479900
10479800
10489700
10484750
10479700
10474950
10494700
10479700
10479750
10479850
10484800
10474700
10484850
10479750
10479750
10494850
10494800
10489950
10479950
10469950
10489750
10484950
10479950
10489700
10469900
10489850
10474950
10479950
10454700
10484750
10489850
10479800
10484850
10489700
10474850
10489850
10484800
10474950
10479750
10469950
10489800
10479900
10474850
10479900
10484850
10474950
10479750
10469950
10474950
10479950
10479700
10484850
10484800
10484700
10479700
10489700
10484800
10494850
10484900
10489850
10479850
10484900
10484750
10459800
10449850
10484900
10479800
10494900
10459950
10474750
10484950
10449900
10479700
10469950
10489700
10459850
10484850
10479850
10484950
10474950
10474850
10474950
10474850
10489900
10489850
10464700
10489850
10494900
10489950
10479900
10474700
10479950
10474800
10479850
10454800
10469800
10494900
10489700
10479850
10494900
10484700
10484900
10484900
10464800
10474700
10489800
10489850
10494950
10489850
10474950
10489700
10474800
10479950
10484700
10489700
10479700
10464900
10489700
10494900
10489750
10484900
10484700
10489950
10484800
10479850
10494850
10474950
10489850
10479900
10479800
10479950
10484800
10484900
10484950
10474700
10489900
10494750
10479750
10474750
10454850
10494950
10484750
10464950
10474700
10469900
10479950
10489800
10484950
10484850
10494800
10484750
10489750
10494850
10469750
10489900
10474850
10459750
10484950
10489750
10489750
10494900
10479800
10479700
10479950
10484800
10489850
10474700
10484750
10484750
10479850
10484900
10479700
10469950
10474950
10484950
10479800
10489800
10474700
10484950
10489800
10489750
10484850
10469800
10484750
10489750
10464950
10464950
10484700
10489850
10464850
10469900
10484750
10489900
10489800
10484950
10464700
10494950
10444850
10489700
10489700
10469900
10489900
10494750
10474950
10474850
10489950
10484800
10474800
10479950
10494750
10494700
10484700
10494800
10494950
10464750
10484850
10479900
10454750
10464900
10479950
10464750
10484950
10474750
10474850
10484750
10469950
10474850
10494750
10469900
10459700
10459750
10489950
10484700
10489850
10479800
10469850
10479750
10489700
10484900
10469750
10494750
10489750
10489800
10484950
10479850
10474750
10494850
10479700
10464850
10489850
10479700
10464750
10474850
10484850
10469900
10494850
10489750
10479750
10494900
10469700
10464800
10489950
10474850
10459900
10484800
10479900
10479750
10489700
10489900
10474800
10479750
10469950
10489900
10474850
10494750
10484900
10489900
10484800
10479900
10474950
10489750
10474800
10484800
10464900
10474700
10464700
10494950
10469950
10494850
10489800
10494900
10469800
10489950
10489750
10494850
10489800
10484900
10479700
10474950
10469900
10474900
10479800
10479850
10494850
10489750
10489900
10484800
10489800
10479800
10474850
10484850
10479950
10479900
10489800
10469950
10489950
10479800
 the seg index is 916 125939
125938
125938
125938
125939
125937
125938
125939
125937
125939
125938
125938
125939
125939
125939
125939
125938
125937
125939
125939
125939
125939
125939
125939
125938
125938
125939
125939
125937
125938
125938
125939
125939
125938
125939
125939
125938
125939
125938
125939
125938
125939
125939
125938
125939
125938
125939
125939
125938
125939
125938
125939
125938
125939
125938
125939
125938
125938
125938
125939
125939
125939
125939
125938
125938
125938
125939
125937
125938
125939
125939
125938
125938
125939
125939
125938
125937
125937
125939
125938
125939
125939
125939
125937
125938
125938
125937
125938
125939
125939
125939
125939
125939
125939
125939
125939
125938
125939
125939
125939
125938
125937
125938
125939
125939
125938
125939
125936
125938
125939
125939
125938
125938
125939
125938
125938
125939
125938
125939
125938
125939
125939
125939
125938
125938
125938
125939
125939
125938
125939
125938
125938
125938
125937
125938
125939
125939
125939
125938
125939
125939
125938
125938
125939
125939
125939
125939
125938
125939
125939
125938
125939
125938
125939
125939
125939
125939
125939
125939
125938
125938
125938
125939
125938
125938
125939
125939
125938
125939
125939
125937
125939
125939
125939
125938
125939
125939
125938
125936
125939
125939
125939
125937
125939
125939
125939
125938
125939
125938
125939
125937
125939
125938
125939
125939
125939
125939
125938
125939
125939
125937
125938
125938
125939
125938
125939
125939
125939
125938
125939
125939
125938
125939
125939
125939
125939
125938
125937
125939
125938
125939
125938
125938
125939
125938
125938
125939
125939
125937
125937
125938
125939
125939
125939
125939
125939
125938
125939
125938
125939
125939
125939
125938
125938
125937
125938
125938
125939
125939
125939
125937
125938
125939
125938
125938
125938
125939
125938
125938
125939
125938
125939
125939
125938
125939
125939
125939
125939
125939
125939
125939
125939
125938
125938
125938
125938
125939
125939
125939
125938
125939
125938
125938
125939
125938
125939
125938
125939
125939
125939
125938
125939
125939
125937
125939
125938
125939
125939
125938
125938
125939
125939
125939
125939
125939
125937
125938
125939
125938
125938
125938
125938
125938
125937
125939
125939
125938
125938
125939
125938
125937
125938
125939
125939
125938
125938
125939
125939
125939
125939
125939
125938
125938
125939
125939
125939
125939
125939
125937
125939
125939
125939
125939
125938
125938
125938
125939
125939
125938
125939
125938
125939
125938
125938
125939
125938
125938
125938
125939
125939
125937
125938
125938
125939
125939
125939
125939
125939
125938
125939
125938
125938
125939
125938
125938
125939
125937
125939
125939
125939
125938
125939
125939
125939
125939
125937
125939
125939
125939
125938
125938
125939
125938
125937
125939
125939
125939
125939
125939
125938
125939
125939
125938
125938
125937
125939
125939
125938
125938
125938
125938
125939
125938
125938
125939
125939
125938
125939
125938
125938
125938
125939
125938
125939
125939
125939
125939
125938
125939
125939
125939
125939
125937
125939
125939
125939
125939
125939
125939
125939
125939
125939
125939
125939
125938
125939
125937
125937
125939
125938
125939
125939
125939
125937
125939
125938
125939
125939
125938
125938
125938
125939
125939
125938
125939
125938
125939
125939
125938
125939
125939
125938
125879
125939
125939
125939
125939
125939
125939
125937
125937
125938
125938
125938
125939
125938
125938
125939
125939
125939
125939
125939
125938
125939
125938
125939
125939
125939
125938
125938
125938
125939
125939
125939
125939
125939
125939
125939
125939
125939
125939
125939
125939
125939
125939
125939
125939
125939
125939
125939
125938
125939
125938
125938
125938
125939
125879
125939
125938
125939
125939
125939
125939
125939
125939
125938
125939
125939
125938
125939
125938
125939
125938
125939
125939
125939
125938
125939
125939
125939
125939
125938
125938
125938
125939
125939
125939
125938
125939
125939
125939
125939
125938
125939
125939
125939
125939
125939
125939
125939
125939
125939
125939
125939
125939
125939
125939
125939
125939
125939
125938
125938
125938
125938
125938
125939
125939
125938
125939
125937
125939
125938
125938
125938
125938
125939
125939
125938
125939
125938
125938
125938
125938
125938
125939
125939
125939
125939
125939
125939
125938
125939
125939
125936
125939
125938
125939
125939
125939
125939
125939
125938
125939
125939
125939
125939
125939
125939
125938
125939
125939
125938
125939
125938
125938
125939
125938
125937
125939
125939
125938
125939
125939
125939
125938
125939
125939
125939
125939
125939
125939
125938
125938
125939
125938
125939
125938
125939
125938
125938
125938
125939
125937
125939
125939
125938
125939
125936
125938
125939
125939
125939
125939
125939
125939
125939
125939
125939
125939
125939
125938
125938
125938
125938
125938
125938
125939
125939
125937
125938
125939
125939
125939
125939
125938
125938
125939
125939
125938
125939
125939
125939
125938
125938
125939
125939
125939
125939
125939
125939
125938
125938
125939
125939
125939
125938
125938
125939
125938
125939
125939
125939
125939
125938
125938
125939
125938
125938
125939
125939
125938
125938
125939
125938
125938
125939
125939
125938
125938
125939
125939
125939
125938
125939
125938
125939
125939
125939
125939
125938
125939
125939
125939
125938
125939
125939
125938
125938
125937
125939
125938
125939
125938
125939
125939
125939
125939
125938
125938
125937
125939
125938
125939
125938
125938
125939
125939
125938
125939
125938
125938
125939
125938
125939
125939
125938
125938
125939
125937
125939
125939
125938
125938
125939
125938
125939
125939
125938
125938
125938
125939
125939
125938
125939
125939
125937
125939
125938
125938
125938
125938
125939
125939
125939
125936
125939
125939
125938
125938
125939
125939
125939
125939
125938
125938
125938
125937
125938
125939
125938
125937
125939
125939
125938
125938
125939
125939
125937
125939
125939
125938
125939
125938
125939
125939
125938
125938
125938
125939
125939
125939
125939
125939
125939
125939
125939
125939
125939
125938
125938
125939
125938
125939
125939
125939
125939
125939
125939
125939
125939
125937
125938
125938
125937
125938
125938
125938
125939
125939
125939
125939
125939
125938
125939
125938
125939
125939
125938
125938
125938
125938
125939
125938
125939
125939
125939
125939
125939
125939
125938
125938
125939
125938
125938
125939
125937
125939
125939
125939
125938
125938
125938
125939
125939
125938
125936
 the seg index is 916 1048576
2097152
3145728
4194304
5242880
6291456
7340032
8388608
9437184
10485760
11534336
12582912
13631488
14680064
15728640
16777216
17825792
18874368
19922944
20971520
22020096
23068672
24117248
25165824
26214400
27262976
28311552
29360128
30408704
31457280
32505856
33554432
34603008
35651584
36700160
37748736
38797312
39845888
40894464
41943040
42991616
44040192
45088768
46137344
47185920
48234496
49283072
50331648
51380224
52428800
53477376
54525952
55574528
56623104
57671680
58720256
59768832
60817408
61865984
62914560
63963136
65011712
66060288
67108864
68157440
69206016
70254592
71303168
72351744
73400320
74448896
75497472
76546048
77594624
78643200
79691776
80740352
81788928
82837504
83886080
84934656
85983232
87031808
88080384
89128960
90177536
91226112
92274688
93323264
94371840
95420416
96468992
97517568
98566144
99614720
100663296
101711872
102760448
103809024
104857600
105906176
106954752
108003328
109051904
110100480
111149056
112197632
113246208
114294784
115343360
116391936
117440512
118489088
119537664
120586240
121634816
122683392
123731968
124780544
125829120
126877696
127926272
128974848
130023424
131072000
132120576
133169152
134217728
135266304
136314880
137363456
138412032
139460608
140509184
141557760
142606336
143654912
144703488
145752064
146800640
147849216
148897792
149946368
150994944
152043520
153092096
154140672
155189248
156237824
157286400
157824740
 the seg index is 151 0
0
0
0
0
0
0
0
0
0
0
0
0
0
0
0
0
0
0
0
0
0
0
0
0
0
0
0
0
0
0
0
0
0
0
0
0
0
0
0
0
0
0
0
0
0
0
0
0
0
0
0
0
0
0
0
0
0
0
0
0
0
0
0
0
0
0
0
0
0
0
0
0
0
0
0
0
0
0
0
0
0
0
0
0
0
0
0
0
0
0
0
0
0
0
0
0
0
0
0
0
0
0
0
0
0
0
0
0
0
0
0
0
0
0
0
0
0
0
0
0
0
0
0
0
0
0
0
0
0
0
0
0
0
0
0
0
0
0
0
0
0
0
0
0
0
0
0
0
0
0
 the seg index is 151 0
0
0
0
0
0
0
0
0
0
0
0
0
0
0
0
0
0
0
0
0
0
0
0
0
0
0
0
0
0
0
0
0
0
0
0
0
0
0
0
0
0
0
0
0
0
0
0
0
0
0
0
0
0
0
0
0
0
0
0
0
0
0
0
0
0
0
0
0
0
0
0
0
0
0
0
0
0
0
0
0
0
0
0
0
0
0
0
0
0
0
0
0
0
0
0
0
0
0
0
0
0
0
0
0
0
0
0
0
0
0
0
0
0
0
0
0
0
0
0
0
0
0
0
0
0
0
0
0
0
0
0
0
0
0
0
0
0
0
0
0
0
0
0
0
0
0
0
0
0
0
 the seg index is 151 0
0
0
0
0
0
0
0
0
0
0
0
0
0
0
0
0
0
0
0
0
0
0
0
0
0
0
0
0
0
0
0
0
0
0
0
0
0
0
0
0
0
0
0
0
0
0
0
0
0
0
0
0
0
0
0
0
0
0
0
0
0
0
0
0
0
0
0
0
0
0
0
0
0
0
0
0
0
0
0
0
0
0
0
0
0
0
0
0
0
0
0
0
0
0
0
0
0
0
0
0
0
0
0
0
0
0
0
0
0
0
0
0
0
0
0
0
0
0
0
0
0
0
0
0
0
0
0
0
0
0
0
0
0
0
0
0
0
0
0
0
0
0
0
0
0
0
0
0
0
0
 the seg index is 151 320000
 the seg index is 1 24
 the seg index is 1 4
 the seg index is 1 249
 the seg index is 1 1048576
2097152
3145728
4194304
5242880
6291456
7340032
8388608
9437184
10485760
11534336
12582912
13631488
14680064
15728640
16777216
17825792
18874368
19922944
20971520
22020096
23068672
24117248
25165824
26214400
27262976
28311552
29360128
30408704
31457280
32505856
33554432
34603008
35651584
36700160
37748736
38797312
39845888
40894464
41943040
42991616
44040192
45088768
46137344
47185920
48234496
49283072
50331648
51380224
52428800
53477376
54525952
55574528
56623104
57671680
58720256
59768832
60817408
61865984
62914560
63963136
65011712
66060288
67108864
68157440
69206016
70254592
71303168
72351744
73400320
74448896
75497472
76546048
77594624
78643200
79691776
80740352
81788928
82837504
83886080
84934656
85983232
87031808
88080384
89128960
90177536
91226112
92274688
93323264
94371840
95420416
96468992
97517568
98566144
99614720
100663296
101711872
102760448
103809024
104857600
105906176
106954752
108003328
109051904
110100480
111149056
112197632
113246208
114294784
115343360
116391936
117440512
118489088
119537664
120586240
121634816
122683392
123731968
124780544
125829120
126877696
127926272
128974848
130023424
131072000
132120576
133169152
134217728
135266304
136314880
137363456
138412032
139460608
140509184
141557760
142606336
143654912
144703488
145752064
146800640
147849216
148897792
149946368
150994944
152043520
153092096
154140672
155189248
156237824
157286400
158334976
159383552
160000000
 the seg index is 153 0
0
0
0
0
0
0
0
0
0
0
0
0
0
0
0
0
0
0
0
0
0
0
0
0
0
0
0
0
0
0
0
0
0
0
0
0
0
0
0
0
0
0
0
0
0
0
0
0
0
0
0
0
0
0
0
0
0
0
0
0
0
0
0
0
0
0
0
0
0
0
0
0
0
0
0
0
0
0
0
0
0
0
0
0
0
0
0
0
0
0
0
0
0
0
0
0
0
0
0
0
0
0
0
0
0
0
0
0
0
0
0
0
0
0
0
0
0
0
0
0
0
0
0
0
0
0
0
0
0
0
0
0
0
0
0
0
0
0
0
0
0
0
0
0
0
0
0
0
0
0
0
0
 the seg index is 153 0
0
0
0
0
0
0
0
0
0
0
0
0
0
0
0
0
0
0
0
0
0
0
0
0
0
0
0
0
0
0
0
0
0
0
0
0
0
0
0
0
0
0
0
0
0
0
0
0
0
0
0
0
0
0
0
0
0
0
0
0
0
0
0
0
0
0
0
0
0
0
0
0
0
0
0
0
0
0
0
0
0
0
0
0
0
0
0
0
0
0
0
0
0
0
0
0
0
0
0
0
0
0
0
0
0
0
0
0
0
0
0
0
0
0
0
0
0
0
0
0
0
0
0
0
0
0
0
0
0
0
0
0
0
0
0
0
0
0
0
0
0
0
0
0
0
0
0
0
0
0
0
0
 the seg index is 153 0
0
0
0
0
0
0
0
0
0
0
0
0
0
0
0
0
0
0
0
0
0
0
0
0
0
0
0
0
0
0
0
0
0
0
0
0
0
0
0
0
0
0
0
0
0
0
0
0
0
0
0
0
0
0
0
0
0
0
0
0
0
0
0
0
0
0
0
0
0
0
0
0
0
0
0
0
0
0
0
0
0
0
0
0
0
0
0
0
0
0
0
0
0
0
0
0
0
0
0
0
0
0
0
0
0
0
0
0
0
0
0
0
0
0
0
0
0
0
0
0
0
0
0
0
0
0
0
0
0
0
0
0
0
0
0
0
0
0
0
0
0
0
0
0
0
0
0
0
0
0
0
0
 the seg index is 153 21027250
22075826
23124402
24172978
25221554
26270130
27318706
28367282
29415858
30464434
31513010
32561586
33610162
34658738
35707314
36755890
37804466
38853042
39901618
40950194
41998770
43047346
44095922
45144498
46193074
47241650
48290226
49338802
50387378
51435954
52484530
53533106
54581682
55630258
56678834
57727410
58775986
59824562
60873138
61921714
62970290
64018866
65067442
66116018
67164594
68213170
69261746
70310322
71358898
72407474
73456050
74504626
75553202
76601778
77650354
78698930
79747506
80796082
81844658
82893234
83941810
84990386
86038962
87087538
88136114
89184690
90233266
91281842
92330418
93378994
94427570
95476146
96524722
97573298
98621874
99670450
100719026
101767602
102816178
103864754
104913330
105961906
107010482
108059058
109107634
110156210
111204786
112253362
113301938
114350514
115399090
116447666
117496242
118544818
119593394
120641970
121690546
122739122
123787698
124836274
125884850
126933426
127982002
129030578
130079154
131127730
132176306
133224882
134273458
135322034
136370610
137419186
138467762
139516338
140564914
141613490
142662066
143710642
144759218
145807794
146856370
147904946
148953522
150002098
151050674
152099250
153147826
154196402
155244978
156293554
157342130
158390706
159439282
160487858
161536434
162585010
163633586
164682162
165730738
166779314
167827890
168876466
169925042
170973618
172022194
173070770
174119346
175167922
176216498
177265074
178313650
179362226
180410802
181459378
182507954
183556530
184605106
185653682
186702258
187750834
188799410
189847986
190896562
191945138
192993714
194042290
195090866
196139442
197188018
198236594
199285170
200333746
201382322
202430898
203479474
204528050
205576626
206625202
207673778
208722354
209770930
210819506
211868082
212916658
213965234
215013810
216062386
217110962
218159538
219208114
220256690
221305266
222353842
223402418
224450994
225499570
226548146
227596722
228645298
229693874
230742450
231791026
232839602
233888178
234936754
235985330
237033906
238082482
239131058
240179634
241228210
242276786
243325362
244373938
245422514
246471090
247519666
248568242
249616818
250665394
251713970
252762546
253811122
254859698
255908274
256956850
258005426
259054002
260102578
261151154
262199730
263248306
264296882
265345458
266394034
267442610
268491186
269539762
270588338
271636914
272685490
273734066
274782642
275578674
 the seg index is 244 1998
0
0
0
0
0
0
0
0
0
0
0
0
0
0
0
0
0
0
0
0
0
0
0
0
0
0
0
0
0
0
0
0
0
0
0
0
0
0
0
0
0
0
0
0
0
0
0
0
0
0
0
0
0
0
0
0
0
0
0
0
0
0
0
0
0
0
0
0
0
0
0
0
0
0
0
0
0
0
0
0
0
0
0
0
0
0
0
0
0
0
0
0
0
0
0
0
0
0
0
0
0
0
0
0
0
0
0
0
0
0
0
0
0
0
0
0
0
0
0
0
0
0
0
0
0
0
0
0
0
0
0
0
0
0
0
0
0
0
0
0
0
0
0
0
0
0
0
0
0
0
0
0
0
0
0
0
0
0
0
0
0
0
0
0
0
0
0
0
0
0
0
0
0
0
0
0
0
0
0
0
0
0
0
0
0
0
0
0
0
0
0
0
0
0
0
0
0
0
0
0
0
0
0
0
0
0
0
0
0
0
0
0
0
0
0
0
0
0
0
0
0
0
0
0
0
0
0
0
0
0
0
0
0
0
0
0
0
0
0
0
0
0
0
 the seg index is 244 199812
0
0
0
0
0
0
0
0
0
0
0
0
0
0
0
0
0
0
0
0
0
0
0
0
0
0
0
0
0
0
0
0
0
0
0
0
0
0
0
0
0
0
0
0
0
0
0
0
0
0
0
0
0
0
0
0
0
0
0
0
0
0
0
0
0
0
0
0
0
0
0
0
0
0
0
0
0
0
0
0
0
0
0
0
0
0
0
0
0
0
0
0
0
0
0
0
0
0
0
0
0
0
0
0
0
0
0
0
0
0
0
0
0
0
0
0
0
0
0
0
0
0
0
0
0
0
0
0
0
0
0
0
0
0
0
0
0
0
0
0
0
0
0
0
0
0
0
0
0
0
0
0
0
0
0
0
0
0
0
0
0
0
0
0
0
0
0
0
0
0
0
0
0
0
0
0
0
0
0
0
0
0
0
0
0
0
0
0
0
0
0
0
0
0
0
0
0
0
0
0
0
0
0
0
0
0
0
0
0
0
0
0
0
0
0
0
0
0
0
0
0
0
0
0
0
0
0
0
0
0
0
0
0
0
0
0
0
0
0
0
0
0
0
 the seg index is 244 
Select Options:
1. Run Specific Query
2. Run Random Queries
3. Run Experiment
4. Replacement
5. Dump Trace
6. Exit
cache. Cache Specific Column
clear. Delete Columns from GPU
custom. Toggle custom malloc
skipping. Toggle segment skipping
Your Input: How many queries per  epoch (20 epoch in total): Replacement Policy: Warmup
22

 Query: 22 1 19981231
Query Prepare Time: 2218.51
 Query Prepare Time using cpu 2.21848

Query Optimization Time: 2.32858

s_suppkey
sg = 0
Filter Build Kernel time CPU: 1.281024 d_datekey
sg = 0
Filter Build Kernel time CPU: 57.633793 Build time 65.3947
Probe Group Kernel time CPU: 96.555901 sg = 0 non demand time = 96.5888
Probe time 96.6667
Merge time 0.510272
Result:
Res count = 0
Query Execution Time: 164.629
CPU Time: 155.471
GPU Time: 0
Transfer Time: 0
Malloc Time: 0.010944

42

 Query: 42 19970101 19981231
Query Prepare Time: 42.3651
 Query Prepare Time using cpu 0.042362

Query Optimization Time: 1.67117

s_suppkey
sg = 0
Filter Build Kernel time CPU: 0.193536 p_partkey
sg = 0
Filter Build Kernel time CPU: 18.768929 d_datekey
sg = 0
Filter Build Kernel time CPU: 0.038912 Build time 19.1693
Probe Group Kernel time CPU: 33.212418 sg = 0 non demand time = 33.2361
Probe time 33.319
Merge time 0.019968
Result:
Res count = 0
Query Execution Time: 52.5812
CPU Time: 52.2138
GPU Time: 0
Transfer Time: 0
Malloc Time: 0.003264

13

 Query: 13 19940204 19940210
Query Prepare Time: 0.111072
 Query Prepare Time using cpu 0.00010848

Query Optimization Time: 1.56877

d_datekey
sg = 0
Filter Build Kernel time CPU: 0.108544 Build time 0.144384
Filter Probe Aggr Kernel time CPU: 0.382048 sg = 0 non demand time = 0.396128
Probe time 0.433152
Merge time 0.001856
Result:
Res count = 0
Query Execution Time: 0.716896
CPU Time: 0.490592
GPU Time: 0
Transfer Time: 0
Malloc Time: 0.003936

11

 Query: 11 19930101 19931231
Query Prepare Time: 0.093824
 Query Prepare Time using cpu 9.25064e-05

Query Optimization Time: 1.5145

d_datekey
sg = 0
Filter Build Kernel time CPU: 0.113664 Build time 0.14336
Filter Probe Aggr Kernel time CPU: 10.227712 sg = 0 non demand time = 10.2492
Probe time 10.3301
Merge time 0.004
Result:
Res count = 0
Query Execution Time: 10.561
CPU Time: 10.3414
GPU Time: 0
Transfer Time: 0
Malloc Time: 0.00288

42

 Query: 42 19970101 19981231
Query Prepare Time: 43.5004
 Query Prepare Time using cpu 0.0434971

Query Optimization Time: 1.68768

s_suppkey
sg = 0
Filter Build Kernel time CPU: 0.199680 p_partkey
sg = 0
Filter Build Kernel time CPU: 18.386944 d_datekey
sg = 0
Filter Build Kernel time CPU: 0.096256 Build time 18.8641
Probe Group Kernel time CPU: 33.229824 sg = 0 non demand time = 33.2492
Probe time 33.3087
Merge time 0.020128
Result:
Res count = 0
Query Execution Time: 52.2726
CPU Time: 51.9127
GPU Time: 0
Transfer Time: 0
Malloc Time: 0.004064

23

 Query: 23 1 19981231
Query Prepare Time: 56.3677
 Query Prepare Time using cpu 0.0563004

Query Optimization Time: 1.69882

s_suppkey
sg = 0
Filter Build Kernel time CPU: 0.225216 d_datekey
sg = 0
Filter Build Kernel time CPU: 25.306911 Build time 25.6379
Probe Group Kernel time CPU: 95.996834 sg = 0 non demand time = 96.0317
Probe time 96.1064
Merge time 0.47008
Result:
Res count = 0
Query Execution Time: 124.363
CPU Time: 121.529
GPU Time: 0
Transfer Time: 0
Malloc Time: 0.004096

31

 Query: 31 19920101 19971231
Query Prepare Time: 21.1293
 Query Prepare Time using cpu 0.0211256

Query Optimization Time: 1.65293

s_suppkey
sg = 0
Filter Build Kernel time CPU: 0.187392 d_datekey
sg = 0
Filter Build Kernel time CPU: 0.046016 Build time 0.301056
Probe Group Kernel time CPU: 121.683037 sg = 0 non demand time = 121.715
Probe time 121.808
Merge time 0.025376
Result:
Res count = 0
Query Execution Time: 122.226
CPU Time: 121.916
GPU Time: 0
Transfer Time: 0
Malloc Time: 0.00496

12

 Query: 12 19940101 19940131
Query Prepare Time: 0.450912
 Query Prepare Time using cpu 0.000447512

Query Optimization Time: 2.0623

d_datekey
sg = 0
Filter Build Kernel time CPU: 0.116736 Build time 0.164992
Filter Probe Aggr Kernel time CPU: 1.203168 sg = 0 non demand time = 1.21549
Probe time 1.29741
Merge time 0.002272
Result:
Res count = 0
Query Execution Time: 1.67386
CPU Time: 1.3199
GPU Time: 0
Transfer Time: 0
Malloc Time: 0.008224

13

 Query: 13 19940204 19940210
Query Prepare Time: 0.161664
 Query Prepare Time using cpu 0.000159025

Query Optimization Time: 1.93958

d_datekey
sg = 0
Filter Build Kernel time CPU: 0.125952 Build time 0.166912
Filter Probe Aggr Kernel time CPU: 0.393216 sg = 0 non demand time = 0.406528
Probe time 0.445568
Merge time 0.001888
Result:
Res count = 0
Query Execution Time: 0.670624
CPU Time: 0.519168
GPU Time: 0
Transfer Time: 0
Malloc Time: 0.006048

23

 Query: 23 1 19981231
Query Prepare Time: 99.713
 Query Prepare Time using cpu 0.0996475

Query Optimization Time: 2.36032

s_suppkey
sg = 0
Filter Build Kernel time CPU: 0.284800 d_datekey
sg = 0
Filter Build Kernel time CPU: 25.732096 Build time 26.1408
Probe Group Kernel time CPU: 99.458046 sg = 0 non demand time = 99.4888
Probe time 99.5849
Merge time 0.721888
Result:
Res count = 0
Query Execution Time: 128.53
CPU Time: 125.475
GPU Time: 0
Transfer Time: 0
Malloc Time: 0.004128

34

 Query: 34 19971201 19971231
Query Prepare Time: 40.5138
 Query Prepare Time using cpu 0.0405006

Query Optimization Time: 2.21594

s_suppkey
sg = 0
Filter Build Kernel time CPU: 0.197632 d_datekey
sg = 0
Filter Build Kernel time CPU: 0.056128 Build time 0.33792
Probe Group Kernel time CPU: 1.490944 sg = 0 non demand time = 1.50835
Probe time 1.54112
Merge time 0.256448
Result:
Res count = 0
Query Execution Time: 2.63184
CPU Time: 1.7447
GPU Time: 0
Transfer Time: 0
Malloc Time: 0.00752

31

 Query: 31 19920101 19971231
Query Prepare Time: 40.1708
 Query Prepare Time using cpu 0.0401664

Query Optimization Time: 2.16474

s_suppkey
sg = 0
Filter Build Kernel time CPU: 0.258048 d_datekey
sg = 0
Filter Build Kernel time CPU: 0.054272 Build time 0.392192
Probe Group Kernel time CPU: 121.550819 sg = 0 non demand time = 121.574
Probe time 121.655
Merge time 0.026144
Result:
Res count = 0
Query Execution Time: 122.155
CPU Time: 121.863
GPU Time: 0
Transfer Time: 0
Malloc Time: 0.006496

33

 Query: 33 19920101 19971231
Query Prepare Time: 43.314
 Query Prepare Time using cpu 0.0432994

Query Optimization Time: 2.26406

s_suppkey
sg = 0
Filter Build Kernel time CPU: 0.194688 d_datekey
sg = 0
Filter Build Kernel time CPU: 0.053248 Build time 0.329728
Probe Group Kernel time CPU: 66.603004 sg = 0 non demand time = 66.6276
Probe time 66.7034
Merge time 0.176832
Result:
Res count = 0
Query Execution Time: 67.7129
CPU Time: 66.8509
GPU Time: 0
Transfer Time: 0
Malloc Time: 0.005024

34

 Query: 34 19971201 19971231
Query Prepare Time: 44.3828
 Query Prepare Time using cpu 0.0443692

Query Optimization Time: 2.23539

s_suppkey
sg = 0
Filter Build Kernel time CPU: 0.197792 d_datekey
sg = 0
Filter Build Kernel time CPU: 0.051104 Build time 0.319488
Probe Group Kernel time CPU: 1.434624 sg = 0 non demand time = 1.4521
Probe time 1.48982
Merge time 0.565312
Result:
Res count = 0
Query Execution Time: 2.8599
CPU Time: 1.68352
GPU Time: 0
Transfer Time: 0
Malloc Time: 0.003136

42

 Query: 42 19970101 19981231
Query Prepare Time: 78.7156
 Query Prepare Time using cpu 0.0787089

Query Optimization Time: 2.29296

s_suppkey
sg = 0
Filter Build Kernel time CPU: 0.296800 p_partkey
sg = 0
Filter Build Kernel time CPU: 20.145216 d_datekey
sg = 0
Filter Build Kernel time CPU: 0.075776 Build time 20.7134
Probe Group Kernel time CPU: 41.035873 sg = 0 non demand time = 41.0624
Probe time 41.1351
Merge time 0.022368
Result:
Res count = 0
Query Execution Time: 61.9579
CPU Time: 61.5537
GPU Time: 0
Transfer Time: 0
Malloc Time: 0.006048

13

 Query: 13 19940204 19940210
Query Prepare Time: 0.16
 Query Prepare Time using cpu 0.000156403

Query Optimization Time: 2.02646

d_datekey
sg = 0
Filter Build Kernel time CPU: 0.152416 Build time 0.192576
Filter Probe Aggr Kernel time CPU: 0.475136 sg = 0 non demand time = 0.488448
Probe time 0.519168
Merge time 0.002016
Result:
Res count = 0
Query Execution Time: 0.773024
CPU Time: 0.627552
GPU Time: 0
Transfer Time: 0
Malloc Time: 0.007008

42

 Query: 42 19970101 19981231
Query Prepare Time: 78.37
 Query Prepare Time using cpu 0.0783634

Query Optimization Time: 2.30195

s_suppkey
sg = 0
Filter Build Kernel time CPU: 0.624640 p_partkey
sg = 0
Filter Build Kernel time CPU: 21.392384 d_datekey
sg = 0
Filter Build Kernel time CPU: 0.115712 Build time 22.3108
Probe Group Kernel time CPU: 43.580318 sg = 0 non demand time = 43.604
Probe time 43.6991
Merge time 0.025184
Result:
Res count = 0
Query Execution Time: 66.1153
CPU Time: 65.7131
GPU Time: 0
Transfer Time: 0
Malloc Time: 0.004896

42

 Query: 42 19970101 19981231
Query Prepare Time: 68.9204
 Query Prepare Time using cpu 0.0689144

Query Optimization Time: 2.29376

s_suppkey
sg = 0
Filter Build Kernel time CPU: 0.260096 p_partkey
sg = 0
Filter Build Kernel time CPU: 19.647488 d_datekey
sg = 0
Filter Build Kernel time CPU: 0.132096 Build time 20.226
Probe Group Kernel time CPU: 41.348095 sg = 0 non demand time = 41.3901
Probe time 41.473
Merge time 0.02528
Result:
Res count = 0
Query Execution Time: 61.813
CPU Time: 61.3878
GPU Time: 0
Transfer Time: 0
Malloc Time: 0.006816

32

 Query: 32 19920101 19971231
Query Prepare Time: 38.0077
 Query Prepare Time using cpu 0.0379944

Query Optimization Time: 2.25382

s_suppkey
sg = 0
Filter Build Kernel time CPU: 0.247968 d_datekey
sg = 0
Filter Build Kernel time CPU: 0.065536 Build time 0.396288
Probe Group Kernel time CPU: 106.169342 sg = 0 non demand time = 106.197
Probe time 106.285
Merge time 0.16848
Result:
Res count = 0
Query Execution Time: 107.348
CPU Time: 106.483
GPU Time: 0
Transfer Time: 0
Malloc Time: 0.004768

11

 Query: 11 19930101 19931231
Query Prepare Time: 0.325184
 Query Prepare Time using cpu 0.000321388

Query Optimization Time: 2.15552

d_datekey
sg = 0
Filter Build Kernel time CPU: 0.108576 Build time 0.159904
Filter Probe Aggr Kernel time CPU: 10.278912 sg = 0 non demand time = 10.2953
Probe time 10.3434
Merge time 0.003104
Result:
Res count = 0
Query Execution Time: 10.5727
CPU Time: 10.3875
GPU Time: 0
Transfer Time: 0
Malloc Time: 0.004576

22

 Query: 22 1 19981231
Query Prepare Time: 101.273
 Query Prepare Time using cpu 0.101206

Query Optimization Time: 2.30688

s_suppkey
sg = 0
Filter Build Kernel time CPU: 0.267104 d_datekey
sg = 0
Filter Build Kernel time CPU: 25.781248 Build time 26.1673
Probe Group Kernel time CPU: 99.413055 sg = 0 non demand time = 99.4437
Probe time 99.5226
Merge time 0.48944
Result:
Res count = 0
Query Execution Time: 128.271
CPU Time: 125.461
GPU Time: 0
Transfer Time: 0
Malloc Time: 0.006272

13

 Query: 13 19940204 19940210
Query Prepare Time: 0.349152
 Query Prepare Time using cpu 0.000345469

Query Optimization Time: 2.04294

d_datekey
sg = 0
Filter Build Kernel time CPU: 0.123904 Build time 0.16992
Filter Probe Aggr Kernel time CPU: 0.377856 sg = 0 non demand time = 0.38912
Probe time 0.422912
Merge time 0.002016
Result:
Res count = 0
Query Execution Time: 0.661344
CPU Time: 0.50176
GPU Time: 0
Transfer Time: 0
Malloc Time: 0.005344

21

 Query: 21 1 19981231
Query Prepare Time: 99.0491
 Query Prepare Time using cpu 0.0989869

Query Optimization Time: 2.33779

s_suppkey
sg = 0
Filter Build Kernel time CPU: 0.245760 p_partkey
sg = 0
Filter Build Kernel time CPU: 16.153601 d_datekey
sg = 0
Filter Build Kernel time CPU: 21.729280 Build time 38.3693
Probe Group Kernel time CPU: 21732.667969 sg = 0 non demand time = 21732.7
Probe time 21732.9
Merge time 0.507488
Result:
Res count = 0
Query Execution Time: 21773.8
CPU Time: 21770.8
GPU Time: 0
Transfer Time: 0
Malloc Time: 0.004288

12

 Query: 12 19940101 19940131
Query Prepare Time: 0.318496
 Query Prepare Time using cpu 0.000315428

Query Optimization Time: 2.06438

d_datekey
sg = 0
Filter Build Kernel time CPU: 0.124960 Build time 0.159744
Filter Probe Aggr Kernel time CPU: 1.213440 sg = 0 non demand time = 1.2247
Probe time 1.26464
Merge time 0.00208
Result:
Res count = 0
Query Execution Time: 1.48618
CPU Time: 1.3384
GPU Time: 0
Transfer Time: 0
Malloc Time: 0.00416

23

 Query: 23 1 19981231
Query Prepare Time: 98.7675
 Query Prepare Time using cpu 0.0987012

Query Optimization Time: 2.28352

s_suppkey
sg = 0
Filter Build Kernel time CPU: 0.516096 d_datekey
sg = 0
Filter Build Kernel time CPU: 26.527744 Build time 27.1596
Probe Group Kernel time CPU: 105.843712 sg = 0 non demand time = 105.877
Probe time 106.118
Merge time 0.492896
Result:
Res count = 0
Query Execution Time: 135.92
CPU Time: 132.888
GPU Time: 0
Transfer Time: 0
Malloc Time: 0.004672

12

 Query: 12 19940101 19940131
Query Prepare Time: 0.18496
 Query Prepare Time using cpu 0.000182867

Query Optimization Time: 2.05424

d_datekey
sg = 0
Filter Build Kernel time CPU: 0.118784 Build time 0.163968
Filter Probe Aggr Kernel time CPU: 1.224704 sg = 0 non demand time = 1.24211
Probe time 1.27386
Merge time 0.001952
Result:
Res count = 0
Query Execution Time: 1.50682
CPU Time: 1.34349
GPU Time: 0
Transfer Time: 0
Malloc Time: 0.004128

43

 Query: 43 19970101 19981231
Query Prepare Time: 75.8326
 Query Prepare Time using cpu 0.0757763

Query Optimization Time: 2.24246

s_suppkey
sg = 0
Filter Build Kernel time CPU: 0.241664 d_datekey
sg = 0
Filter Build Kernel time CPU: 0.060416 Build time 0.395264
Probe Group Kernel time CPU: 29.256704 sg = 0 non demand time = 29.2865
Probe time 29.3571
Merge time 0.432704
Result:
Res count = 0
Query Execution Time: 31.986
CPU Time: 29.5588
GPU Time: 0
Transfer Time: 0
Malloc Time: 0.00576

33

 Query: 33 19920101 19971231
Query Prepare Time: 39.937
 Query Prepare Time using cpu 0.039922

Query Optimization Time: 2.27328

s_suppkey
sg = 0
Filter Build Kernel time CPU: 0.179200 d_datekey
sg = 0
Filter Build Kernel time CPU: 0.045056 Build time 0.300032
Probe Group Kernel time CPU: 72.732445 sg = 0 non demand time = 72.7585
Probe time 72.8515
Merge time 0.16496
Result:
Res count = 0
Query Execution Time: 73.8106
CPU Time: 72.9567
GPU Time: 0
Transfer Time: 0
Malloc Time: 0.005152

12

 Query: 12 19940101 19940131
Query Prepare Time: 0.419488
 Query Prepare Time using cpu 0.000415802

Query Optimization Time: 1.97018

d_datekey
sg = 0
Filter Build Kernel time CPU: 0.122880 Build time 0.16896
Filter Probe Aggr Kernel time CPU: 1.305600 sg = 0 non demand time = 1.31789
Probe time 1.40902
Merge time 0.002496
Result:
Res count = 0
Query Execution Time: 1.72518
CPU Time: 1.42848
GPU Time: 0
Transfer Time: 0
Malloc Time: 0.005248

43

 Query: 43 19970101 19981231
Query Prepare Time: 79.9975
 Query Prepare Time using cpu 0.0799417

Query Optimization Time: 2.27437

s_suppkey
sg = 0
Filter Build Kernel time CPU: 0.245824 d_datekey
sg = 0
Filter Build Kernel time CPU: 0.057344 Build time 0.389344
Probe Group Kernel time CPU: 29.078432 sg = 0 non demand time = 29.1012
Probe time 29.1789
Merge time 0.433216
Result:
Res count = 0
Query Execution Time: 31.7891
CPU Time: 29.3816
GPU Time: 0
Transfer Time: 0
Malloc Time: 0.003392

41

 Query: 41 19920101 19981231
Query Prepare Time: 77.0031
 Query Prepare Time using cpu 0.0769982

Query Optimization Time: 2.36032

s_suppkey
sg = 0
Filter Build Kernel time CPU: 0.221184 p_partkey
sg = 0
Filter Build Kernel time CPU: 16.327583 d_datekey
sg = 0
Filter Build Kernel time CPU: 41.261055 Build time 58.0516
Probe Group Kernel time CPU: 131.965958 sg = 0 non demand time = 131.999
Probe time 132.099
Merge time 0.005568
Result:
Res count = 0
Query Execution Time: 190.263
CPU Time: 189.776
GPU Time: 0
Transfer Time: 0
Malloc Time: 0.00784

23

 Query: 23 1 19981231
Query Prepare Time: 101.279
 Query Prepare Time using cpu 0.101214

Query Optimization Time: 2.30912

s_suppkey
sg = 0
Filter Build Kernel time CPU: 0.246784 d_datekey
sg = 0
Filter Build Kernel time CPU: 25.643007 Build time 25.9973
Probe Group Kernel time CPU: 99.270531 sg = 0 non demand time = 99.3013
Probe time 99.3833
Merge time 0.501984
Result:
Res count = 0
Query Execution Time: 127.952
CPU Time: 125.16
GPU Time: 0
Transfer Time: 0
Malloc Time: 0.00448

41

 Query: 41 19920101 19981231
Query Prepare Time: 75.3729
 Query Prepare Time using cpu 0.0753679

Query Optimization Time: 2.35619

s_suppkey
sg = 0
Filter Build Kernel time CPU: 0.233472 p_partkey
sg = 0
Filter Build Kernel time CPU: 15.968256 d_datekey
sg = 0
Filter Build Kernel time CPU: 41.239552 Build time 57.6809
Probe Group Kernel time CPU: 138.612701 sg = 0 non demand time = 138.641
Probe time 138.769
Merge time 0.007872
Result:
Res count = 0
Query Execution Time: 196.628
CPU Time: 196.054
GPU Time: 0
Transfer Time: 0
Malloc Time: 0.005216

43

 Query: 43 19970101 19981231
Query Prepare Time: 77.9914
 Query Prepare Time using cpu 0.0779328

Query Optimization Time: 2.27226

s_suppkey
sg = 0
Filter Build Kernel time CPU: 0.178176 d_datekey
sg = 0
Filter Build Kernel time CPU: 0.050144 Build time 0.314336
Probe Group Kernel time CPU: 26.941568 sg = 0 non demand time = 26.968
Probe time 27.0469
Merge time 0.467072
Result:
Res count = 0
Query Execution Time: 29.637
CPU Time: 27.1699
GPU Time: 0
Transfer Time: 0
Malloc Time: 0.00624

33

 Query: 33 19920101 19971231
Query Prepare Time: 39.1977
 Query Prepare Time using cpu 0.0391836

Query Optimization Time: 2.24666

s_suppkey
sg = 0
Filter Build Kernel time CPU: 0.180160 d_datekey
sg = 0
Filter Build Kernel time CPU: 0.051200 Build time 0.316416
Probe Group Kernel time CPU: 67.497986 sg = 0 non demand time = 67.5246
Probe time 67.6076
Merge time 0.174368
Result:
Res count = 0
Query Execution Time: 68.6054
CPU Time: 67.7293
GPU Time: 0
Transfer Time: 0
Malloc Time: 0.005408

42

 Query: 42 19970101 19981231
Query Prepare Time: 78.8045
 Query Prepare Time using cpu 0.0787988

Query Optimization Time: 2.26099

s_suppkey
sg = 0
Filter Build Kernel time CPU: 0.238592 p_partkey
sg = 0
Filter Build Kernel time CPU: 18.916321 d_datekey
sg = 0
Filter Build Kernel time CPU: 0.047104 Build time 19.4346
Probe Group Kernel time CPU: 34.315266 sg = 0 non demand time = 34.3447
Probe time 34.433
Merge time 0.02784
Result:
Res count = 0
Query Execution Time: 53.9824
CPU Time: 53.5173
GPU Time: 0
Transfer Time: 0
Malloc Time: 0.002848

22

 Query: 22 1 19981231
Query Prepare Time: 101.01
 Query Prepare Time using cpu 0.100944

Query Optimization Time: 2.28563

s_suppkey
sg = 0
Filter Build Kernel time CPU: 0.262144 d_datekey
sg = 0
Filter Build Kernel time CPU: 25.637888 Build time 26.0147
Probe Group Kernel time CPU: 105.620483 sg = 0 non demand time = 105.653
Probe time 105.763
Merge time 0.707456
Result:
Res count = 0
Query Execution Time: 134.584
CPU Time: 131.521
GPU Time: 0
Transfer Time: 0
Malloc Time: 0.003296

12

 Query: 12 19940101 19940131
Query Prepare Time: 0.413088
 Query Prepare Time using cpu 0.000407696

Query Optimization Time: 1.96621

d_datekey
sg = 0
Filter Build Kernel time CPU: 0.116736 Build time 0.161856
Filter Probe Aggr Kernel time CPU: 1.363968 sg = 0 non demand time = 1.37626
Probe time 1.41907
Merge time 0.002048
Result:
Res count = 0
Query Execution Time: 1.64906
CPU Time: 1.4807
GPU Time: 0
Transfer Time: 0
Malloc Time: 0.00896

43

 Query: 43 19970101 19981231
Query Prepare Time: 75.4544
 Query Prepare Time using cpu 0.0753977

Query Optimization Time: 2.23846

s_suppkey
sg = 0
Filter Build Kernel time CPU: 0.194464 d_datekey
sg = 0
Filter Build Kernel time CPU: 0.067680 Build time 0.3584
Probe Group Kernel time CPU: 26.836992 sg = 0 non demand time = 26.8616
Probe time 26.9486
Merge time 0.45792
Result:
Res count = 0
Query Execution Time: 29.5538
CPU Time: 27.0991
GPU Time: 0
Transfer Time: 0
Malloc Time: 0.004096

32

 Query: 32 19920101 19971231
Query Prepare Time: 39.4652
 Query Prepare Time using cpu 0.0394528

Query Optimization Time: 2.24154

s_suppkey
sg = 0
Filter Build Kernel time CPU: 0.208896 d_datekey
sg = 0
Filter Build Kernel time CPU: 0.055296 Build time 0.344064
Probe Group Kernel time CPU: 103.608322 sg = 0 non demand time = 103.63
Probe time 103.701
Merge time 0.171584
Result:
Res count = 0
Query Execution Time: 104.78
CPU Time: 103.873
GPU Time: 0
Transfer Time: 0
Malloc Time: 0.00304

34

 Query: 34 19971201 19971231
Query Prepare Time: 44.0721
 Query Prepare Time using cpu 0.0440581

Query Optimization Time: 2.23642

s_suppkey
sg = 0
Filter Build Kernel time CPU: 0.196608 d_datekey
sg = 0
Filter Build Kernel time CPU: 0.057408 Build time 0.336896
Probe Group Kernel time CPU: 1.543136 sg = 0 non demand time = 1.55562
Probe time 1.58822
Merge time 0.224256
Result:
Res count = 0
Query Execution Time: 2.64621
CPU Time: 1.79715
GPU Time: 0
Transfer Time: 0
Malloc Time: 0.003968

41

 Query: 41 19920101 19981231
Query Prepare Time: 76.4012
 Query Prepare Time using cpu 0.0763943

Query Optimization Time: 2.35213

s_suppkey
sg = 0
Filter Build Kernel time CPU: 0.261152 p_partkey
sg = 0
Filter Build Kernel time CPU: 16.544928 d_datekey
sg = 0
Filter Build Kernel time CPU: 46.544800 Build time 63.5761
Probe Group Kernel time CPU: 136.262650 sg = 0 non demand time = 136.293
Probe time 136.408
Merge time 0.00624
Result:
Res count = 0
Query Execution Time: 200.109
CPU Time: 199.614
GPU Time: 0
Transfer Time: 0
Malloc Time: 0.005792

11

 Query: 11 19930101 19931231
Query Prepare Time: 0.156448
 Query Prepare Time using cpu 0.000152826

Query Optimization Time: 2.12275

d_datekey
sg = 0
Filter Build Kernel time CPU: 0.397088 Build time 0.438272
Filter Probe Aggr Kernel time CPU: 10.302464 sg = 0 non demand time = 10.322
Probe time 10.3801
Merge time 0.003072
Result:
Res count = 0
Query Execution Time: 10.8952
CPU Time: 10.6996
GPU Time: 0
Transfer Time: 0
Malloc Time: 0.007584

22

 Query: 22 1 19981231
Query Prepare Time: 100.292
 Query Prepare Time using cpu 0.100228

Query Optimization Time: 2.27725

s_suppkey
sg = 0
Filter Build Kernel time CPU: 0.233568 d_datekey
sg = 0
Filter Build Kernel time CPU: 25.457664 Build time 25.8212
Probe Group Kernel time CPU: 105.720703 sg = 0 non demand time = 105.763
Probe time 105.86
Merge time 0.507456
Result:
Res count = 0
Query Execution Time: 134.275
CPU Time: 131.412
GPU Time: 0
Transfer Time: 0
Malloc Time: 0.003456

32

 Query: 32 19920101 19971231
Query Prepare Time: 40.58
 Query Prepare Time using cpu 0.0405667

Query Optimization Time: 2.25894

s_suppkey
sg = 0
Filter Build Kernel time CPU: 0.180224 d_datekey
sg = 0
Filter Build Kernel time CPU: 0.057344 Build time 0.328704
Probe Group Kernel time CPU: 106.057732 sg = 0 non demand time = 106.082
Probe time 106.174
Merge time 0.17616
Result:
Res count = 0
Query Execution Time: 107.252
CPU Time: 106.295
GPU Time: 0
Transfer Time: 0
Malloc Time: 0.006592

11

 Query: 11 19930101 19931231
Query Prepare Time: 0.38432
 Query Prepare Time using cpu 0.00038147

Query Optimization Time: 2.08794

d_datekey
sg = 0
Filter Build Kernel time CPU: 0.115712 Build time 0.150496
Filter Probe Aggr Kernel time CPU: 10.756000 sg = 0 non demand time = 10.7766
Probe time 10.8319
Merge time 0.004288
Result:
Res count = 0
Query Execution Time: 11.0676
CPU Time: 10.8717
GPU Time: 0
Transfer Time: 0
Malloc Time: 0.006368

33

 Query: 33 19920101 19971231
Query Prepare Time: 41.1307
 Query Prepare Time using cpu 0.0411162

Query Optimization Time: 2.27738

s_suppkey
sg = 0
Filter Build Kernel time CPU: 0.189440 d_datekey
sg = 0
Filter Build Kernel time CPU: 0.044224 Build time 0.306176
Probe Group Kernel time CPU: 69.617661 sg = 0 non demand time = 69.6433
Probe time 69.7179
Merge time 0.171712
Result:
Res count = 0
Query Execution Time: 70.7508
CPU Time: 69.8513
GPU Time: 0
Transfer Time: 0
Malloc Time: 0.004672

32

 Query: 32 19920101 19971231
Query Prepare Time: 44.4128
 Query Prepare Time using cpu 0.0443997

Query Optimization Time: 2.25066

s_suppkey
sg = 0
Filter Build Kernel time CPU: 0.205824 d_datekey
sg = 0
Filter Build Kernel time CPU: 0.041984 Build time 0.331968
Probe Group Kernel time CPU: 103.809219 sg = 0 non demand time = 103.833
Probe time 103.904
Merge time 0.27104
Result:
Res count = 0
Query Execution Time: 105.009
CPU Time: 104.057
GPU Time: 0
Transfer Time: 0
Malloc Time: 0.004576

11

 Query: 11 19930101 19931231
Query Prepare Time: 0.36
 Query Prepare Time using cpu 0.000357389

Query Optimization Time: 2.0993

d_datekey
sg = 0
Filter Build Kernel time CPU: 0.103392 Build time 0.136192
Filter Probe Aggr Kernel time CPU: 11.139072 sg = 0 non demand time = 11.1626
Probe time 11.2394
Merge time 0.002464
Result:
Res count = 0
Query Execution Time: 11.4466
CPU Time: 11.2425
GPU Time: 0
Transfer Time: 0
Malloc Time: 0.00336

13

 Query: 13 19940204 19940210
Query Prepare Time: 0.16048
 Query Prepare Time using cpu 0.000157356

Query Optimization Time: 2.00806

d_datekey
sg = 0
Filter Build Kernel time CPU: 0.131072 Build time 0.173024
Filter Probe Aggr Kernel time CPU: 0.405504 sg = 0 non demand time = 0.42
Probe time 0.453632
Merge time 0.004096
Result:
Res count = 0
Query Execution Time: 0.692992
CPU Time: 0.536576
GPU Time: 0
Transfer Time: 0
Malloc Time: 0.0064

34

 Query: 34 19971201 19971231
Query Prepare Time: 41.267
 Query Prepare Time using cpu 0.041254

Query Optimization Time: 2.14221

s_suppkey
sg = 0
Filter Build Kernel time CPU: 0.178176 d_datekey
sg = 0
Filter Build Kernel time CPU: 0.045152 Build time 0.28672
Probe Group Kernel time CPU: 1.447936 sg = 0 non demand time = 1.46102
Probe time 1.50243
Merge time 0.193344
Result:
Res count = 0
Query Execution Time: 2.46912
CPU Time: 1.67126
GPU Time: 0
Transfer Time: 0
Malloc Time: 0.004224

31

 Query: 31 19920101 19971231
Query Prepare Time: 39.8703
 Query Prepare Time using cpu 0.0398655

Query Optimization Time: 2.25498

s_suppkey
sg = 0
Filter Build Kernel time CPU: 0.314368 d_datekey
sg = 0
Filter Build Kernel time CPU: 0.054272 Build time 0.457504
Probe Group Kernel time CPU: 137.620483 sg = 0 non demand time = 137.647
Probe time 137.791
Merge time 0.020704
Result:
Res count = 0
Query Execution Time: 138.347
CPU Time: 137.989
GPU Time: 0
Transfer Time: 0
Malloc Time: 0.006848

32

 Query: 32 19920101 19971231
Query Prepare Time: 42.657
 Query Prepare Time using cpu 0.0426419

Query Optimization Time: 2.26822

s_suppkey
sg = 0
Filter Build Kernel time CPU: 0.190432 d_datekey
sg = 0
Filter Build Kernel time CPU: 0.051136 Build time 0.31232
Probe Group Kernel time CPU: 97.382401 sg = 0 non demand time = 97.4132
Probe time 97.5329
Merge time 0.170848
Result:
Res count = 0
Query Execution Time: 98.5242
CPU Time: 97.624
GPU Time: 0
Transfer Time: 0
Malloc Time: 0.005152

11

 Query: 11 19930101 19931231
Query Prepare Time: 0.324032
 Query Prepare Time using cpu 0.000321627

Query Optimization Time: 2.13283

d_datekey
sg = 0
Filter Build Kernel time CPU: 0.109568 Build time 0.146432
Filter Probe Aggr Kernel time CPU: 10.459936 sg = 0 non demand time = 10.4817
Probe time 10.5708
Merge time 0.004928
Result:
Res count = 0
Query Execution Time: 10.8177
CPU Time: 10.5695
GPU Time: 0
Transfer Time: 0
Malloc Time: 0.003296

33

 Query: 33 19920101 19971231
Query Prepare Time: 41.4188
 Query Prepare Time using cpu 0.0414047

Query Optimization Time: 2.29786

s_suppkey
sg = 0
Filter Build Kernel time CPU: 0.174080 d_datekey
sg = 0
Filter Build Kernel time CPU: 0.049152 Build time 0.298016
Probe Group Kernel time CPU: 66.200577 sg = 0 non demand time = 66.2282
Probe time 66.3071
Merge time 0.177248
Result:
Res count = 0
Query Execution Time: 67.2813
CPU Time: 66.4238
GPU Time: 0
Transfer Time: 0
Malloc Time: 0.003808

43

 Query: 43 19970101 19981231
Query Prepare Time: 80.5733
 Query Prepare Time using cpu 0.080519

Query Optimization Time: 2.2825

s_suppkey
sg = 0
Filter Build Kernel time CPU: 0.252928 d_datekey
sg = 0
Filter Build Kernel time CPU: 0.056096 Build time 0.40336
Probe Group Kernel time CPU: 28.512257 sg = 0 non demand time = 28.5381
Probe time 28.6217
Merge time 0.430784
Result:
Res count = 0
Query Execution Time: 31.2766
CPU Time: 28.8213
GPU Time: 0
Transfer Time: 0
Malloc Time: 0.003008

21

 Query: 21 1 19981231
Query Prepare Time: 101.538
 Query Prepare Time using cpu 0.101472

Query Optimization Time: 2.34598

s_suppkey
sg = 0
Filter Build Kernel time CPU: 0.243744 p_partkey
sg = 0
Filter Build Kernel time CPU: 16.585793 d_datekey
sg = 0
Filter Build Kernel time CPU: 25.521152 Build time 42.6148
Probe Group Kernel time CPU: 21733.001953 sg = 0 non demand time = 21733
Probe time 21733.2
Merge time 0.537312
Result:
Res count = 0
Query Execution Time: 21778.4
CPU Time: 21775.4
GPU Time: 0
Transfer Time: 0
Malloc Time: 0.005568

32

 Query: 32 19920101 19971231
Query Prepare Time: 41.3029
 Query Prepare Time using cpu 0.0412889

Query Optimization Time: 2.34394

s_suppkey
sg = 0
Filter Build Kernel time CPU: 0.212992 d_datekey
sg = 0
Filter Build Kernel time CPU: 0.052224 Build time 0.35744
Probe Group Kernel time CPU: 100.840446 sg = 0 non demand time = 100.863
Probe time 100.941
Merge time 0.166144
Result:
Res count = 0
Query Execution Time: 102.022
CPU Time: 101.106
GPU Time: 0
Transfer Time: 0
Malloc Time: 0.004992

34

 Query: 34 19971201 19971231
Query Prepare Time: 44.1645
 Query Prepare Time using cpu 0.0441504

Query Optimization Time: 2.20147

s_suppkey
sg = 0
Filter Build Kernel time CPU: 0.165888 d_datekey
sg = 0
Filter Build Kernel time CPU: 0.049984 Build time 0.279552
Probe Group Kernel time CPU: 1.605632 sg = 0 non demand time = 1.62496
Probe time 1.68438
Merge time 0.198368
Result:
Res count = 0
Query Execution Time: 2.67107
CPU Time: 1.8215
GPU Time: 0
Transfer Time: 0
Malloc Time: 0.004256

32

 Query: 32 19920101 19971231
Query Prepare Time: 41.3738
 Query Prepare Time using cpu 0.0413589

Query Optimization Time: 2.20154

s_suppkey
sg = 0
Filter Build Kernel time CPU: 0.218112 d_datekey
sg = 0
Filter Build Kernel time CPU: 0.051200 Build time 0.364544
Probe Group Kernel time CPU: 100.253822 sg = 0 non demand time = 100.284
Probe time 100.378
Merge time 0.176096
Result:
Res count = 0
Query Execution Time: 101.436
CPU Time: 100.523
GPU Time: 0
Transfer Time: 0
Malloc Time: 0.006208

31

 Query: 31 19920101 19971231
Query Prepare Time: 42.4402
 Query Prepare Time using cpu 0.0424356

Query Optimization Time: 2.23539

s_suppkey
sg = 0
Filter Build Kernel time CPU: 0.231424 d_datekey
sg = 0
Filter Build Kernel time CPU: 0.048128 Build time 0.362496
Probe Group Kernel time CPU: 121.218048 sg = 0 non demand time = 121.243
Probe time 121.342
Merge time 0.030048
Result:
Res count = 0
Query Execution Time: 121.819
CPU Time: 121.498
GPU Time: 0
Transfer Time: 0
Malloc Time: 0.00496

31

 Query: 31 19920101 19971231
Query Prepare Time: 41.1236
 Query Prepare Time using cpu 0.0411208

Query Optimization Time: 2.24768

s_suppkey
sg = 0
Filter Build Kernel time CPU: 0.250048 d_datekey
sg = 0
Filter Build Kernel time CPU: 0.050176 Build time 0.4096
Probe Group Kernel time CPU: 121.464828 sg = 0 non demand time = 121.491
Probe time 121.589
Merge time 0.026208
Result:
Res count = 0
Query Execution Time: 122.102
CPU Time: 121.765
GPU Time: 0
Transfer Time: 0
Malloc Time: 0.004096

43

 Query: 43 19970101 19981231
Query Prepare Time: 78.7266
 Query Prepare Time using cpu 0.07867

Query Optimization Time: 2.15552

s_suppkey
sg = 0
Filter Build Kernel time CPU: 0.241664 d_datekey
sg = 0
Filter Build Kernel time CPU: 0.054464 Build time 0.376
Probe Group Kernel time CPU: 28.515327 sg = 0 non demand time = 28.542
Probe time 28.6249
Merge time 0.433888
Result:
Res count = 0
Query Execution Time: 31.23
CPU Time: 28.8115
GPU Time: 0
Transfer Time: 0
Malloc Time: 0.003296

31

 Query: 31 19920101 19971231
Query Prepare Time: 36.1874
 Query Prepare Time using cpu 0.0361826

Query Optimization Time: 2.08179

s_suppkey
sg = 0
Filter Build Kernel time CPU: 0.242688 d_datekey
sg = 0
Filter Build Kernel time CPU: 0.050176 Build time 0.362496
Probe Group Kernel time CPU: 123.566017 sg = 0 non demand time = 123.592
Probe time 123.669
Merge time 0.02608
Result:
Res count = 0
Query Execution Time: 124.132
CPU Time: 123.859
GPU Time: 0
Transfer Time: 0
Malloc Time: 0.005952

32

 Query: 32 19920101 19971231
Query Prepare Time: 40.9071
 Query Prepare Time using cpu 0.0408936

Query Optimization Time: 2.08803

s_suppkey
sg = 0
Filter Build Kernel time CPU: 0.211936 d_datekey
sg = 0
Filter Build Kernel time CPU: 0.048128 Build time 0.333728
Probe Group Kernel time CPU: 98.706398 sg = 0 non demand time = 98.7312
Probe time 98.8058
Merge time 0.169824
Result:
Res count = 0
Query Execution Time: 99.8943
CPU Time: 98.9665
GPU Time: 0
Transfer Time: 0
Malloc Time: 0.006688

34

 Query: 34 19971201 19971231
Query Prepare Time: 45.7813
 Query Prepare Time using cpu 0.0457683

Query Optimization Time: 2.29667

s_suppkey
sg = 0
Filter Build Kernel time CPU: 0.215168 d_datekey
sg = 0
Filter Build Kernel time CPU: 0.052224 Build time 0.357504
Probe Group Kernel time CPU: 1.554496 sg = 0 non demand time = 1.57184
Probe time 1.6079
Merge time 0.189984
Result:
Res count = 0
Query Execution Time: 2.65389
CPU Time: 1.82189
GPU Time: 0
Transfer Time: 0
Malloc Time: 0.003552

22

 Query: 22 1 19981231
Query Prepare Time: 101.701
 Query Prepare Time using cpu 0.101636

Query Optimization Time: 2.38906

s_suppkey
sg = 0
Filter Build Kernel time CPU: 0.290624 d_datekey
sg = 0
Filter Build Kernel time CPU: 25.815872 Build time 26.2501
Probe Group Kernel time CPU: 105.683937 sg = 0 non demand time = 105.732
Probe time 105.842
Merge time 0.722624
Result:
Res count = 0
Query Execution Time: 134.907
CPU Time: 131.79
GPU Time: 0
Transfer Time: 0
Malloc Time: 0.004064

43

 Query: 43 19970101 19981231
Query Prepare Time: 81.2907
 Query Prepare Time using cpu 0.0812335

Query Optimization Time: 2.34086

s_suppkey
sg = 0
Filter Build Kernel time CPU: 0.243616 d_datekey
sg = 0
Filter Build Kernel time CPU: 0.054336 Build time 0.401376
Probe Group Kernel time CPU: 29.160448 sg = 0 non demand time = 29.1891
Probe time 29.2772
Merge time 0.451872
Result:
Res count = 0
Query Execution Time: 31.9474
CPU Time: 29.4584
GPU Time: 0
Transfer Time: 0
Malloc Time: 0.005312

42

 Query: 42 19970101 19981231
Query Prepare Time: 79.3802
 Query Prepare Time using cpu 0.0793734

Query Optimization Time: 2.35213

s_suppkey
sg = 0
Filter Build Kernel time CPU: 0.235392 p_partkey
sg = 0
Filter Build Kernel time CPU: 19.551201 d_datekey
sg = 0
Filter Build Kernel time CPU: 0.045056 Build time 20.0387
Probe Group Kernel time CPU: 40.258560 sg = 0 non demand time = 40.2872
Probe time 40.3988
Merge time 0.028512
Result:
Res count = 0
Query Execution Time: 60.5705
CPU Time: 60.0902
GPU Time: 0
Transfer Time: 0
Malloc Time: 0.003136

21

 Query: 21 1 19981231
Query Prepare Time: 105.867
 Query Prepare Time using cpu 0.105803

Query Optimization Time: 2.40435

s_suppkey
sg = 0
Filter Build Kernel time CPU: 0.282624 p_partkey
sg = 0
Filter Build Kernel time CPU: 16.857088 d_datekey
sg = 0
Filter Build Kernel time CPU: 22.781952 Build time 40.1562
Probe Group Kernel time CPU: 21731.896484 sg = 0 non demand time = 21731.9
Probe time 21732.1
Merge time 0.506304
Result:
Res count = 0
Query Execution Time: 21774.8
CPU Time: 21771.8
GPU Time: 0
Transfer Time: 0
Malloc Time: 0.00432

33

 Query: 33 19920101 19971231
Query Prepare Time: 41.274
 Query Prepare Time using cpu 0.0412602

Query Optimization Time: 2.39616

s_suppkey
sg = 0
Filter Build Kernel time CPU: 0.214016 d_datekey
sg = 0
Filter Build Kernel time CPU: 0.054272 Build time 0.365568
Probe Group Kernel time CPU: 66.575523 sg = 0 non demand time = 66.6081
Probe time 66.7087
Merge time 0.167104
Result:
Res count = 0
Query Execution Time: 67.7952
CPU Time: 66.8438
GPU Time: 0
Transfer Time: 0
Malloc Time: 0.005216

34

 Query: 34 19971201 19971231
Query Prepare Time: 45.1226
 Query Prepare Time using cpu 0.0451083

Query Optimization Time: 2.33459

s_suppkey
sg = 0
Filter Build Kernel time CPU: 0.193536 d_datekey
sg = 0
Filter Build Kernel time CPU: 0.067584 Build time 0.336896
Probe Group Kernel time CPU: 1.530880 sg = 0 non demand time = 1.544
Probe time 1.57805
Merge time 0.252672
Result:
Res count = 0
Query Execution Time: 2.65898
CPU Time: 1.792
GPU Time: 0
Transfer Time: 0
Malloc Time: 0.003264

12

 Query: 12 19940101 19940131
Query Prepare Time: 0.411264
 Query Prepare Time using cpu 0.000407457

Query Optimization Time: 1.90259

d_datekey
sg = 0
Filter Build Kernel time CPU: 0.111616 Build time 0.14848
Filter Probe Aggr Kernel time CPU: 1.373184 sg = 0 non demand time = 1.38854
Probe time 1.42125
Merge time 0.00208
Result:
Res count = 0
Query Execution Time: 1.63802
CPU Time: 1.4848
GPU Time: 0
Transfer Time: 0
Malloc Time: 0.008672

41

 Query: 41 19920101 19981231
Query Prepare Time: 78.8623
 Query Prepare Time using cpu 0.0788586

Query Optimization Time: 2.50182

s_suppkey
sg = 0
Filter Build Kernel time CPU: 0.655360 p_partkey
sg = 0
Filter Build Kernel time CPU: 16.775167 d_datekey
sg = 0
Filter Build Kernel time CPU: 45.353790 Build time 62.9934
Probe Group Kernel time CPU: 136.108932 sg = 0 non demand time = 136.151
Probe time 136.248
Merge time 0.006752
Result:
Res count = 0
Query Execution Time: 199.367
CPU Time: 198.893
GPU Time: 0
Transfer Time: 0
Malloc Time: 0.004064

11

 Query: 11 19930101 19931231
Query Prepare Time: 0.170816
 Query Prepare Time using cpu 0.000166893

Query Optimization Time: 2.16678

d_datekey
sg = 0
Filter Build Kernel time CPU: 0.119968 Build time 0.154624
Filter Probe Aggr Kernel time CPU: 10.187776 sg = 0 non demand time = 10.2042
Probe time 10.2656
Merge time 0.00336
Result:
Res count = 0
Query Execution Time: 10.4965
CPU Time: 10.3077
GPU Time: 0
Transfer Time: 0
Malloc Time: 0.005216

41

 Query: 41 19920101 19981231
Query Prepare Time: 79.1069
 Query Prepare Time using cpu 0.0791006

Query Optimization Time: 2.46989

s_suppkey
sg = 0
Filter Build Kernel time CPU: 0.271360 p_partkey
sg = 0
Filter Build Kernel time CPU: 16.046017 d_datekey
sg = 0
Filter Build Kernel time CPU: 40.587265 Build time 57.1259
Probe Group Kernel time CPU: 131.232773 sg = 0 non demand time = 131.263
Probe time 131.372
Merge time 0.0056
Result:
Res count = 0
Query Execution Time: 188.617
CPU Time: 188.137
GPU Time: 0
Transfer Time: 0
Malloc Time: 0.004192

41

 Query: 41 19920101 19981231
Query Prepare Time: 79.5236
 Query Prepare Time using cpu 0.0795205

Query Optimization Time: 2.47994

s_suppkey
sg = 0
Filter Build Kernel time CPU: 0.226304 p_partkey
sg = 0
Filter Build Kernel time CPU: 16.187391 d_datekey
sg = 0
Filter Build Kernel time CPU: 40.413120 Build time 57.0317
Probe Group Kernel time CPU: 131.560455 sg = 0 non demand time = 131.6
Probe time 131.703
Merge time 0.003968
Result:
Res count = 0
Query Execution Time: 188.836
CPU Time: 188.387
GPU Time: 0
Transfer Time: 0
Malloc Time: 0.006336

41

 Query: 41 19920101 19981231
Query Prepare Time: 79.4533
 Query Prepare Time using cpu 0.0794468

Query Optimization Time: 2.53235

s_suppkey
sg = 0
Filter Build Kernel time CPU: 0.260096 p_partkey
sg = 0
Filter Build Kernel time CPU: 16.170080 d_datekey
sg = 0
Filter Build Kernel time CPU: 40.416161 Build time 57.0964
Probe Group Kernel time CPU: 131.596420 sg = 0 non demand time = 131.625
Probe time 131.715
Merge time 0.0056
Result:
Res count = 0
Query Execution Time: 188.966
CPU Time: 188.443
GPU Time: 0
Transfer Time: 0
Malloc Time: 0.006656

31

 Query: 31 19920101 19971231
Query Prepare Time: 38.2034
 Query Prepare Time using cpu 0.0382004

Query Optimization Time: 2.36339

s_suppkey
sg = 0
Filter Build Kernel time CPU: 0.261120 d_datekey
sg = 0
Filter Build Kernel time CPU: 0.074688 Build time 0.42496
Probe Group Kernel time CPU: 121.559906 sg = 0 non demand time = 121.587
Probe time 121.671
Merge time 0.02544
Result:
Res count = 0
Query Execution Time: 122.203
CPU Time: 121.896
GPU Time: 0
Transfer Time: 0
Malloc Time: 0.00352

41

 Query: 41 19920101 19981231
Query Prepare Time: 81.1323
 Query Prepare Time using cpu 0.0811276

Query Optimization Time: 2.44634

s_suppkey
sg = 0
Filter Build Kernel time CPU: 0.242560 p_partkey
sg = 0
Filter Build Kernel time CPU: 16.263201 d_datekey
sg = 0
Filter Build Kernel time CPU: 40.465408 Build time 57.2027
Probe Group Kernel time CPU: 131.201050 sg = 0 non demand time = 131.232
Probe time 131.412
Merge time 0.00576
Result:
Res count = 0
Query Execution Time: 188.739
CPU Time: 188.172
GPU Time: 0
Transfer Time: 0
Malloc Time: 0.003488

12

 Query: 12 19940101 19940131
Query Prepare Time: 0.158784
 Query Prepare Time using cpu 0.00015521

Query Optimization Time: 2.1319

d_datekey
sg = 0
Filter Build Kernel time CPU: 0.115712 Build time 0.15872
Filter Probe Aggr Kernel time CPU: 1.197120 sg = 0 non demand time = 1.21549
Probe time 1.29434
Merge time 0.002208
Result:
Res count = 0
Query Execution Time: 1.64173
CPU Time: 1.31283
GPU Time: 0
Transfer Time: 0
Malloc Time: 0.00608

13

 Query: 13 19940204 19940210
Query Prepare Time: 0.092704
 Query Prepare Time using cpu 9.10759e-05

Query Optimization Time: 2.1257

d_datekey
sg = 0
Filter Build Kernel time CPU: 0.412672 Build time 0.446464
Filter Probe Aggr Kernel time CPU: 0.732160 sg = 0 non demand time = 0.746496
Probe time 0.782336
Merge time 0.001664
Result:
Res count = 0
Query Execution Time: 1.29274
CPU Time: 1.14483
GPU Time: 0
Transfer Time: 0
Malloc Time: 0.003104

22

 Query: 22 1 19981231
Query Prepare Time: 104.566
 Query Prepare Time using cpu 0.1045

Query Optimization Time: 2.44019

s_suppkey
sg = 0
Filter Build Kernel time CPU: 0.239616 d_datekey
sg = 0
Filter Build Kernel time CPU: 25.726976 Build time 26.0987
Probe Group Kernel time CPU: 99.479553 sg = 0 non demand time = 99.5256
Probe time 99.6209
Merge time 0.70176
Result:
Res count = 0
Query Execution Time: 128.572
CPU Time: 125.446
GPU Time: 0
Transfer Time: 0
Malloc Time: 0.0056

33

 Query: 33 19920101 19971231
Query Prepare Time: 41.9524
 Query Prepare Time using cpu 0.0419383

Query Optimization Time: 2.39286

s_suppkey
sg = 0
Filter Build Kernel time CPU: 0.193536 d_datekey
sg = 0
Filter Build Kernel time CPU: 0.049152 Build time 0.328608
Probe Group Kernel time CPU: 66.515968 sg = 0 non demand time = 66.5457
Probe time 66.6511
Merge time 0.17008
Result:
Res count = 0
Query Execution Time: 67.6727
CPU Time: 66.7587
GPU Time: 0
Transfer Time: 0
Malloc Time: 0.00624

13

 Query: 13 19940204 19940210
Query Prepare Time: 0.371776
 Query Prepare Time using cpu 0.000368834

Query Optimization Time: 2.25997

d_datekey
sg = 0
Filter Build Kernel time CPU: 0.109568 Build time 0.146496
Filter Probe Aggr Kernel time CPU: 0.375776 sg = 0 non demand time = 0.390144
Probe time 0.416768
Merge time 0.001888
Result:
Res count = 0
Query Execution Time: 0.631776
CPU Time: 0.485344
GPU Time: 0
Transfer Time: 0
Malloc Time: 0.005344

12

 Query: 12 19940101 19940131
Query Prepare Time: 0.179104
 Query Prepare Time using cpu 0.00017333

Query Optimization Time: 2.0224

d_datekey
sg = 0
Filter Build Kernel time CPU: 0.114688 Build time 0.165888
Filter Probe Aggr Kernel time CPU: 1.236992 sg = 0 non demand time = 1.2503
Probe time 1.28307
Merge time 0.002048
Result:
Res count = 0
Query Execution Time: 1.52445
CPU Time: 1.35168
GPU Time: 0
Transfer Time: 0
Malloc Time: 0.0072

34

 Query: 34 19971201 19971231
Query Prepare Time: 43.1972
 Query Prepare Time using cpu 0.0431859

Query Optimization Time: 2.21184

s_suppkey
sg = 0
Filter Build Kernel time CPU: 0.174080 d_datekey
sg = 0
Filter Build Kernel time CPU: 0.053248 Build time 0.32768
Probe Group Kernel time CPU: 1.553344 sg = 0 non demand time = 1.57184
Probe time 1.61894
Merge time 0.194528
Result:
Res count = 0
Query Execution Time: 2.64278
CPU Time: 1.78067
GPU Time: 0
Transfer Time: 0
Malloc Time: 0.003232

33

 Query: 33 19920101 19971231
Query Prepare Time: 42.7401
 Query Prepare Time using cpu 0.0427246

Query Optimization Time: 2.36339

s_suppkey
sg = 0
Filter Build Kernel time CPU: 0.252928 d_datekey
sg = 0
Filter Build Kernel time CPU: 0.059392 Build time 0.382976
Probe Group Kernel time CPU: 78.967873 sg = 0 non demand time = 78.9944
Probe time 79.0866
Merge time 0.164416
Result:
Res count = 0
Query Execution Time: 80.1403
CPU Time: 79.2802
GPU Time: 0
Transfer Time: 0
Malloc Time: 0.006368

33

 Query: 33 19920101 19971231
Query Prepare Time: 46.2644
 Query Prepare Time using cpu 0.0462513

Query Optimization Time: 2.40742

s_suppkey
sg = 0
Filter Build Kernel time CPU: 0.164864 d_datekey
sg = 0
Filter Build Kernel time CPU: 0.052224 Build time 0.289792
Probe Group Kernel time CPU: 66.550819 sg = 0 non demand time = 66.5795
Probe time 66.6656
Merge time 0.168384
Result:
Res count = 0
Query Execution Time: 67.6729
CPU Time: 66.7679
GPU Time: 0
Transfer Time: 0
Malloc Time: 0.005824

23

 Query: 23 1 19981231
Query Prepare Time: 102.104
 Query Prepare Time using cpu 0.10204

Query Optimization Time: 2.43712

s_suppkey
sg = 0
Filter Build Kernel time CPU: 0.247808 d_datekey
sg = 0
Filter Build Kernel time CPU: 25.747456 Build time 26.1202
Probe Group Kernel time CPU: 102.242302 sg = 0 non demand time = 102.271
Probe time 102.363
Merge time 0.488288
Result:
Res count = 0
Query Execution Time: 131.043
CPU Time: 128.238
GPU Time: 0
Transfer Time: 0
Malloc Time: 0.005952

13

 Query: 13 19940204 19940210
Query Prepare Time: 0.353952
 Query Prepare Time using cpu 0.000351906

Query Optimization Time: 2.10435

d_datekey
sg = 0
Filter Build Kernel time CPU: 0.110592 Build time 0.1536
Filter Probe Aggr Kernel time CPU: 0.381952 sg = 0 non demand time = 0.39424
Probe time 0.425984
Merge time 0.001696
Result:
Res count = 0
Query Execution Time: 0.63792
CPU Time: 0.492544
GPU Time: 0
Transfer Time: 0
Malloc Time: 0.004928

22

 Query: 22 1 19981231
Query Prepare Time: 102.126
 Query Prepare Time using cpu 0.102062

Query Optimization Time: 2.42291

s_suppkey
sg = 0
Filter Build Kernel time CPU: 0.248832 d_datekey
sg = 0
Filter Build Kernel time CPU: 25.665537 Build time 26.0362
Probe Group Kernel time CPU: 99.365891 sg = 0 non demand time = 99.3976
Probe time 99.4968
Merge time 0.486624
Result:
Res count = 0
Query Execution Time: 128.086
CPU Time: 125.28
GPU Time: 0
Transfer Time: 0
Malloc Time: 0.006656

11

 Query: 11 19930101 19931231
Query Prepare Time: 0.309376
 Query Prepare Time using cpu 0.000307798

Query Optimization Time: 2.16496

d_datekey
sg = 0
Filter Build Kernel time CPU: 0.105472 Build time 0.13824
Filter Probe Aggr Kernel time CPU: 10.474496 sg = 0 non demand time = 10.5002
Probe time 10.5882
Merge time 0.004288
Result:
Res count = 0
Query Execution Time: 10.8516
CPU Time: 10.58
GPU Time: 0
Transfer Time: 0
Malloc Time: 0.004576

21

 Query: 21 1 19981231
Query Prepare Time: 101.659
 Query Prepare Time using cpu 0.101593

Query Optimization Time: 2.47091

s_suppkey
sg = 0
Filter Build Kernel time CPU: 0.234496 p_partkey
sg = 0
Filter Build Kernel time CPU: 15.940608 d_datekey
sg = 0
Filter Build Kernel time CPU: 21.739519 Build time 38.1594
Probe Group Kernel time CPU: 21714.968750 sg = 0 non demand time = 21715
Probe time 21715.1
Merge time 0.50224
Result:
Res count = 0
Query Execution Time: 21755.8
CPU Time: 21752.9
GPU Time: 0
Transfer Time: 0
Malloc Time: 0.003232

41

 Query: 41 19920101 19981231
Query Prepare Time: 77.5263
 Query Prepare Time using cpu 0.0775225

Query Optimization Time: 2.55488

s_suppkey
sg = 0
Filter Build Kernel time CPU: 0.241664 p_partkey
sg = 0
Filter Build Kernel time CPU: 15.983488 d_datekey
sg = 0
Filter Build Kernel time CPU: 40.645634 Build time 57.1085
Probe Group Kernel time CPU: 131.704834 sg = 0 non demand time = 131.734
Probe time 131.824
Merge time 0.005312
Result:
Res count = 0
Query Execution Time: 189.07
CPU Time: 188.576
GPU Time: 0
Transfer Time: 0
Malloc Time: 0.003488

33

 Query: 33 19920101 19971231
Query Prepare Time: 38.5684
 Query Prepare Time using cpu 0.0385566

Query Optimization Time: 2.38899

s_suppkey
sg = 0
Filter Build Kernel time CPU: 0.201504 d_datekey
sg = 0
Filter Build Kernel time CPU: 0.064640 Build time 0.350208
Probe Group Kernel time CPU: 70.508415 sg = 0 non demand time = 70.5382
Probe time 70.6683
Merge time 0.173216
Result:
Res count = 0
Query Execution Time: 71.6943
CPU Time: 70.7746
GPU Time: 0
Transfer Time: 0
Malloc Time: 0.00448

11

 Query: 11 19930101 19931231
Query Prepare Time: 0.325408
 Query Prepare Time using cpu 0.000322819

Query Optimization Time: 2.26298

d_datekey
sg = 0
Filter Build Kernel time CPU: 0.105440 Build time 0.145408
Filter Probe Aggr Kernel time CPU: 10.230688 sg = 0 non demand time = 10.2564
Probe time 10.3784
Merge time 0.003968
Result:
Res count = 0
Query Execution Time: 10.6017
CPU Time: 10.3361
GPU Time: 0
Transfer Time: 0
Malloc Time: 0.0032

12

 Query: 12 19940101 19940131
Query Prepare Time: 0.121152
 Query Prepare Time using cpu 0.000119209

Query Optimization Time: 2.19546

d_datekey
sg = 0
Filter Build Kernel time CPU: 0.119808 Build time 0.162816
Filter Probe Aggr Kernel time CPU: 1.179584 sg = 0 non demand time = 1.19309
Probe time 1.27488
Merge time 0.002624
Result:
Res count = 0
Query Execution Time: 1.60246
CPU Time: 1.29939
GPU Time: 0
Transfer Time: 0
Malloc Time: 0.003264

32

 Query: 32 19920101 19971231
Query Prepare Time: 38.727
 Query Prepare Time using cpu 0.0387115

Query Optimization Time: 2.28045

s_suppkey
sg = 0
Filter Build Kernel time CPU: 0.179072 d_datekey
sg = 0
Filter Build Kernel time CPU: 0.049024 Build time 0.315392
Probe Group Kernel time CPU: 102.304932 sg = 0 non demand time = 102.328
Probe time 102.416
Merge time 0.169856
Result:
Res count = 0
Query Execution Time: 103.418
CPU Time: 102.533
GPU Time: 0
Transfer Time: 0
Malloc Time: 0.005248

42

 Query: 42 19970101 19981231
Query Prepare Time: 80.6517
 Query Prepare Time using cpu 0.0806465

Query Optimization Time: 2.39514

s_suppkey
sg = 0
Filter Build Kernel time CPU: 0.239456 p_partkey
sg = 0
Filter Build Kernel time CPU: 18.931711 d_datekey
sg = 0
Filter Build Kernel time CPU: 0.063488 Build time 19.4233
Probe Group Kernel time CPU: 34.492577 sg = 0 non demand time = 34.5211
Probe time 34.6337
Merge time 0.028
Result:
Res count = 0
Query Execution Time: 54.1824
CPU Time: 53.7272
GPU Time: 0
Transfer Time: 0
Malloc Time: 0.010976

Cached segment: 4369 Cache total: 5000
Successfully cached
Run Experiment
 epoch start 
31

 Query: 31 19920101 19971231
Query Prepare Time: 37.994
 Query Prepare Time using cpu 0.0379887

Query Optimization Time: 2.66022

s_suppkey
sg = 1
h_total: 64276 output_estimate: 1048576 sg: 1
Filter Kernel time CPU: 0.358368 Transfer size: 64276 sg: 1
Transfer Time: 0.025472 sg: 1
Build Kernel time GPU: 3.398656 d_datekey
sg = 1
h_total: 2192 output_estimate: 1048576 sg: 1
Filter Kernel time CPU: 0.171008 Transfer size: 2192 sg: 1
Transfer Time: 0.01024 sg: 1
Build Kernel time GPU: 0.016128 Build time 4.22931
h_total: 0 output_estimate: 876609536 sg: 14
Probe Kernel time GPU: 32.431103 Transfer size: 0 sg: 14
Transfer Time : 0.009216 Group Kernel time CPU: 0.001024 sg = 14 non demand time = 32.5683
Probe time 32.6144
Merge time 0.028928
Result:
Res count = 0
Query Execution Time: 36.9518
CPU Time: 0.529376
GPU Time: 32.4311
Transfer Time: 0.035712
Malloc Time: 0.037568

13

 Query: 13 19940204 19940210
Query Prepare Time: 0.169056
 Query Prepare Time using cpu 0.000164509

Query Optimization Time: 2.00294

d_datekey
sg = 3
Filter Build Kernel time GPU: 0.101376 Build time 0.16896
h_total: 202581 output_estimate: 514755 sg: 4
Filter Kernel time CPU: 0.966656 Transfer size: 202581 sg: 4
Transfer Time : 0.047968 h_total: 152125 output_estimate: 202581 sg: 4
Probe Kernel time GPU: 0.076800 Transfer size: 152125 sg: 4
Transfer Time : 0.066560 Aggr Kernel time CPU: 0.164864 sg = 4 non demand time = 1.4592
Probe time 1.49523
Merge time 0.001824
Result:
Res count = 0
Query Execution Time: 1.72797
CPU Time: 1.13152
GPU Time: 0.101376
Transfer Time: 0.114528
Malloc Time: 0.008832

34

 Query: 34 19971201 19971231
Query Prepare Time: 38.8592
 Query Prepare Time using cpu 0.0388463

Query Optimization Time: 2.25587

s_suppkey
sg = 3
Filter Build Kernel time GPU: 0.028672 d_datekey
sg = 3
Filter Build Kernel time GPU: 0.027520 Build time 0.1536
h_total: 0 output_estimate: 14680064 sg: 14
Probe Kernel time GPU: 0.308064 Transfer size: 0 sg: 14
Transfer Time : 0.011264 Group Kernel time CPU: 0.001024 sg = 14 non demand time = 0.429056
Probe time 0.459936
Merge time 0.423104
Result:
Res count = 0
Query Execution Time: 1.53133
CPU Time: 0.001024
GPU Time: 0.308064
Transfer Time: 0.011264
Malloc Time: 0.004096

34

 Query: 34 19971201 19971231
Query Prepare Time: 38.8071
 Query Prepare Time using cpu 0.0387943

Query Optimization Time: 2.21594

s_suppkey
sg = 3
Filter Build Kernel time GPU: 0.038912 d_datekey
sg = 3
Filter Build Kernel time GPU: 0.032768 Build time 0.232576
h_total: 0 output_estimate: 14680064 sg: 14
Probe Kernel time GPU: 0.306016 Transfer size: 0 sg: 14
Transfer Time : 0.006144 Group Kernel time CPU: 0.001920 sg = 14 non demand time = 0.41056
Probe time 0.441344
Merge time 0.374656
Result:
Res count = 0
Query Execution Time: 1.53728
CPU Time: 0.00192
GPU Time: 0.306016
Transfer Time: 0.006144
Malloc Time: 0.004384

43

 Query: 43 19970101 19981231
Query Prepare Time: 77.2227
 Query Prepare Time using cpu 0.0771661

Query Optimization Time: 2.41443

s_suppkey
sg = 3
Filter Build Kernel time GPU: 0.039936 d_datekey
sg = 1
h_total: 729 output_estimate: 1048576 sg: 1
Filter Kernel time CPU: 0.452608 Transfer size: 729 sg: 1
Transfer Time: 0.011392 sg: 1
Build Kernel time GPU: 0.016320 Build time 0.73728
h_total: 0 output_estimate: 231735296 sg: 60
Probe Kernel time GPU: 6.317280 Transfer size: 0 sg: 60
Transfer Time : 0.010240 Group Kernel time CPU: 0.001024 sg = 60 non demand time = 6.45325
Probe time 6.48598
Merge time 0.681504
Result:
Res count = 0
Query Execution Time: 9.68131
CPU Time: 0.452608
GPU Time: 6.31728
Transfer Time: 0.011392
Malloc Time: 0.016288

34

 Query: 34 19971201 19971231
Query Prepare Time: 40.5756
 Query Prepare Time using cpu 0.040561

Query Optimization Time: 2.29069

s_suppkey
sg = 3
Filter Build Kernel time GPU: 0.028672 d_datekey
sg = 3
Filter Build Kernel time GPU: 0.026624 Build time 0.1536
h_total: 0 output_estimate: 14680064 sg: 14
Probe Kernel time GPU: 0.308224 Transfer size: 0 sg: 14
Transfer Time : 0.013312 Group Kernel time CPU: 0.003072 sg = 14 non demand time = 0.437216
Probe time 0.470016
Merge time 0.422112
Result:
Res count = 0
Query Execution Time: 1.55936
CPU Time: 0.003072
GPU Time: 0.308224
Transfer Time: 0.013312
Malloc Time: 0.005664

33

 Query: 33 19920101 19971231
Query Prepare Time: 38.6313
 Query Prepare Time using cpu 0.0386183

Query Optimization Time: 2.28864

s_suppkey
sg = 3
Filter Build Kernel time GPU: 0.041984 d_datekey
sg = 1
h_total: 2192 output_estimate: 1048576 sg: 1
Filter Kernel time CPU: 0.398336 Transfer size: 2192 sg: 1
Transfer Time: 0.009216 sg: 1
Build Kernel time GPU: 0.015360 Build time 0.664576
h_total: 0 output_estimate: 876609536 sg: 14
Probe Kernel time GPU: 16.996481 Transfer size: 0 sg: 14
Transfer Time : 0.009216 Group Kernel time CPU: 0.003072 sg = 14 non demand time = 17.1366
Probe time 17.1807
Merge time 0.3984
Result:
Res count = 0
Query Execution Time: 18.7383
CPU Time: 0.398336
GPU Time: 16.9965
Transfer Time: 0.009216
Malloc Time: 0.013312

42

 Query: 42 19970101 19981231
Query Prepare Time: 76.1416
 Query Prepare Time using cpu 0.0761354

Query Optimization Time: 2.41674

s_suppkey
sg = 1
h_total: 64071 output_estimate: 1048576 sg: 1
Filter Kernel time CPU: 0.437248 Transfer size: 64071 sg: 1
Transfer Time: 0.024736 sg: 1
Build Kernel time GPU: 0.034816 p_partkey
sg = 1
h_total: 160432128 output_estimate: 160432128 sg: 1
Filter Kernel time CPU: 11.347040 Transfer size: 160432128 sg: 1
Transfer Time: 24.0219 sg: 1
Build Kernel time GPU: 33.103870 d_datekey
sg = 1
h_total: 729 output_estimate: 1048576 sg: 1
Filter Kernel time CPU: 0.415584 Transfer size: 729 sg: 1
Transfer Time: 0.012288 sg: 1
Build Kernel time GPU: 0.020480 Build time 69.8624
h_total: 0 output_estimate: 231735296 sg: 60
Probe Kernel time GPU: 10.274816 Transfer size: 0 sg: 60
Transfer Time : 0.010272 Group Kernel time CPU: 0.001024 sg = 60 non demand time = 10.413
Probe time 10.453
Merge time 0.027424
Result:
Res count = 0
Query Execution Time: 80.4159
CPU Time: 12.1999
GPU Time: 33.1592
Transfer Time: 24.0589
Malloc Time: 0.069824

33

 Query: 33 19920101 19971231
Query Prepare Time: 35.436
 Query Prepare Time using cpu 0.0354218

Query Optimization Time: 2.28864

s_suppkey
sg = 3
Filter Build Kernel time GPU: 0.034816 d_datekey
sg = 1
h_total: 2192 output_estimate: 1048576 sg: 1
Filter Kernel time CPU: 0.632832 Transfer size: 2192 sg: 1
Transfer Time: 0.01136 sg: 1
Build Kernel time GPU: 0.018656 Build time 0.886784
h_total: 0 output_estimate: 876609536 sg: 14
Probe Kernel time GPU: 16.987137 Transfer size: 0 sg: 14
Transfer Time : 0.009248 Group Kernel time CPU: 0.003136 sg = 14 non demand time = 17.1151
Probe time 17.1561
Merge time 0.396544
Result:
Res count = 0
Query Execution Time: 18.9316
CPU Time: 0.632832
GPU Time: 16.9871
Transfer Time: 0.01136
Malloc Time: 0.020576

12

 Query: 12 19940101 19940131
Query Prepare Time: 0.094816
 Query Prepare Time using cpu 9.29832e-05

Query Optimization Time: 2.08874

d_datekey
sg = 3
Filter Build Kernel time GPU: 0.040992 Build time 0.095232
h_total: 717523 output_estimate: 2974143 sg: 4
Filter Kernel time CPU: 2.532480 Transfer size: 717523 sg: 4
Transfer Time : 0.121856 h_total: 674310 output_estimate: 717523 sg: 4
Probe Kernel time GPU: 0.069664 Transfer size: 674310 sg: 4
Transfer Time : 0.232288 Aggr Kernel time CPU: 0.537600 sg = 4 non demand time = 3.62189
Probe time 3.66387
Merge time 0.002176
Result:
Res count = 0
Query Execution Time: 3.81488
CPU Time: 3.07008
GPU Time: 0.069664
Transfer Time: 0.354144
Malloc Time: 0.010208

41

 Query: 41 19920101 19981231
Query Prepare Time: 76.3969
 Query Prepare Time using cpu 0.0763938

Query Optimization Time: 2.46701

s_suppkey
sg = 1
h_total: 64071 output_estimate: 1048576 sg: 1
Filter Kernel time CPU: 0.481280 Transfer size: 64071 sg: 1
Transfer Time: 0.024576 sg: 1
Build Kernel time GPU: 0.028544 p_partkey
sg = 1
h_total: 160432128 output_estimate: 160432128 sg: 1
Filter Kernel time CPU: 10.994592 Transfer size: 160432128 sg: 1
Transfer Time: 24.0118 sg: 1
Build Kernel time GPU: 32.668671 d_datekey
sg = 1
Build Kernel time GPU: 7.034880 Build time 75.568
h_total: 0 output_estimate: 960495616 sg: 60
Probe Kernel time GPU: 39.267326 Transfer size: 0 sg: 60
Transfer Time : 0.008192 Group Kernel time CPU: 0.002048 sg = 60 non demand time = 39.4116
Probe time 39.4468
Merge time 0.005216
Result:
Res count = 0
Query Execution Time: 115.085
CPU Time: 11.4759
GPU Time: 39.7321
Transfer Time: 24.0364
Malloc Time: 0.045088

34

 Query: 34 19971201 19971231
Query Prepare Time: 38.1919
 Query Prepare Time using cpu 0.0381775

Query Optimization Time: 2.32755

s_suppkey
sg = 3
Filter Build Kernel time GPU: 0.028640 d_datekey
sg = 3
Filter Build Kernel time GPU: 0.024576 Build time 0.140256
h_total: 0 output_estimate: 14680064 sg: 14
Probe Kernel time GPU: 0.309152 Transfer size: 0 sg: 14
Transfer Time : 0.007168 Group Kernel time CPU: 0.002944 sg = 14 non demand time = 0.415744
Probe time 0.440416
Merge time 0.440864
Result:
Res count = 0
Query Execution Time: 1.50538
CPU Time: 0.002944
GPU Time: 0.309152
Transfer Time: 0.007168
Malloc Time: 0.007168

22

 Query: 22 1 19981231
Query Prepare Time: 100.896
 Query Prepare Time using cpu 0.100832

Query Optimization Time: 2.43098

s_suppkey
sg = 1
h_total: 64276 output_estimate: 1048576 sg: 1
Filter Kernel time CPU: 0.519264 Transfer size: 64276 sg: 1
Transfer Time: 0.026624 sg: 1
Build Kernel time GPU: 0.025600 d_datekey
sg = 1
Build Kernel time GPU: 46.602242 Build time 47.3641
h_total: 0 output_estimate: 960495616 sg: 14
Probe Kernel time GPU: 60.654591 Transfer size: 0 sg: 14
Transfer Time : 0.006016 Group Kernel time CPU: 0.002048 sg = 14 non demand time = 60.8101
Probe time 60.8594
Merge time 0.67168
Result:
Res count = 0
Query Execution Time: 110.932
CPU Time: 0.519264
GPU Time: 60.6546
Transfer Time: 0.026624
Malloc Time: 0.023712

12

 Query: 12 19940101 19940131
Query Prepare Time: 0.211712
 Query Prepare Time using cpu 0.000208616

Query Optimization Time: 2.0521

d_datekey
sg = 3
Filter Build Kernel time GPU: 0.044288 Build time 0.114688
h_total: 717523 output_estimate: 2974143 sg: 4
Filter Kernel time CPU: 2.566144 Transfer size: 717523 sg: 4
Transfer Time : 0.122880 h_total: 674310 output_estimate: 717523 sg: 4
Probe Kernel time GPU: 0.071616 Transfer size: 674310 sg: 4
Transfer Time : 0.272384 Aggr Kernel time CPU: 0.552960 sg = 4 non demand time = 3.71306
Probe time 3.75168
Merge time 0.001984
Result:
Res count = 0
Query Execution Time: 3.92368
CPU Time: 3.1191
GPU Time: 0.071616
Transfer Time: 0.395264
Malloc Time: 0.00624

23

 Query: 23 1 19981231
Query Prepare Time: 103.353
 Query Prepare Time using cpu 0.103291

Query Optimization Time: 2.44736

s_suppkey
sg = 1
h_total: 64068 output_estimate: 1048576 sg: 1
Filter Kernel time CPU: 0.462848 Transfer size: 64068 sg: 1
Transfer Time: 0.024576 sg: 1
Build Kernel time GPU: 0.026624 d_datekey
sg = 1
Build Kernel time GPU: 46.601215 Build time 47.2904
h_total: 0 output_estimate: 960495616 sg: 14
Probe Kernel time GPU: 56.438786 Transfer size: 0 sg: 14
Transfer Time : 0.007040 Group Kernel time CPU: 0.002240 sg = 14 non demand time = 56.5943
Probe time 56.6457
Merge time 0.681984
Result:
Res count = 0
Query Execution Time: 106.651
CPU Time: 0.462848
GPU Time: 56.4388
Transfer Time: 0.024576
Malloc Time: 0.023552

33

 Query: 33 19920101 19971231
Query Prepare Time: 40.549
 Query Prepare Time using cpu 0.0405359

Query Optimization Time: 2.3849

s_suppkey
sg = 3
Filter Build Kernel time GPU: 0.039744 d_datekey
sg = 1
h_total: 2192 output_estimate: 1048576 sg: 1
Filter Kernel time CPU: 0.451584 Transfer size: 2192 sg: 1
Transfer Time: 0.01024 sg: 1
Build Kernel time GPU: 0.016320 Build time 0.688128
h_total: 0 output_estimate: 876609536 sg: 14
Probe Kernel time GPU: 16.995424 Transfer size: 0 sg: 14
Transfer Time : 0.005312 Group Kernel time CPU: 0.001024 sg = 14 non demand time = 17.1141
Probe time 17.1448
Merge time 0.392512
Result:
Res count = 0
Query Execution Time: 18.7084
CPU Time: 0.451584
GPU Time: 16.9954
Transfer Time: 0.01024
Malloc Time: 0.013312

22

 Query: 22 1 19981231
Query Prepare Time: 101.514
 Query Prepare Time using cpu 0.101451

Query Optimization Time: 2.46374

s_suppkey
sg = 1
h_total: 64276 output_estimate: 1048576 sg: 1
Filter Kernel time CPU: 0.497664 Transfer size: 64276 sg: 1
Transfer Time: 0.026624 sg: 1
Build Kernel time GPU: 0.026624 d_datekey
sg = 1
Build Kernel time GPU: 46.600193 Build time 47.3447
h_total: 0 output_estimate: 960495616 sg: 14
Probe Kernel time GPU: 60.647423 Transfer size: 0 sg: 14
Transfer Time : 0.004096 Group Kernel time CPU: 0.001024 sg = 14 non demand time = 60.7652
Probe time 60.799
Merge time 0.909248
Result:
Res count = 0
Query Execution Time: 111.071
CPU Time: 0.497664
GPU Time: 60.6474
Transfer Time: 0.026624
Malloc Time: 0.023648

12

 Query: 12 19940101 19940131
Query Prepare Time: 0.160096
 Query Prepare Time using cpu 0.000156641

Query Optimization Time: 2.1289

d_datekey
sg = 3
Filter Build Kernel time GPU: 0.032896 Build time 0.079872
h_total: 717523 output_estimate: 2974143 sg: 4
Filter Kernel time CPU: 2.530304 Transfer size: 717523 sg: 4
Transfer Time : 0.122880 h_total: 674310 output_estimate: 717523 sg: 4
Probe Kernel time GPU: 0.068608 Transfer size: 674310 sg: 4
Transfer Time : 0.270336 Aggr Kernel time CPU: 0.561152 sg = 4 non demand time = 3.66899
Probe time 3.70381
Merge time 0.002208
Result:
Res count = 0
Query Execution Time: 3.83603
CPU Time: 3.09146
GPU Time: 0.068608
Transfer Time: 0.393216
Malloc Time: 0.008032

21

 Query: 21 1 19981231
Query Prepare Time: 102.052
 Query Prepare Time using cpu 0.101989

Query Optimization Time: 2.40947

s_suppkey
sg = 1
Build Kernel time GPU: 0.033792 p_partkey
sg = 3
Filter Build Kernel time GPU: 29.114336 d_datekey
sg = 1
Build Kernel time GPU: 46.631935 Build time 76.0023
h_total: 865876347 output_estimate: 960495616 sg: 14
Probe Kernel time GPU: 211.943298 Transfer size: 865876347 sg: 14
Transfer Time : 535.569580 Group Kernel time CPU: 19764.193359 sg = 14 non demand time = 20511.9
Probe time 20512
Merge time 0.50512
Result:
Res count = 0
Query Execution Time: 20590.5
CPU Time: 19764.2
GPU Time: 211.943
Transfer Time: 535.57
Malloc Time: 0.006336

11

 Query: 11 19930101 19931231
Query Prepare Time: 0.15328
 Query Prepare Time using cpu 0.000149727

Query Optimization Time: 2.16576

d_datekey
sg = 1
h_total: 365 output_estimate: 1048576 sg: 1
Filter Kernel time CPU: 0.141312 Transfer size: 365 sg: 1
Transfer Time: 0.010272 sg: 1
Build Kernel time GPU: 0.022528 Build time 0.27136
h_total: 19293954 output_estimate: 45362828 sg: 4
Filter Kernel time CPU: 9.664608 Transfer size: 19293954 sg: 4
Transfer Time : 3.082240 h_total: 19065074 output_estimate: 19293954 sg: 4
Probe Kernel time GPU: 0.958496 Transfer size: 19065074 sg: 4
Transfer Time : 6.118368 Aggr Kernel time CPU: 5.444704 sg = 4 non demand time = 25.4598
Probe time 25.559
Merge time 0.00384
Result:
Res count = 0
Query Execution Time: 25.9079
CPU Time: 15.1093
GPU Time: 0.958496
Transfer Time: 9.20061
Malloc Time: 0.017408

34

 Query: 34 19971201 19971231
Query Prepare Time: 38.1286
 Query Prepare Time using cpu 0.0381167

Query Optimization Time: 2.32653

s_suppkey
sg = 3
Filter Build Kernel time GPU: 0.044032 d_datekey
sg = 3
Filter Build Kernel time GPU: 0.031744 Build time 0.222272
h_total: 0 output_estimate: 14680064 sg: 14
Probe Kernel time GPU: 0.324416 Transfer size: 0 sg: 14
Transfer Time : 0.009216 Group Kernel time CPU: 0.003936 sg = 14 non demand time = 0.458752
Probe time 0.490624
Merge time 0.407808
Result:
Res count = 0
Query Execution Time: 1.61616
CPU Time: 0.003936
GPU Time: 0.324416
Transfer Time: 0.009216
Malloc Time: 0.008224

23

 Query: 23 1 19981231
Query Prepare Time: 101.591
 Query Prepare Time using cpu 0.101529

Query Optimization Time: 2.46893

s_suppkey
sg = 1
h_total: 64068 output_estimate: 1048576 sg: 1
Filter Kernel time CPU: 0.353376 Transfer size: 64068 sg: 1
Transfer Time: 0.024576 sg: 1
Build Kernel time GPU: 0.027648 d_datekey
sg = 1
Build Kernel time GPU: 46.619617 Build time 47.1983
h_total: 0 output_estimate: 960495616 sg: 14
Probe Kernel time GPU: 41.305279 Transfer size: 0 sg: 14
Transfer Time : 0.008160 Group Kernel time CPU: 0.002272 sg = 14 non demand time = 41.4547
Probe time 41.4956
Merge time 0.578048
Result:
Res count = 0
Query Execution Time: 91.3043
CPU Time: 0.353376
GPU Time: 46.6473
Transfer Time: 0.024576
Malloc Time: 0.023552

22

 Query: 22 1 19981231
Query Prepare Time: 101.542
 Query Prepare Time using cpu 0.101479

Query Optimization Time: 2.45565

s_suppkey
sg = 1
h_total: 64276 output_estimate: 1048576 sg: 1
Filter Kernel time CPU: 0.362496 Transfer size: 64276 sg: 1
Transfer Time: 0.025696 sg: 1
Build Kernel time GPU: 0.027648 d_datekey
sg = 1
Build Kernel time GPU: 46.623745 Build time 47.2166
h_total: 0 output_estimate: 960495616 sg: 14
Probe Kernel time GPU: 44.493729 Transfer size: 0 sg: 14
Transfer Time : 0.006144 Group Kernel time CPU: 0.002848 sg = 14 non demand time = 44.6464
Probe time 44.6945
Merge time 0.640512
Result:
Res count = 0
Query Execution Time: 94.5835
CPU Time: 0.362496
GPU Time: 46.6514
Transfer Time: 0.025696
Malloc Time: 0.023552

34

 Query: 34 19971201 19971231
Query Prepare Time: 41.2196
 Query Prepare Time using cpu 0.0412064

Query Optimization Time: 2.38182

s_suppkey
sg = 3
Filter Build Kernel time GPU: 0.038080 d_datekey
sg = 3
Filter Build Kernel time GPU: 0.028672 Build time 0.216064
h_total: 0 output_estimate: 14680064 sg: 14
Probe Kernel time GPU: 0.312320 Transfer size: 0 sg: 14
Transfer Time : 0.007168 Group Kernel time CPU: 0.002304 sg = 14 non demand time = 0.451584
Probe time 0.478144
Merge time 0.459424
Result:
Res count = 0
Query Execution Time: 1.64022
CPU Time: 0.002304
GPU Time: 0.31232
Transfer Time: 0.007168
Malloc Time: 0.006944

42

 Query: 42 19970101 19981231
Query Prepare Time: 76.6236
 Query Prepare Time using cpu 0.0766189

Query Optimization Time: 2.39808

s_suppkey
sg = 1
h_total: 64071 output_estimate: 1048576 sg: 1
Filter Kernel time CPU: 0.416672 Transfer size: 64071 sg: 1
Transfer Time: 0.0256 sg: 1
Build Kernel time GPU: 0.025600 p_partkey
sg = 1
h_total: 160432128 output_estimate: 160432128 sg: 1
Filter Kernel time CPU: 11.698176 Transfer size: 160432128 sg: 1
Transfer Time: 24.0197 sg: 1
Build Kernel time GPU: 33.083263 d_datekey
sg = 1
h_total: 729 output_estimate: 1048576 sg: 1
Filter Kernel time CPU: 0.453632 Transfer size: 729 sg: 1
Transfer Time: 0.01024 sg: 1
Build Kernel time GPU: 0.022336 Build time 70.1297
h_total: 0 output_estimate: 231735296 sg: 60
Probe Kernel time GPU: 10.276832 Transfer size: 0 sg: 60
Transfer Time : 0.006944 Group Kernel time CPU: 0.003072 sg = 60 non demand time = 10.411
Probe time 10.4428
Merge time 0.02848
Result:
Res count = 0
Query Execution Time: 80.6636
CPU Time: 12.5685
GPU Time: 33.1312
Transfer Time: 24.0556
Malloc Time: 0.062368

21

 Query: 21 1 19981231
Query Prepare Time: 86.0211
 Query Prepare Time using cpu 0.0859571

Query Optimization Time: 2.38694

s_suppkey
sg = 1
Build Kernel time GPU: 0.032768 p_partkey
sg = 3
Filter Build Kernel time GPU: 29.098080 d_datekey
sg = 1
Build Kernel time GPU: 46.605312 Build time 75.9306
h_total: 820707124 output_estimate: 960495616 sg: 14
Probe Kernel time GPU: 129.636353 Transfer size: 820707124 sg: 14
Transfer Time : 508.096527 Group Kernel time CPU: 18442.806641 sg = 14 non demand time = 19080.7
Probe time 19080.8
Merge time 0.502592
Result:
Res count = 0
Query Execution Time: 19159.2
CPU Time: 18442.8
GPU Time: 129.636
Transfer Time: 508.097
Malloc Time: 0.00416

22

 Query: 22 1 19981231
Query Prepare Time: 101.357
 Query Prepare Time using cpu 0.101291

Query Optimization Time: 2.43405

s_suppkey
sg = 1
h_total: 64276 output_estimate: 1048576 sg: 1
Filter Kernel time CPU: 0.272448 Transfer size: 64276 sg: 1
Transfer Time: 0.0256 sg: 1
Build Kernel time GPU: 0.028672 d_datekey
sg = 1
Build Kernel time GPU: 46.615551 Build time 47.1153
h_total: 0 output_estimate: 960495616 sg: 14
Probe Kernel time GPU: 45.122559 Transfer size: 0 sg: 14
Transfer Time : 0.006240 Group Kernel time CPU: 0.001024 sg = 14 non demand time = 45.2577
Probe time 45.2966
Merge time 0.613984
Result:
Res count = 0
Query Execution Time: 95.0575
CPU Time: 0.272448
GPU Time: 46.6442
Transfer Time: 0.0256
Malloc Time: 0.0256

42

 Query: 42 19970101 19981231
Query Prepare Time: 76.7668
 Query Prepare Time using cpu 0.0767615

Query Optimization Time: 2.43731

s_suppkey
sg = 1
h_total: 64071 output_estimate: 1048576 sg: 1
Filter Kernel time CPU: 0.265216 Transfer size: 64071 sg: 1
Transfer Time: 0.025632 sg: 1
Build Kernel time GPU: 0.034720 p_partkey
sg = 1
h_total: 160432128 output_estimate: 160432128 sg: 1
Filter Kernel time CPU: 9.019392 Transfer size: 160432128 sg: 1
Transfer Time: 24.02 sg: 1
Build Kernel time GPU: 33.085442 d_datekey
sg = 1
h_total: 729 output_estimate: 1048576 sg: 1
Filter Kernel time CPU: 0.278528 Transfer size: 729 sg: 1
Transfer Time: 0.01152 sg: 1
Build Kernel time GPU: 0.022464 Build time 67.156
h_total: 0 output_estimate: 231735296 sg: 60
Probe Kernel time GPU: 10.275840 Transfer size: 0 sg: 60
Transfer Time : 0.006144 Group Kernel time CPU: 0.002048 sg = 60 non demand time = 10.4057
Probe time 10.4356
Merge time 0.029728
Result:
Res count = 0
Query Execution Time: 77.6828
CPU Time: 9.56314
GPU Time: 33.1426
Transfer Time: 24.0571
Malloc Time: 0.073472

22

 Query: 22 1 19981231
Query Prepare Time: 100.607
 Query Prepare Time using cpu 0.10054

Query Optimization Time: 2.48749

s_suppkey
sg = 1
h_total: 64276 output_estimate: 1048576 sg: 1
Filter Kernel time CPU: 0.430176 Transfer size: 64276 sg: 1
Transfer Time: 0.026624 sg: 1
Build Kernel time GPU: 0.028672 d_datekey
sg = 1
Build Kernel time GPU: 46.608158 Build time 47.2863
h_total: 0 output_estimate: 960495616 sg: 14
Probe Kernel time GPU: 44.484608 Transfer size: 0 sg: 14
Transfer Time : 0.005184 Group Kernel time CPU: 0.001024 sg = 14 non demand time = 44.6382
Probe time 44.6853
Merge time 0.705504
Result:
Res count = 0
Query Execution Time: 94.7136
CPU Time: 0.430176
GPU Time: 46.6368
Transfer Time: 0.026624
Malloc Time: 0.026624

11

 Query: 11 19930101 19931231
Query Prepare Time: 0.15424
 Query Prepare Time using cpu 0.000150681

Query Optimization Time: 2.0736

d_datekey
sg = 1
h_total: 365 output_estimate: 1048576 sg: 1
Filter Kernel time CPU: 0.199680 Transfer size: 365 sg: 1
Transfer Time: 0.01024 sg: 1
Build Kernel time GPU: 0.021504 Build time 0.328704
h_total: 19293954 output_estimate: 45362828 sg: 4
Filter Kernel time CPU: 20.487137 Transfer size: 19293954 sg: 4
Transfer Time : 3.093504 h_total: 19065074 output_estimate: 19293954 sg: 4
Probe Kernel time GPU: 0.961536 Transfer size: 19065074 sg: 4
Transfer Time : 6.097920 Aggr Kernel time CPU: 5.574432 sg = 4 non demand time = 36.3837
Probe time 36.4728
Merge time 0.003616
Result:
Res count = 0
Query Execution Time: 36.8892
CPU Time: 26.0616
GPU Time: 0.961536
Transfer Time: 9.19142
Malloc Time: 0.015584

42

 Query: 42 19970101 19981231
Query Prepare Time: 76.0063
 Query Prepare Time using cpu 0.0760016

Query Optimization Time: 2.38784

s_suppkey
sg = 1
h_total: 64071 output_estimate: 1048576 sg: 1
Filter Kernel time CPU: 0.436352 Transfer size: 64071 sg: 1
Transfer Time: 0.027744 sg: 1
Build Kernel time GPU: 0.028672 p_partkey
sg = 1
h_total: 160432128 output_estimate: 160432128 sg: 1
Filter Kernel time CPU: 11.748352 Transfer size: 160432128 sg: 1
Transfer Time: 24.0169 sg: 1
Build Kernel time GPU: 33.101826 d_datekey
sg = 1
h_total: 729 output_estimate: 1048576 sg: 1
Filter Kernel time CPU: 0.411552 Transfer size: 729 sg: 1
Transfer Time: 0.012288 sg: 1
Build Kernel time GPU: 0.022528 Build time 70.2106
h_total: 0 output_estimate: 231735296 sg: 60
Probe Kernel time GPU: 10.278880 Transfer size: 0 sg: 60
Transfer Time : 0.010240 Group Kernel time CPU: 0.003072 sg = 60 non demand time = 10.4345
Probe time 10.4704
Merge time 0.029184
Result:
Res count = 0
Query Execution Time: 80.7836
CPU Time: 12.5963
GPU Time: 33.153
Transfer Time: 24.0569
Malloc Time: 0.07776

43

 Query: 43 19970101 19981231
Query Prepare Time: 66.5855
 Query Prepare Time using cpu 0.0665271

Query Optimization Time: 2.32141

s_suppkey
sg = 3
Filter Build Kernel time GPU: 0.030816 d_datekey
sg = 1
h_total: 729 output_estimate: 1048576 sg: 1
Filter Kernel time CPU: 0.423936 Transfer size: 729 sg: 1
Transfer Time: 0.00928 sg: 1
Build Kernel time GPU: 0.016384 Build time 0.642048
h_total: 0 output_estimate: 231735296 sg: 60
Probe Kernel time GPU: 6.312064 Transfer size: 0 sg: 60
Transfer Time : 0.007264 Group Kernel time CPU: 0.001024 sg = 60 non demand time = 6.42458
Probe time 6.45325
Merge time 0.656832
Result:
Res count = 0
Query Execution Time: 9.5265
CPU Time: 0.423936
GPU Time: 6.31206
Transfer Time: 0.00928
Malloc Time: 0.015296

22

 Query: 22 1 19981231
Query Prepare Time: 102.06
 Query Prepare Time using cpu 0.101996

Query Optimization Time: 2.49053

s_suppkey
sg = 1
h_total: 64276 output_estimate: 1048576 sg: 1
Filter Kernel time CPU: 0.475200 Transfer size: 64276 sg: 1
Transfer Time: 0.0256 sg: 1
Build Kernel time GPU: 0.029536 d_datekey
sg = 1
Build Kernel time GPU: 46.602242 Build time 47.3395
h_total: 0 output_estimate: 960495616 sg: 14
Probe Kernel time GPU: 44.469120 Transfer size: 0 sg: 14
Transfer Time : 0.013312 Group Kernel time CPU: 0.001024 sg = 14 non demand time = 44.6525
Probe time 44.7191
Merge time 0.72112
Result:
Res count = 0
Query Execution Time: 94.8363
CPU Time: 0.4752
GPU Time: 46.6318
Transfer Time: 0.0256
Malloc Time: 0.024576

32

 Query: 32 19920101 19971231
Query Prepare Time: 41.1477
 Query Prepare Time using cpu 0.0411341

Query Optimization Time: 2.40246

s_suppkey
sg = 3
Filter Build Kernel time GPU: 0.047936 d_datekey
sg = 1
h_total: 2192 output_estimate: 1048576 sg: 1
Filter Kernel time CPU: 0.410624 Transfer size: 2192 sg: 1
Transfer Time: 0.011264 sg: 1
Build Kernel time GPU: 0.016384 Build time 0.699648
h_total: 0 output_estimate: 876609536 sg: 14
Probe Kernel time GPU: 19.160065 Transfer size: 0 sg: 14
Transfer Time : 0.010240 Group Kernel time CPU: 0.002880 sg = 14 non demand time = 19.3044
Probe time 19.3434
Merge time 0.372512
Result:
Res count = 0
Query Execution Time: 20.906
CPU Time: 0.410624
GPU Time: 19.1601
Transfer Time: 0.011264
Malloc Time: 0.018624

34

 Query: 34 19971201 19971231
Query Prepare Time: 40.554
 Query Prepare Time using cpu 0.0405424

Query Optimization Time: 2.2569

s_suppkey
sg = 3
Filter Build Kernel time GPU: 0.033792 d_datekey
sg = 3
Filter Build Kernel time GPU: 0.026624 Build time 0.212992
h_total: 0 output_estimate: 14680064 sg: 14
Probe Kernel time GPU: 0.310400 Transfer size: 0 sg: 14
Transfer Time : 0.006144 Group Kernel time CPU: 0.001024 sg = 14 non demand time = 0.424928
Probe time 0.45056
Merge time 0.40608
Result:
Res count = 0
Query Execution Time: 1.55485
CPU Time: 0.001024
GPU Time: 0.3104
Transfer Time: 0.006144
Malloc Time: 0.004096

23

 Query: 23 1 19981231
Query Prepare Time: 101.304
 Query Prepare Time using cpu 0.10124

Query Optimization Time: 2.47808

s_suppkey
sg = 1
h_total: 64068 output_estimate: 1048576 sg: 1
Filter Kernel time CPU: 0.477184 Transfer size: 64068 sg: 1
Transfer Time: 0.024576 sg: 1
Build Kernel time GPU: 0.035840 d_datekey
sg = 1
Build Kernel time GPU: 46.591999 Build time 47.3213
h_total: 0 output_estimate: 960495616 sg: 14
Probe Kernel time GPU: 40.720448 Transfer size: 0 sg: 14
Transfer Time : 0.009216 Group Kernel time CPU: 0.003072 sg = 14 non demand time = 40.9078
Probe time 40.956
Merge time 0.791232
Result:
Res count = 0
Query Execution Time: 91.1116
CPU Time: 0.477184
GPU Time: 46.6278
Transfer Time: 0.024576
Malloc Time: 0.025504

23

 Query: 23 1 19981231
Query Prepare Time: 102.81
 Query Prepare Time using cpu 0.102745

Query Optimization Time: 2.52006

s_suppkey
sg = 1
h_total: 64068 output_estimate: 1048576 sg: 1
Filter Kernel time CPU: 0.439296 Transfer size: 64068 sg: 1
Transfer Time: 0.024736 sg: 1
Build Kernel time GPU: 0.029632 d_datekey
sg = 1
Build Kernel time GPU: 46.593025 Build time 47.2801
h_total: 0 output_estimate: 960495616 sg: 14
Probe Kernel time GPU: 40.720383 Transfer size: 0 sg: 14
Transfer Time : 0.010144 Group Kernel time CPU: 0.003936 sg = 14 non demand time = 40.8893
Probe time 40.9436
Merge time 0.76064
Result:
Res count = 0
Query Execution Time: 91.038
CPU Time: 0.439296
GPU Time: 46.6227
Transfer Time: 0.024736
Malloc Time: 0.02672

22

 Query: 22 1 19981231
Query Prepare Time: 101.509
 Query Prepare Time using cpu 0.101446

Query Optimization Time: 2.49968

s_suppkey
sg = 1
h_total: 64276 output_estimate: 1048576 sg: 1
Filter Kernel time CPU: 0.534528 Transfer size: 64276 sg: 1
Transfer Time: 0.026432 sg: 1
Build Kernel time GPU: 0.028640 d_datekey
sg = 1
Build Kernel time GPU: 46.613503 Build time 47.4153
h_total: 0 output_estimate: 960495616 sg: 14
Probe Kernel time GPU: 44.567551 Transfer size: 0 sg: 14
Transfer Time : 0.010240 Group Kernel time CPU: 0.003072 sg = 14 non demand time = 44.7619
Probe time 44.8246
Merge time 0.686816
Result:
Res count = 0
Query Execution Time: 94.9762
CPU Time: 0.534528
GPU Time: 46.6421
Transfer Time: 0.026432
Malloc Time: 0.0256

21

 Query: 21 1 19981231
Query Prepare Time: 102.414
 Query Prepare Time using cpu 0.10235

Query Optimization Time: 2.49667

s_suppkey
sg = 1
Build Kernel time GPU: 0.051232 p_partkey
sg = 3
Filter Build Kernel time GPU: 29.127680 d_datekey
sg = 1
Build Kernel time GPU: 46.615551 Build time 76.0658
h_total: 818320296 output_estimate: 960495616 sg: 14
Probe Kernel time GPU: 129.516541 Transfer size: 818320296 sg: 14
Transfer Time : 506.395660 Group Kernel time CPU: 18433.365234 sg = 14 non demand time = 19069.5
Probe time 19069.6
Merge time 0.497408
Result:
Res count = 0
Query Execution Time: 19148.1
CPU Time: 18433.4
GPU Time: 129.517
Transfer Time: 506.396
Malloc Time: 0.005344

11

 Query: 11 19930101 19931231
Query Prepare Time: 0.188768
 Query Prepare Time using cpu 0.000184536

Query Optimization Time: 2.08179

d_datekey
sg = 1
h_total: 365 output_estimate: 1048576 sg: 1
Filter Kernel time CPU: 0.117760 Transfer size: 365 sg: 1
Transfer Time: 0.012288 sg: 1
Build Kernel time GPU: 0.024576 Build time 0.272384
h_total: 19293954 output_estimate: 45362828 sg: 4
Filter Kernel time CPU: 10.490880 Transfer size: 19293954 sg: 4
Transfer Time : 3.086336 h_total: 19065074 output_estimate: 19293954 sg: 4
Probe Kernel time GPU: 0.960512 Transfer size: 19065074 sg: 4
Transfer Time : 6.113280 Aggr Kernel time CPU: 5.266432 sg = 4 non demand time = 26.1969
Probe time 26.3803
Merge time 0.003488
Result:
Res count = 0
Query Execution Time: 26.7996
CPU Time: 15.7573
GPU Time: 0.960512
Transfer Time: 9.19962
Malloc Time: 0.02048

33

 Query: 33 19920101 19971231
Query Prepare Time: 38.3169
 Query Prepare Time using cpu 0.0383048

Query Optimization Time: 2.41965

s_suppkey
sg = 3
Filter Build Kernel time GPU: 0.047968 d_datekey
sg = 1
h_total: 2192 output_estimate: 1048576 sg: 1
Filter Kernel time CPU: 0.229376 Transfer size: 2192 sg: 1
Transfer Time: 0.01024 sg: 1
Build Kernel time GPU: 0.015360 Build time 0.478336
h_total: 0 output_estimate: 876609536 sg: 14
Probe Kernel time GPU: 17.553375 Transfer size: 0 sg: 14
Transfer Time : 0.006144 Group Kernel time CPU: 0.001024 sg = 14 non demand time = 17.6765
Probe time 17.707
Merge time 0.242304
Result:
Res count = 0
Query Execution Time: 18.9175
CPU Time: 0.229376
GPU Time: 17.5534
Transfer Time: 0.01024
Malloc Time: 0.016352

12

 Query: 12 19940101 19940131
Query Prepare Time: 0.14576
 Query Prepare Time using cpu 0.000143766

Query Optimization Time: 1.98758

d_datekey
sg = 3
Filter Build Kernel time GPU: 0.040960 Build time 0.108576
h_total: 717523 output_estimate: 2974143 sg: 4
Filter Kernel time CPU: 1.577984 Transfer size: 717523 sg: 4
Transfer Time : 0.121856 h_total: 674310 output_estimate: 717523 sg: 4
Probe Kernel time GPU: 0.073632 Transfer size: 674310 sg: 4
Transfer Time : 0.230400 Aggr Kernel time CPU: 0.489472 sg = 4 non demand time = 2.6409
Probe time 2.67878
Merge time 0.002464
Result:
Res count = 0
Query Execution Time: 2.85907
CPU Time: 2.06746
GPU Time: 0.073632
Transfer Time: 0.352256
Malloc Time: 0.011168

34

 Query: 34 19971201 19971231
Query Prepare Time: 38.8008
 Query Prepare Time using cpu 0.0387888

Query Optimization Time: 2.25174

s_suppkey
sg = 3
Filter Build Kernel time GPU: 0.036064 d_datekey
sg = 3
Filter Build Kernel time GPU: 0.034592 Build time 0.198656
h_total: 0 output_estimate: 14680064 sg: 14
Probe Kernel time GPU: 0.318688 Transfer size: 0 sg: 14
Transfer Time : 0.006272 Group Kernel time CPU: 0.003072 sg = 14 non demand time = 0.439072
Probe time 0.464992
Merge time 0.330944
Result:
Res count = 0
Query Execution Time: 1.48442
CPU Time: 0.003072
GPU Time: 0.318688
Transfer Time: 0.006272
Malloc Time: 0.006112

12

 Query: 12 19940101 19940131
Query Prepare Time: 0.141504
 Query Prepare Time using cpu 0.00013876

Query Optimization Time: 1.9927

d_datekey
sg = 3
Filter Build Kernel time GPU: 0.038912 Build time 0.105472
h_total: 717523 output_estimate: 2974143 sg: 4
Filter Kernel time CPU: 2.102272 Transfer size: 717523 sg: 4
Transfer Time : 0.122880 h_total: 674310 output_estimate: 717523 sg: 4
Probe Kernel time GPU: 0.072704 Transfer size: 674310 sg: 4
Transfer Time : 0.230336 Aggr Kernel time CPU: 0.791552 sg = 4 non demand time = 3.4528
Probe time 3.48467
Merge time 0.001856
Result:
Res count = 0
Query Execution Time: 3.64474
CPU Time: 2.89382
GPU Time: 0.072704
Transfer Time: 0.353216
Malloc Time: 0.0072

22

 Query: 22 1 19981231
Query Prepare Time: 101.074
 Query Prepare Time using cpu 0.10101

Query Optimization Time: 2.49059

s_suppkey
sg = 1
h_total: 64276 output_estimate: 1048576 sg: 1
Filter Kernel time CPU: 0.489472 Transfer size: 64276 sg: 1
Transfer Time: 0.025504 sg: 1
Build Kernel time GPU: 0.028608 d_datekey
sg = 1
Build Kernel time GPU: 46.623775 Build time 47.3579
h_total: 0 output_estimate: 960495616 sg: 14
Probe Kernel time GPU: 45.060898 Transfer size: 0 sg: 14
Transfer Time : 0.004992 Group Kernel time CPU: 0.002048 sg = 14 non demand time = 45.1972
Probe time 45.2332
Merge time 0.77248
Result:
Res count = 0
Query Execution Time: 95.4151
CPU Time: 0.489472
GPU Time: 46.6524
Transfer Time: 0.025504
Malloc Time: 0.022624

21

 Query: 21 1 19981231
Query Prepare Time: 102.136
 Query Prepare Time using cpu 0.102072

Query Optimization Time: 2.54778

s_suppkey
sg = 1
Build Kernel time GPU: 0.036832 p_partkey
sg = 3
Filter Build Kernel time GPU: 29.108255 d_datekey
sg = 1
Build Kernel time GPU: 46.585728 Build time 75.9243
h_total: 818720101 output_estimate: 960495616 sg: 14
Probe Kernel time GPU: 129.465347 Transfer size: 818720101 sg: 14
Transfer Time : 506.959839 Group Kernel time CPU: 18424.029297 sg = 14 non demand time = 19060.7
Probe time 19060.7
Merge time 0.52272
Result:
Res count = 0
Query Execution Time: 19139.2
CPU Time: 18424
GPU Time: 129.465
Transfer Time: 506.96
Malloc Time: 0.006336

34

 Query: 34 19971201 19971231
Query Prepare Time: 41.0995
 Query Prepare Time using cpu 0.0410862

Query Optimization Time: 2.37056

s_suppkey
sg = 3
Filter Build Kernel time GPU: 0.027648 d_datekey
sg = 3
Filter Build Kernel time GPU: 0.027648 Build time 0.167936
h_total: 0 output_estimate: 14680064 sg: 14
Probe Kernel time GPU: 0.314368 Transfer size: 0 sg: 14
Transfer Time : 0.006144 Group Kernel time CPU: 0.003072 sg = 14 non demand time = 0.432128
Probe time 0.465888
Merge time 0.352
Result:
Res count = 0
Query Execution Time: 1.47827
CPU Time: 0.003072
GPU Time: 0.314368
Transfer Time: 0.006144
Malloc Time: 0.00416

34

 Query: 34 19971201 19971231
Query Prepare Time: 38.8203
 Query Prepare Time using cpu 0.0388067

Query Optimization Time: 2.38899

s_suppkey
sg = 3
Filter Build Kernel time GPU: 0.039840 d_datekey
sg = 3
Filter Build Kernel time GPU: 0.031872 Build time 0.241664
h_total: 0 output_estimate: 14680064 sg: 14
Probe Kernel time GPU: 0.326656 Transfer size: 0 sg: 14
Transfer Time : 0.012064 Group Kernel time CPU: 0.001024 sg = 14 non demand time = 0.45568
Probe time 0.489632
Merge time 0.38784
Result:
Res count = 0
Query Execution Time: 1.61037
CPU Time: 0.001024
GPU Time: 0.326656
Transfer Time: 0.012064
Malloc Time: 0.006176

32

 Query: 32 19920101 19971231
Query Prepare Time: 38.5667
 Query Prepare Time using cpu 0.0385532

Query Optimization Time: 2.31014

s_suppkey
sg = 3
Filter Build Kernel time GPU: 0.035840 d_datekey
sg = 1
h_total: 2192 output_estimate: 1048576 sg: 1
Filter Kernel time CPU: 0.256896 Transfer size: 2192 sg: 1
Transfer Time: 0.010368 sg: 1
Build Kernel time GPU: 0.017408 Build time 0.517056
h_total: 0 output_estimate: 876609536 sg: 14
Probe Kernel time GPU: 19.521536 Transfer size: 0 sg: 14
Transfer Time : 0.015360 Group Kernel time CPU: 0.001024 sg = 14 non demand time = 19.668
Probe time 19.7202
Merge time 0.236512
Result:
Res count = 0
Query Execution Time: 20.9667
CPU Time: 0.256896
GPU Time: 19.5215
Transfer Time: 0.01536
Malloc Time: 0.01648

13

 Query: 13 19940204 19940210
Query Prepare Time: 0.11456
 Query Prepare Time using cpu 0.000105143

Query Optimization Time: 2.07677

d_datekey
sg = 3
Filter Build Kernel time GPU: 0.033792 Build time 0.098528
h_total: 202581 output_estimate: 514755 sg: 4
Filter Kernel time CPU: 0.581632 Transfer size: 202581 sg: 4
Transfer Time : 0.044896 h_total: 152125 output_estimate: 202581 sg: 4
Probe Kernel time GPU: 0.045056 Transfer size: 152125 sg: 4
Transfer Time : 0.082944 Aggr Kernel time CPU: 0.138464 sg = 4 non demand time = 1.02605
Probe time 1.06189
Merge time 0.00208
Result:
Res count = 0
Query Execution Time: 1.2249
CPU Time: 0.720096
GPU Time: 0.045056
Transfer Time: 0.12784
Malloc Time: 0.006144

42

 Query: 42 19970101 19981231
Query Prepare Time: 76.6425
 Query Prepare Time using cpu 0.0766373

Query Optimization Time: 2.45539

s_suppkey
sg = 1
h_total: 64071 output_estimate: 1048576 sg: 1
Filter Kernel time CPU: 0.425984 Transfer size: 64071 sg: 1
Transfer Time: 0.0256 sg: 1
Build Kernel time GPU: 0.029728 p_partkey
sg = 1
h_total: 160432128 output_estimate: 160432128 sg: 1
Filter Kernel time CPU: 11.026432 Transfer size: 160432128 sg: 1
Transfer Time: 24.0191 sg: 1
Build Kernel time GPU: 33.125378 d_datekey
sg = 1
h_total: 729 output_estimate: 1048576 sg: 1
Filter Kernel time CPU: 0.450560 Transfer size: 729 sg: 1
Transfer Time: 0.010272 sg: 1
Build Kernel time GPU: 0.022528 Build time 69.6228
h_total: 0 output_estimate: 231735296 sg: 60
Probe Kernel time GPU: 10.272768 Transfer size: 0 sg: 60
Transfer Time : 0.010240 Group Kernel time CPU: 0.001024 sg = 60 non demand time = 10.4172
Probe time 10.4468
Merge time 0.021984
Result:
Res count = 0
Query Execution Time: 80.1561
CPU Time: 11.903
GPU Time: 33.1776
Transfer Time: 24.055
Malloc Time: 0.086688

21

 Query: 21 1 19981231
Query Prepare Time: 86.5173
 Query Prepare Time using cpu 0.0864503

Query Optimization Time: 2.44122

s_suppkey
sg = 1
Build Kernel time GPU: 0.043008 p_partkey
sg = 3
Filter Build Kernel time GPU: 29.124607 d_datekey
sg = 1
Build Kernel time GPU: 46.614494 Build time 76.0351
h_total: 819096183 output_estimate: 960495616 sg: 14
Probe Kernel time GPU: 129.535843 Transfer size: 819096183 sg: 14
Transfer Time : 506.854431 Group Kernel time CPU: 18442.683594 sg = 14 non demand time = 19079.3
Probe time 19079.4
Merge time 0.491328
Result:
Res count = 0
Query Execution Time: 19157.9
CPU Time: 18442.7
GPU Time: 129.536
Transfer Time: 506.854
Malloc Time: 0.00512

34

 Query: 34 19971201 19971231
Query Prepare Time: 40.7856
 Query Prepare Time using cpu 0.0407724

Query Optimization Time: 2.32038

s_suppkey
sg = 3
Filter Build Kernel time GPU: 0.027648 d_datekey
sg = 3
Filter Build Kernel time GPU: 0.032768 Build time 0.182272
h_total: 0 output_estimate: 14680064 sg: 14
Probe Kernel time GPU: 0.315392 Transfer size: 0 sg: 14
Transfer Time : 0.007072 Group Kernel time CPU: 0.001024 sg = 14 non demand time = 0.422912
Probe time 0.463872
Merge time 0.265952
Result:
Res count = 0
Query Execution Time: 1.42893
CPU Time: 0.001024
GPU Time: 0.315392
Transfer Time: 0.007072
Malloc Time: 0.005152

22

 Query: 22 1 19981231
Query Prepare Time: 102.187
 Query Prepare Time using cpu 0.102121

Query Optimization Time: 2.48013

s_suppkey
sg = 1
h_total: 64276 output_estimate: 1048576 sg: 1
Filter Kernel time CPU: 0.292960 Transfer size: 64276 sg: 1
Transfer Time: 0.030592 sg: 1
Build Kernel time GPU: 0.026624 d_datekey
sg = 1
Build Kernel time GPU: 46.601185 Build time 47.1644
h_total: 0 output_estimate: 960495616 sg: 14
Probe Kernel time GPU: 45.062145 Transfer size: 0 sg: 14
Transfer Time : 0.009216 Group Kernel time CPU: 0.002912 sg = 14 non demand time = 45.2393
Probe time 45.3019
Merge time 0.605184
Result:
Res count = 0
Query Execution Time: 95.1214
CPU Time: 0.29296
GPU Time: 46.6278
Transfer Time: 0.030592
Malloc Time: 0.023424

12

 Query: 12 19940101 19940131
Query Prepare Time: 0.153664
 Query Prepare Time using cpu 0.000151157

Query Optimization Time: 2.11251

d_datekey
sg = 3
Filter Build Kernel time GPU: 0.034816 Build time 0.093184
h_total: 717523 output_estimate: 2974143 sg: 4
Filter Kernel time CPU: 1.722368 Transfer size: 717523 sg: 4
Transfer Time : 0.122880 h_total: 674310 output_estimate: 717523 sg: 4
Probe Kernel time GPU: 0.072704 Transfer size: 674310 sg: 4
Transfer Time : 0.256928 Aggr Kernel time CPU: 0.515232 sg = 4 non demand time = 2.83546
Probe time 2.8825
Merge time 0.002272
Result:
Res count = 0
Query Execution Time: 3.03968
CPU Time: 2.2376
GPU Time: 0.072704
Transfer Time: 0.379808
Malloc Time: 0.00912

32

 Query: 32 19920101 19971231
Query Prepare Time: 39.4458
 Query Prepare Time using cpu 0.0394313

Query Optimization Time: 2.37171

s_suppkey
sg = 3
Filter Build Kernel time GPU: 0.029632 d_datekey
sg = 1
h_total: 2192 output_estimate: 1048576 sg: 1
Filter Kernel time CPU: 0.450368 Transfer size: 2192 sg: 1
Transfer Time: 0.01024 sg: 1
Build Kernel time GPU: 0.015360 Build time 0.67584
h_total: 0 output_estimate: 876609536 sg: 14
Probe Kernel time GPU: 19.459072 Transfer size: 0 sg: 14
Transfer Time : 0.010240 Group Kernel time CPU: 0.001856 sg = 14 non demand time = 19.6333
Probe time 19.6791
Merge time 0.392864
Result:
Res count = 0
Query Execution Time: 21.242
CPU Time: 0.450368
GPU Time: 19.4591
Transfer Time: 0.01024
Malloc Time: 0.016384

32

 Query: 32 19920101 19971231
Query Prepare Time: 39.9068
 Query Prepare Time using cpu 0.0398941

Query Optimization Time: 2.3919

s_suppkey
sg = 3
Filter Build Kernel time GPU: 0.037952 d_datekey
sg = 1
h_total: 2192 output_estimate: 1048576 sg: 1
Filter Kernel time CPU: 0.413792 Transfer size: 2192 sg: 1
Transfer Time: 0.01024 sg: 1
Build Kernel time GPU: 0.016384 Build time 0.672768
h_total: 0 output_estimate: 876609536 sg: 14
Probe Kernel time GPU: 19.172352 Transfer size: 0 sg: 14
Transfer Time : 0.007008 Group Kernel time CPU: 0.001856 sg = 14 non demand time = 19.3014
Probe time 19.3331
Merge time 0.384864
Result:
Res count = 0
Query Execution Time: 20.8801
CPU Time: 0.413792
GPU Time: 19.1724
Transfer Time: 0.01024
Malloc Time: 0.01536

33

 Query: 33 19920101 19971231
Query Prepare Time: 40.0405
 Query Prepare Time using cpu 0.0400293

Query Optimization Time: 2.38912

s_suppkey
sg = 3
Filter Build Kernel time GPU: 0.036864 d_datekey
sg = 1
h_total: 2192 output_estimate: 1048576 sg: 1
Filter Kernel time CPU: 0.423936 Transfer size: 2192 sg: 1
Transfer Time: 0.01024 sg: 1
Build Kernel time GPU: 0.015392 Build time 0.702464
h_total: 0 output_estimate: 876609536 sg: 14
Probe Kernel time GPU: 17.121056 Transfer size: 0 sg: 14
Transfer Time : 0.009216 Group Kernel time CPU: 0.001856 sg = 14 non demand time = 17.2572
Probe time 17.2943
Merge time 0.37232
Result:
Res count = 0
Query Execution Time: 18.8544
CPU Time: 0.423936
GPU Time: 17.1211
Transfer Time: 0.01024
Malloc Time: 0.016224

23

 Query: 23 1 19981231
Query Prepare Time: 101.268
 Query Prepare Time using cpu 0.101202

Query Optimization Time: 2.52294

s_suppkey
sg = 1
h_total: 64068 output_estimate: 1048576 sg: 1
Filter Kernel time CPU: 0.508992 Transfer size: 64068 sg: 1
Transfer Time: 0.026656 sg: 1
Build Kernel time GPU: 0.029696 d_datekey
sg = 1
Build Kernel time GPU: 46.607361 Build time 47.3764
h_total: 0 output_estimate: 960495616 sg: 14
Probe Kernel time GPU: 40.682274 Transfer size: 0 sg: 14
Transfer Time : 0.008448 Group Kernel time CPU: 0.003072 sg = 14 non demand time = 40.8668
Probe time 40.9272
Merge time 0.774976
Result:
Res count = 0
Query Execution Time: 91.1348
CPU Time: 0.508992
GPU Time: 46.6371
Transfer Time: 0.026656
Malloc Time: 0.025536

42

 Query: 42 19970101 19981231
Query Prepare Time: 75.9189
 Query Prepare Time using cpu 0.0759139

Query Optimization Time: 2.45152

s_suppkey
sg = 1
h_total: 64071 output_estimate: 1048576 sg: 1
Filter Kernel time CPU: 0.846688 Transfer size: 64071 sg: 1
Transfer Time: 0.027648 sg: 1
Build Kernel time GPU: 0.034816 p_partkey
sg = 1
h_total: 160432128 output_estimate: 160432128 sg: 1
Filter Kernel time CPU: 14.483264 Transfer size: 160432128 sg: 1
Transfer Time: 24.018 sg: 1
Build Kernel time GPU: 33.111038 d_datekey
sg = 1
h_total: 729 output_estimate: 1048576 sg: 1
Filter Kernel time CPU: 0.484128 Transfer size: 729 sg: 1
Transfer Time: 0.011264 sg: 1
Build Kernel time GPU: 0.022496 Build time 73.5151
h_total: 0 output_estimate: 231735296 sg: 60
Probe Kernel time GPU: 10.269696 Transfer size: 0 sg: 60
Transfer Time : 0.007168 Group Kernel time CPU: 0.001024 sg = 60 non demand time = 10.405
Probe time 10.4335
Merge time 0.023168
Result:
Res count = 0
Query Execution Time: 84.0349
CPU Time: 15.8141
GPU Time: 33.1684
Transfer Time: 24.0569
Malloc Time: 0.073824

33

 Query: 33 19920101 19971231
Query Prepare Time: 38.5384
 Query Prepare Time using cpu 0.0385258

Query Optimization Time: 2.4639

s_suppkey
sg = 3
Filter Build Kernel time GPU: 0.036864 d_datekey
sg = 1
h_total: 2192 output_estimate: 1048576 sg: 1
Filter Kernel time CPU: 0.442368 Transfer size: 2192 sg: 1
Transfer Time: 0.012288 sg: 1
Build Kernel time GPU: 0.016384 Build time 0.711648
h_total: 0 output_estimate: 876609536 sg: 14
Probe Kernel time GPU: 17.076223 Transfer size: 0 sg: 14
Transfer Time : 0.010240 Group Kernel time CPU: 0.003936 sg = 14 non demand time = 17.2319
Probe time 17.2749
Merge time 0.381888
Result:
Res count = 0
Query Execution Time: 18.8858
CPU Time: 0.442368
GPU Time: 17.0762
Transfer Time: 0.012288
Malloc Time: 0.014336

21

 Query: 21 1 19981231
Query Prepare Time: 101.362
 Query Prepare Time using cpu 0.101298

Query Optimization Time: 2.55395

s_suppkey
sg = 1
Build Kernel time GPU: 0.047104 p_partkey
sg = 3
Filter Build Kernel time GPU: 29.136641 d_datekey
sg = 1
Build Kernel time GPU: 46.592930 Build time 76.0596
h_total: 818645172 output_estimate: 960495616 sg: 14
Probe Kernel time GPU: 129.421310 Transfer size: 818645172 sg: 14
Transfer Time : 506.903564 Group Kernel time CPU: 18444.751953 sg = 14 non demand time = 19081.3
Probe time 19081.4
Merge time 0.576096
Result:
Res count = 0
Query Execution Time: 19160
CPU Time: 18444.8
GPU Time: 129.421
Transfer Time: 506.904
Malloc Time: 0.006112

43

 Query: 43 19970101 19981231
Query Prepare Time: 79.1353
 Query Prepare Time using cpu 0.0790765

Query Optimization Time: 2.4393

s_suppkey
sg = 3
Filter Build Kernel time GPU: 0.029696 d_datekey
sg = 1
h_total: 729 output_estimate: 1048576 sg: 1
Filter Kernel time CPU: 0.223264 Transfer size: 729 sg: 1
Transfer Time: 0.009216 sg: 1
Build Kernel time GPU: 0.015360 Build time 0.441344
h_total: 0 output_estimate: 231735296 sg: 60
Probe Kernel time GPU: 6.338592 Transfer size: 0 sg: 60
Transfer Time : 0.010240 Group Kernel time CPU: 0.002048 sg = 60 non demand time = 6.50746
Probe time 6.54234
Merge time 0.84384
Result:
Res count = 0
Query Execution Time: 9.60515
CPU Time: 0.223264
GPU Time: 6.33859
Transfer Time: 0.01024
Malloc Time: 0.013152

13

 Query: 13 19940204 19940210
Query Prepare Time: 0.133504
 Query Prepare Time using cpu 0.00013113

Query Optimization Time: 2.05619

d_datekey
sg = 3
Filter Build Kernel time GPU: 0.025728 Build time 0.073728
h_total: 202581 output_estimate: 514755 sg: 4
Filter Kernel time CPU: 0.455872 Transfer size: 202581 sg: 4
Transfer Time : 0.044160 h_total: 152125 output_estimate: 202581 sg: 4
Probe Kernel time GPU: 0.039936 Transfer size: 152125 sg: 4
Transfer Time : 0.077824 Aggr Kernel time CPU: 0.136192 sg = 4 non demand time = 0.886784
Probe time 0.919584
Merge time 0.003136
Result:
Res count = 0
Query Execution Time: 1.05318
CPU Time: 0.592064
GPU Time: 0.039936
Transfer Time: 0.121984
Malloc Time: 0.006944

43

 Query: 43 19970101 19981231
Query Prepare Time: 78.3361
 Query Prepare Time using cpu 0.0782781

Query Optimization Time: 2.47715

s_suppkey
sg = 3
Filter Build Kernel time GPU: 0.044864 d_datekey
sg = 1
h_total: 729 output_estimate: 1048576 sg: 1
Filter Kernel time CPU: 0.273312 Transfer size: 729 sg: 1
Transfer Time: 0.009216 sg: 1
Build Kernel time GPU: 0.016256 Build time 0.553984
h_total: 0 output_estimate: 231735296 sg: 60
Probe Kernel time GPU: 6.337632 Transfer size: 0 sg: 60
Transfer Time : 0.012288 Group Kernel time CPU: 0.003968 sg = 60 non demand time = 6.47168
Probe time 6.51149
Merge time 0.934528
Result:
Res count = 0
Query Execution Time: 9.77757
CPU Time: 0.273312
GPU Time: 6.33763
Transfer Time: 0.012288
Malloc Time: 0.016256

33

 Query: 33 19920101 19971231
Query Prepare Time: 40.5009
 Query Prepare Time using cpu 0.0404861

Query Optimization Time: 2.52099

s_suppkey
sg = 3
Filter Build Kernel time GPU: 0.027648 d_datekey
sg = 1
h_total: 2192 output_estimate: 1048576 sg: 1
Filter Kernel time CPU: 0.365568 Transfer size: 2192 sg: 1
Transfer Time: 0.01024 sg: 1
Build Kernel time GPU: 0.017408 Build time 0.580736
h_total: 0 output_estimate: 876609536 sg: 14
Probe Kernel time GPU: 17.525761 Transfer size: 0 sg: 14
Transfer Time : 0.013440 Group Kernel time CPU: 0.002048 sg = 14 non demand time = 17.6701
Probe time 17.7039
Merge time 0.409376
Result:
Res count = 0
Query Execution Time: 19.1767
CPU Time: 0.365568
GPU Time: 17.5258
Transfer Time: 0.01344
Malloc Time: 0.013312

32

 Query: 32 19920101 19971231
Query Prepare Time: 40.5168
 Query Prepare Time using cpu 0.0405033

Query Optimization Time: 2.4361

s_suppkey
sg = 3
Filter Build Kernel time GPU: 0.030720 d_datekey
sg = 1
h_total: 2192 output_estimate: 1048576 sg: 1
Filter Kernel time CPU: 0.356352 Transfer size: 2192 sg: 1
Transfer Time: 0.01024 sg: 1
Build Kernel time GPU: 0.015360 Build time 0.571392
h_total: 0 output_estimate: 876609536 sg: 14
Probe Kernel time GPU: 19.527552 Transfer size: 0 sg: 14
Transfer Time : 0.009216 Group Kernel time CPU: 0.003264 sg = 14 non demand time = 19.6864
Probe time 19.7416
Merge time 0.477152
Result:
Res count = 0
Query Execution Time: 21.2824
CPU Time: 0.356352
GPU Time: 19.5276
Transfer Time: 0.01024
Malloc Time: 0.01344

22

 Query: 22 1 19981231
Query Prepare Time: 100.541
 Query Prepare Time using cpu 0.100482

Query Optimization Time: 2.55386

s_suppkey
sg = 1
h_total: 64276 output_estimate: 1048576 sg: 1
Filter Kernel time CPU: 0.528384 Transfer size: 64276 sg: 1
Transfer Time: 0.0256 sg: 1
Build Kernel time GPU: 0.027648 d_datekey
sg = 1
Build Kernel time GPU: 46.626015 Build time 47.4163
h_total: 0 output_estimate: 960495616 sg: 14
Probe Kernel time GPU: 45.082623 Transfer size: 0 sg: 14
Transfer Time : 0.009216 Group Kernel time CPU: 0.003072 sg = 14 non demand time = 45.268
Probe time 45.3202
Merge time 0.821856
Result:
Res count = 0
Query Execution Time: 95.6063
CPU Time: 0.528384
GPU Time: 46.6537
Transfer Time: 0.0256
Malloc Time: 0.025536

13

 Query: 13 19940204 19940210
Query Prepare Time: 0.112384
 Query Prepare Time using cpu 0.000109911

Query Optimization Time: 2.14528

d_datekey
sg = 3
Filter Build Kernel time GPU: 0.029696 Build time 0.075776
h_total: 202581 output_estimate: 514755 sg: 4
Filter Kernel time CPU: 0.836608 Transfer size: 202581 sg: 4
Transfer Time : 0.044928 h_total: 152125 output_estimate: 202581 sg: 4
Probe Kernel time GPU: 0.040960 Transfer size: 152125 sg: 4
Transfer Time : 0.080864 Aggr Kernel time CPU: 0.138464 sg = 4 non demand time = 1.30355
Probe time 1.34144
Merge time 0.002304
Result:
Res count = 0
Query Execution Time: 1.47178
CPU Time: 0.975072
GPU Time: 0.04096
Transfer Time: 0.125792
Malloc Time: 0.006144

11

 Query: 11 19930101 19931231
Query Prepare Time: 0.143712
 Query Prepare Time using cpu 0.000141382

Query Optimization Time: 1.9456

d_datekey
sg = 1
h_total: 365 output_estimate: 1048576 sg: 1
Filter Kernel time CPU: 0.209920 Transfer size: 365 sg: 1
Transfer Time: 0.009184 sg: 1
Build Kernel time GPU: 0.018432 Build time 0.34304
h_total: 19293954 output_estimate: 45362828 sg: 4
Filter Kernel time CPU: 20.859072 Transfer size: 19293954 sg: 4
Transfer Time : 3.097600 h_total: 19065074 output_estimate: 19293954 sg: 4
Probe Kernel time GPU: 0.957376 Transfer size: 19065074 sg: 4
Transfer Time : 6.100992 Aggr Kernel time CPU: 5.647360 sg = 4 non demand time = 36.865
Probe time 36.9644
Merge time 0.003552
Result:
Res count = 0
Query Execution Time: 37.3824
CPU Time: 26.5064
GPU Time: 0.957376
Transfer Time: 9.19859
Malloc Time: 0.016448

22

 Query: 22 1 19981231
Query Prepare Time: 101.164
 Query Prepare Time using cpu 0.101101

Query Optimization Time: 2.53344

s_suppkey
sg = 1
h_total: 64276 output_estimate: 1048576 sg: 1
Filter Kernel time CPU: 0.462848 Transfer size: 64276 sg: 1
Transfer Time: 0.023808 sg: 1
Build Kernel time GPU: 0.030720 d_datekey
sg = 1
Build Kernel time GPU: 46.603264 Build time 47.319
h_total: 0 output_estimate: 960495616 sg: 14
Probe Kernel time GPU: 44.537888 Transfer size: 0 sg: 14
Transfer Time : 0.006208 Group Kernel time CPU: 0.001024 sg = 14 non demand time = 44.6986
Probe time 44.7588
Merge time 0.741568
Result:
Res count = 0
Query Execution Time: 94.869
CPU Time: 0.462848
GPU Time: 46.634
Transfer Time: 0.023808
Malloc Time: 0.02352

41

 Query: 41 19920101 19981231
Query Prepare Time: 76.0623
 Query Prepare Time using cpu 0.0760586

Query Optimization Time: 2.56614

s_suppkey
sg = 1
h_total: 64071 output_estimate: 1048576 sg: 1
Filter Kernel time CPU: 0.465920 Transfer size: 64071 sg: 1
Transfer Time: 0.024576 sg: 1
Build Kernel time GPU: 0.026624 p_partkey
sg = 1
h_total: 160432128 output_estimate: 160432128 sg: 1
Filter Kernel time CPU: 12.001280 Transfer size: 160432128 sg: 1
Transfer Time: 24.0189 sg: 1
Build Kernel time GPU: 32.672768 d_datekey
sg = 1
Build Kernel time GPU: 7.059456 Build time 76.6607
h_total: 0 output_estimate: 960495616 sg: 60
Probe Kernel time GPU: 39.266304 Transfer size: 0 sg: 60
Transfer Time : 0.010240 Group Kernel time CPU: 0.002880 sg = 60 non demand time = 39.4414
Probe time 39.5068
Merge time 0.00688
Result:
Res count = 0
Query Execution Time: 116.253
CPU Time: 12.4672
GPU Time: 39.7588
Transfer Time: 24.0435
Malloc Time: 0.060192

21

 Query: 21 1 19981231
Query Prepare Time: 101.497
 Query Prepare Time using cpu 0.101432

Query Optimization Time: 2.50675

s_suppkey
sg = 1
Build Kernel time GPU: 0.046080 p_partkey
sg = 3
Filter Build Kernel time GPU: 29.132704 d_datekey
sg = 1
Build Kernel time GPU: 46.619488 Build time 76.0853
h_total: 818651866 output_estimate: 960495616 sg: 14
Probe Kernel time GPU: 129.298462 Transfer size: 818651866 sg: 14
Transfer Time : 506.969696 Group Kernel time CPU: 18428.376953 sg = 14 non demand time = 19064.8
Probe time 19064.9
Merge time 0.577536
Result:
Res count = 0
Query Execution Time: 19143.5
CPU Time: 18428.4
GPU Time: 129.298
Transfer Time: 506.97
Malloc Time: 0.00592

21

 Query: 21 1 19981231
Query Prepare Time: 99.3775
 Query Prepare Time using cpu 0.0993145

Query Optimization Time: 2.48851

s_suppkey
sg = 1
Build Kernel time GPU: 0.047104 p_partkey
sg = 3
Filter Build Kernel time GPU: 29.138945 d_datekey
sg = 1
Build Kernel time GPU: 46.591999 Build time 76.032
h_total: 818736568 output_estimate: 960495616 sg: 14
Probe Kernel time GPU: 130.342911 Transfer size: 818736568 sg: 14
Transfer Time : 506.655731 Group Kernel time CPU: 18404.658203 sg = 14 non demand time = 19041.8
Probe time 19041.9
Merge time 0.547328
Result:
Res count = 0
Query Execution Time: 19120.5
CPU Time: 18404.7
GPU Time: 130.343
Transfer Time: 506.656
Malloc Time: 0.004896

42

 Query: 42 19970101 19981231
Query Prepare Time: 74.4306
 Query Prepare Time using cpu 0.0744281

Query Optimization Time: 2.39827

s_suppkey
sg = 1
h_total: 64071 output_estimate: 1048576 sg: 1
Filter Kernel time CPU: 0.246784 Transfer size: 64071 sg: 1
Transfer Time: 0.0256 sg: 1
Build Kernel time GPU: 0.031648 p_partkey
sg = 1
h_total: 160432128 output_estimate: 160432128 sg: 1
Filter Kernel time CPU: 8.728576 Transfer size: 160432128 sg: 1
Transfer Time: 24.0179 sg: 1
Build Kernel time GPU: 33.125504 d_datekey
sg = 1
h_total: 729 output_estimate: 1048576 sg: 1
Filter Kernel time CPU: 0.268288 Transfer size: 729 sg: 1
Transfer Time: 0.011264 sg: 1
Build Kernel time GPU: 0.023328 Build time 66.8763
h_total: 0 output_estimate: 231735296 sg: 60
Probe Kernel time GPU: 10.270528 Transfer size: 0 sg: 60
Transfer Time : 0.008032 Group Kernel time CPU: 0.001024 sg = 60 non demand time = 10.3996
Probe time 10.4305
Merge time 0.066176
Result:
Res count = 0
Query Execution Time: 77.4377
CPU Time: 9.24365
GPU Time: 33.1805
Transfer Time: 24.0548
Malloc Time: 0.071456

32

 Query: 32 19920101 19971231
Query Prepare Time: 37.0496
 Query Prepare Time using cpu 0.0370364

Query Optimization Time: 2.41664

s_suppkey
sg = 3
Filter Build Kernel time GPU: 0.045184 d_datekey
sg = 1
h_total: 2192 output_estimate: 1048576 sg: 1
Filter Kernel time CPU: 0.246880 Transfer size: 2192 sg: 1
Transfer Time: 0.009344 sg: 1
Build Kernel time GPU: 0.016320 Build time 0.505856
h_total: 0 output_estimate: 876609536 sg: 14
Probe Kernel time GPU: 19.519487 Transfer size: 0 sg: 14
Transfer Time : 0.006080 Group Kernel time CPU: 0.002048 sg = 14 non demand time = 19.6506
Probe time 19.6874
Merge time 0.395776
Result:
Res count = 0
Query Execution Time: 21.0814
CPU Time: 0.24688
GPU Time: 19.5195
Transfer Time: 0.009344
Malloc Time: 0.014336

31

 Query: 31 19920101 19971231
Query Prepare Time: 36.547
 Query Prepare Time using cpu 0.0365446

Query Optimization Time: 2.40742

s_suppkey
sg = 1
h_total: 64276 output_estimate: 1048576 sg: 1
Filter Kernel time CPU: 0.425984 Transfer size: 64276 sg: 1
Transfer Time: 0.026624 sg: 1
Build Kernel time GPU: 0.027648 d_datekey
sg = 1
h_total: 2192 output_estimate: 1048576 sg: 1
Filter Kernel time CPU: 0.165888 Transfer size: 2192 sg: 1
Transfer Time: 0.01024 sg: 1
Build Kernel time GPU: 0.014336 Build time 0.883712
h_total: 0 output_estimate: 876609536 sg: 14
Probe Kernel time GPU: 32.373856 Transfer size: 0 sg: 14
Transfer Time : 0.004096 Group Kernel time CPU: 0.001024 sg = 14 non demand time = 32.4854
Probe time 32.514
Merge time 0.021696
Result:
Res count = 0
Query Execution Time: 33.4713
CPU Time: 0.591872
GPU Time: 32.3739
Transfer Time: 0.036864
Malloc Time: 0.036896

34

 Query: 34 19971201 19971231
Query Prepare Time: 32.957
 Query Prepare Time using cpu 0.032944

Query Optimization Time: 2.25795

s_suppkey
sg = 3
Filter Build Kernel time GPU: 0.035840 d_datekey
sg = 3
Filter Build Kernel time GPU: 0.029696 Build time 0.187392
h_total: 0 output_estimate: 14680064 sg: 14
Probe Kernel time GPU: 0.316416 Transfer size: 0 sg: 14
Transfer Time : 0.006368 Group Kernel time CPU: 0.002816 sg = 14 non demand time = 0.429056
Probe time 0.45056
Merge time 0.55344
Result:
Res count = 0
Query Execution Time: 1.6783
CPU Time: 0.002816
GPU Time: 0.316416
Transfer Time: 0.006368
Malloc Time: 0.006272

23

 Query: 23 1 19981231
Query Prepare Time: 92.2777
 Query Prepare Time using cpu 0.0922115

Query Optimization Time: 2.45043

s_suppkey
sg = 1
h_total: 64068 output_estimate: 1048576 sg: 1
Filter Kernel time CPU: 0.521216 Transfer size: 64068 sg: 1
Transfer Time: 0.024576 sg: 1
Build Kernel time GPU: 0.038912 d_datekey
sg = 1
Build Kernel time GPU: 46.610306 Build time 47.3602
h_total: 0 output_estimate: 960495616 sg: 14
Probe Kernel time GPU: 40.663040 Transfer size: 0 sg: 14
Transfer Time : 0.005312 Group Kernel time CPU: 0.001856 sg = 14 non demand time = 40.8074
Probe time 40.8515
Merge time 0.740288
Result:
Res count = 0
Query Execution Time: 90.9879
CPU Time: 0.521216
GPU Time: 46.6492
Transfer Time: 0.024576
Malloc Time: 0.023552

13

 Query: 13 19940204 19940210
Query Prepare Time: 0.12016
 Query Prepare Time using cpu 0.000116825

Query Optimization Time: 2.06541

d_datekey
sg = 3
Filter Build Kernel time GPU: 0.025600 Build time 0.069632
h_total: 202581 output_estimate: 514755 sg: 4
Filter Kernel time CPU: 0.878592 Transfer size: 202581 sg: 4
Transfer Time : 0.044032 h_total: 152125 output_estimate: 202581 sg: 4
Probe Kernel time GPU: 0.036864 Transfer size: 152125 sg: 4
Transfer Time : 0.075808 Aggr Kernel time CPU: 0.148480 sg = 4 non demand time = 1.33123
Probe time 1.36397
Merge time 0.001856
Result:
Res count = 0
Query Execution Time: 1.48438
CPU Time: 1.02707
GPU Time: 0.036864
Transfer Time: 0.11984
Malloc Time: 0.006144

11

 Query: 11 19930101 19931231
Query Prepare Time: 0.12432
 Query Prepare Time using cpu 0.000121117

Query Optimization Time: 1.89133

d_datekey
sg = 1
h_total: 365 output_estimate: 1048576 sg: 1
Filter Kernel time CPU: 0.196608 Transfer size: 365 sg: 1
Transfer Time: 0.009216 sg: 1
Build Kernel time GPU: 0.016576 Build time 0.318464
h_total: 19293954 output_estimate: 45362828 sg: 4
Filter Kernel time CPU: 21.047297 Transfer size: 19293954 sg: 4
Transfer Time : 3.083456 h_total: 19065074 output_estimate: 19293954 sg: 4
Probe Kernel time GPU: 0.966656 Transfer size: 19065074 sg: 4
Transfer Time : 6.097984 Aggr Kernel time CPU: 5.413696 sg = 4 non demand time = 36.8046
Probe time 36.8927
Merge time 0.00496
Result:
Res count = 0
Query Execution Time: 37.2847
CPU Time: 26.461
GPU Time: 0.966656
Transfer Time: 9.18144
Malloc Time: 0.017312

23

 Query: 23 1 19981231
Query Prepare Time: 98.7134
 Query Prepare Time using cpu 0.0986476

Query Optimization Time: 2.45453

s_suppkey
sg = 1
h_total: 64068 output_estimate: 1048576 sg: 1
Filter Kernel time CPU: 0.513024 Transfer size: 64068 sg: 1
Transfer Time: 0.026784 sg: 1
Build Kernel time GPU: 0.027648 d_datekey
sg = 1
Build Kernel time GPU: 46.614494 Build time 47.3528
h_total: 0 output_estimate: 960495616 sg: 14
Probe Kernel time GPU: 40.675327 Transfer size: 0 sg: 14
Transfer Time : 0.005184 Group Kernel time CPU: 0.002048 sg = 14 non demand time = 40.8279
Probe time 40.8873
Merge time 0.810144
Result:
Res count = 0
Query Execution Time: 91.0829
CPU Time: 0.513024
GPU Time: 46.6421
Transfer Time: 0.026784
Malloc Time: 0.024576

32

 Query: 32 19920101 19971231
Query Prepare Time: 39.3079
 Query Prepare Time using cpu 0.0392942

Query Optimization Time: 2.40026

s_suppkey
sg = 3
Filter Build Kernel time GPU: 0.038912 d_datekey
sg = 1
h_total: 2192 output_estimate: 1048576 sg: 1
Filter Kernel time CPU: 0.409600 Transfer size: 2192 sg: 1
Transfer Time: 0.011264 sg: 1
Build Kernel time GPU: 0.015360 Build time 0.654112
h_total: 0 output_estimate: 876609536 sg: 14
Probe Kernel time GPU: 19.160065 Transfer size: 0 sg: 14
Transfer Time : 0.005120 Group Kernel time CPU: 0.002048 sg = 14 non demand time = 19.2919
Probe time 19.3239
Merge time 0.497408
Result:
Res count = 0
Query Execution Time: 20.961
CPU Time: 0.4096
GPU Time: 19.1601
Transfer Time: 0.011264
Malloc Time: 0.01344

41

 Query: 41 19920101 19981231
Query Prepare Time: 73.8629
 Query Prepare Time using cpu 0.0738559

Query Optimization Time: 2.52723

s_suppkey
sg = 1
h_total: 64071 output_estimate: 1048576 sg: 1
Filter Kernel time CPU: 0.504832 Transfer size: 64071 sg: 1
Transfer Time: 0.026656 sg: 1
Build Kernel time GPU: 0.026624 p_partkey
sg = 1
h_total: 160432128 output_estimate: 160432128 sg: 1
Filter Kernel time CPU: 11.808768 Transfer size: 160432128 sg: 1
Transfer Time: 24.0159 sg: 1
Build Kernel time GPU: 32.673794 d_datekey
sg = 1
Build Kernel time GPU: 7.050464 Build time 76.4477
h_total: 0 output_estimate: 960495616 sg: 60
Probe Kernel time GPU: 39.271458 Transfer size: 0 sg: 60
Transfer Time : 0.007168 Group Kernel time CPU: 0.002016 sg = 60 non demand time = 39.4259
Probe time 39.4619
Merge time 0.0056
Result:
Res count = 0
Query Execution Time: 115.993
CPU Time: 12.3136
GPU Time: 39.7509
Transfer Time: 24.0425
Malloc Time: 0.052224

34

 Query: 34 19971201 19971231
Query Prepare Time: 36.7282
 Query Prepare Time using cpu 0.036715

Query Optimization Time: 2.39718

s_suppkey
sg = 3
Filter Build Kernel time GPU: 0.040128 d_datekey
sg = 3
Filter Build Kernel time GPU: 0.030784 Build time 0.21088
h_total: 0 output_estimate: 14680064 sg: 14
Probe Kernel time GPU: 0.312544 Transfer size: 0 sg: 14
Transfer Time : 0.006144 Group Kernel time CPU: 0.001024 sg = 14 non demand time = 0.44128
Probe time 0.466944
Merge time 0.546272
Result:
Res count = 0
Query Execution Time: 1.71421
CPU Time: 0.001024
GPU Time: 0.312544
Transfer Time: 0.006144
Malloc Time: 0.011744

34

 Query: 34 19971201 19971231
Query Prepare Time: 36.4056
 Query Prepare Time using cpu 0.0363939

Query Optimization Time: 2.33046

s_suppkey
sg = 3
Filter Build Kernel time GPU: 0.038720 d_datekey
sg = 3
Filter Build Kernel time GPU: 0.029696 Build time 0.200704
h_total: 0 output_estimate: 14680064 sg: 14
Probe Kernel time GPU: 0.313344 Transfer size: 0 sg: 14
Transfer Time : 0.008000 Group Kernel time CPU: 0.002176 sg = 14 non demand time = 0.43616
Probe time 0.462848
Merge time 0.562464
Result:
Res count = 0
Query Execution Time: 1.71459
CPU Time: 0.002176
GPU Time: 0.313344
Transfer Time: 0.008
Malloc Time: 0.007168

31

 Query: 31 19920101 19971231
Query Prepare Time: 35.4812
 Query Prepare Time using cpu 0.0354779

Query Optimization Time: 2.40131

s_suppkey
sg = 1
h_total: 64276 output_estimate: 1048576 sg: 1
Filter Kernel time CPU: 0.464800 Transfer size: 64276 sg: 1
Transfer Time: 0.0256 sg: 1
Build Kernel time GPU: 0.026848 d_datekey
sg = 1
h_total: 2192 output_estimate: 1048576 sg: 1
Filter Kernel time CPU: 0.130048 Transfer size: 2192 sg: 1
Transfer Time: 0.010016 sg: 1
Build Kernel time GPU: 0.013312 Build time 0.8552
h_total: 0 output_estimate: 876609536 sg: 14
Probe Kernel time GPU: 32.362495 Transfer size: 0 sg: 14
Transfer Time : 0.006144 Group Kernel time CPU: 0.001984 sg = 14 non demand time = 32.4999
Probe time 32.5367
Merge time 0.02912
Result:
Res count = 0
Query Execution Time: 33.4817
CPU Time: 0.594848
GPU Time: 32.3625
Transfer Time: 0.035616
Malloc Time: 0.036736

21

 Query: 21 1 19981231
Query Prepare Time: 79.2585
 Query Prepare Time using cpu 0.0791941

Query Optimization Time: 2.31216

s_suppkey
sg = 1
Build Kernel time GPU: 0.039136 p_partkey
sg = 3
Filter Build Kernel time GPU: 29.136959 d_datekey
sg = 1
Build Kernel time GPU: 46.609409 Build time 75.9849
h_total: 818728903 output_estimate: 960495616 sg: 14
Probe Kernel time GPU: 129.527802 Transfer size: 818728903 sg: 14
Transfer Time : 506.617859 Group Kernel time CPU: 18449.218750 sg = 14 non demand time = 19085.5
Probe time 19085.7
Merge time 0.49776
Result:
Res count = 0
Query Execution Time: 19164.1
CPU Time: 18449.2
GPU Time: 129.528
Transfer Time: 506.618
Malloc Time: 0.005184

31

 Query: 31 19920101 19971231
Query Prepare Time: 36.8277
 Query Prepare Time using cpu 0.0368235

Query Optimization Time: 2.40442

s_suppkey
sg = 1
h_total: 64276 output_estimate: 1048576 sg: 1
Filter Kernel time CPU: 0.248832 Transfer size: 64276 sg: 1
Transfer Time: 0.024576 sg: 1
Build Kernel time GPU: 0.027552 d_datekey
sg = 1
h_total: 2192 output_estimate: 1048576 sg: 1
Filter Kernel time CPU: 0.064512 Transfer size: 2192 sg: 1
Transfer Time: 0.009408 sg: 1
Build Kernel time GPU: 0.014336 Build time 0.605184
h_total: 0 output_estimate: 876609536 sg: 14
Probe Kernel time GPU: 32.372738 Transfer size: 0 sg: 14
Transfer Time : 0.005216 Group Kernel time CPU: 0.001024 sg = 14 non demand time = 32.5028
Probe time 32.5448
Merge time 0.020608
Result:
Res count = 0
Query Execution Time: 33.2383
CPU Time: 0.313344
GPU Time: 32.3727
Transfer Time: 0.033984
Malloc Time: 0.035968

12

 Query: 12 19940101 19940131
Query Prepare Time: 0.104256
 Query Prepare Time using cpu 0.000102043

Query Optimization Time: 2.08794

d_datekey
sg = 3
Filter Build Kernel time GPU: 0.034816 Build time 0.08192
h_total: 717523 output_estimate: 2974143 sg: 4
Filter Kernel time CPU: 1.314816 Transfer size: 717523 sg: 4
Transfer Time : 0.123712 h_total: 674310 output_estimate: 717523 sg: 4
Probe Kernel time GPU: 0.069792 Transfer size: 674310 sg: 4
Transfer Time : 0.231424 Aggr Kernel time CPU: 0.724928 sg = 4 non demand time = 2.61018
Probe time 2.6409
Merge time 0.002272
Result:
Res count = 0
Query Execution Time: 2.78646
CPU Time: 2.03974
GPU Time: 0.069792
Transfer Time: 0.355136
Malloc Time: 0.006976

21

 Query: 21 1 19981231
Query Prepare Time: 99.0454
 Query Prepare Time using cpu 0.0989802

Query Optimization Time: 2.44531

s_suppkey
sg = 1
Build Kernel time GPU: 0.033792 p_partkey
sg = 3
Filter Build Kernel time GPU: 29.125631 d_datekey
sg = 1
Build Kernel time GPU: 46.633984 Build time 76.0144
h_total: 818622502 output_estimate: 960495616 sg: 14
Probe Kernel time GPU: 129.728287 Transfer size: 818622502 sg: 14
Transfer Time : 506.899506 Group Kernel time CPU: 18369.000000 sg = 14 non demand time = 19005.8
Probe time 19006
Merge time 0.599296
Result:
Res count = 0
Query Execution Time: 19084.5
CPU Time: 18369
GPU Time: 129.728
Transfer Time: 506.9
Malloc Time: 0.005952

12

 Query: 12 19940101 19940131
Query Prepare Time: 0.170528
 Query Prepare Time using cpu 0.000165462

Query Optimization Time: 2.0551

d_datekey
sg = 3
Filter Build Kernel time GPU: 0.046080 Build time 0.125952
h_total: 717523 output_estimate: 2974143 sg: 4
Filter Kernel time CPU: 1.280000 Transfer size: 717523 sg: 4
Transfer Time : 0.122848 h_total: 674310 output_estimate: 717523 sg: 4
Probe Kernel time GPU: 0.068480 Transfer size: 674310 sg: 4
Transfer Time : 0.238592 Aggr Kernel time CPU: 0.499712 sg = 4 non demand time = 2.34496
Probe time 2.38774
Merge time 0.002528
Result:
Res count = 0
Query Execution Time: 2.57702
CPU Time: 1.77971
GPU Time: 0.06848
Transfer Time: 0.36144
Malloc Time: 0.007424

31

 Query: 31 19920101 19971231
Query Prepare Time: 36.8627
 Query Prepare Time using cpu 0.03686

Query Optimization Time: 2.3849

s_suppkey
sg = 1
h_total: 64276 output_estimate: 1048576 sg: 1
Filter Kernel time CPU: 0.282624 Transfer size: 64276 sg: 1
Transfer Time: 0.025792 sg: 1
Build Kernel time GPU: 0.026624 d_datekey
sg = 1
h_total: 2192 output_estimate: 1048576 sg: 1
Filter Kernel time CPU: 0.071680 Transfer size: 2192 sg: 1
Transfer Time: 0.011296 sg: 1
Build Kernel time GPU: 0.014336 Build time 0.657408
h_total: 0 output_estimate: 876609536 sg: 14
Probe Kernel time GPU: 32.372833 Transfer size: 0 sg: 14
Transfer Time : 0.007168 Group Kernel time CPU: 0.001024 sg = 14 non demand time = 32.5026
Probe time 32.5417
Merge time 0.03376
Result:
Res count = 0
Query Execution Time: 33.3086
CPU Time: 0.354304
GPU Time: 32.3728
Transfer Time: 0.037088
Malloc Time: 0.037952

21

 Query: 21 1 19981231
Query Prepare Time: 97.9006
 Query Prepare Time using cpu 0.097837

Query Optimization Time: 2.46374

s_suppkey
sg = 1
Build Kernel time GPU: 0.050176 p_partkey
sg = 3
Filter Build Kernel time GPU: 29.128704 d_datekey
sg = 1
Build Kernel time GPU: 46.616577 Build time 76.0064
h_total: 818630516 output_estimate: 960495616 sg: 14
Probe Kernel time GPU: 130.268997 Transfer size: 818630516 sg: 14
Transfer Time : 506.886139 Group Kernel time CPU: 18351.000000 sg = 14 non demand time = 18988.3
Probe time 18988.5
Merge time 0.547872
Result:
Res count = 0
Query Execution Time: 19067
CPU Time: 18351
GPU Time: 130.269
Transfer Time: 506.886
Malloc Time: 0.005856

23

 Query: 23 1 19981231
Query Prepare Time: 99.0555
 Query Prepare Time using cpu 0.0989978

Query Optimization Time: 2.43712

s_suppkey
sg = 1
h_total: 64068 output_estimate: 1048576 sg: 1
Filter Kernel time CPU: 0.292032 Transfer size: 64068 sg: 1
Transfer Time: 0.03888 sg: 1
Build Kernel time GPU: 0.027776 d_datekey
sg = 1
Build Kernel time GPU: 46.605217 Build time 47.1542
h_total: 0 output_estimate: 960495616 sg: 14
Probe Kernel time GPU: 41.280354 Transfer size: 0 sg: 14
Transfer Time : 0.006144 Group Kernel time CPU: 0.001856 sg = 14 non demand time = 41.4279
Probe time 41.4709
Merge time 0.585952
Result:
Res count = 0
Query Execution Time: 91.2435
CPU Time: 0.292032
GPU Time: 46.633
Transfer Time: 0.03888
Malloc Time: 0.022528

31

 Query: 31 19920101 19971231
Query Prepare Time: 36.6301
 Query Prepare Time using cpu 0.0366278

Query Optimization Time: 2.43507

s_suppkey
sg = 1
h_total: 64276 output_estimate: 1048576 sg: 1
Filter Kernel time CPU: 0.214016 Transfer size: 64276 sg: 1
Transfer Time: 0.026624 sg: 1
Build Kernel time GPU: 0.025600 d_datekey
sg = 1
h_total: 2192 output_estimate: 1048576 sg: 1
Filter Kernel time CPU: 0.066560 Transfer size: 2192 sg: 1
Transfer Time: 0.01024 sg: 1
Build Kernel time GPU: 0.013248 Build time 0.57856
h_total: 0 output_estimate: 876609536 sg: 14
Probe Kernel time GPU: 32.378880 Transfer size: 0 sg: 14
Transfer Time : 0.006144 Group Kernel time CPU: 0.001824 sg = 14 non demand time = 32.5304
Probe time 32.5683
Merge time 0.019968
Result:
Res count = 0
Query Execution Time: 33.2314
CPU Time: 0.280576
GPU Time: 32.3789
Transfer Time: 0.036864
Malloc Time: 0.039904

11

 Query: 11 19930101 19931231
Query Prepare Time: 0.102368
 Query Prepare Time using cpu 0.000100613

Query Optimization Time: 2.04493

d_datekey
sg = 1
h_total: 365 output_estimate: 1048576 sg: 1
Filter Kernel time CPU: 0.217088 Transfer size: 365 sg: 1
Transfer Time: 0.010144 sg: 1
Build Kernel time GPU: 0.018432 Build time 0.34496
h_total: 19293954 output_estimate: 45362828 sg: 4
Filter Kernel time CPU: 19.055616 Transfer size: 19293954 sg: 4
Transfer Time : 3.123360 h_total: 19065074 output_estimate: 19293954 sg: 4
Probe Kernel time GPU: 0.966656 Transfer size: 19065074 sg: 4
Transfer Time : 6.113280 Aggr Kernel time CPU: 5.380224 sg = 4 non demand time = 34.858
Probe time 34.9483
Merge time 0.005088
Result:
Res count = 0
Query Execution Time: 35.3766
CPU Time: 24.4358
GPU Time: 0.966656
Transfer Time: 9.23664
Malloc Time: 0.01536

11

 Query: 11 19930101 19931231
Query Prepare Time: 0.120928
 Query Prepare Time using cpu 0.000117779

Query Optimization Time: 2.18006

d_datekey
sg = 1
h_total: 365 output_estimate: 1048576 sg: 1
Filter Kernel time CPU: 0.193536 Transfer size: 365 sg: 1
Transfer Time: 0.01024 sg: 1
Build Kernel time GPU: 0.023456 Build time 0.331776
h_total: 19293954 output_estimate: 45362828 sg: 4
Filter Kernel time CPU: 19.470528 Transfer size: 19293954 sg: 4
Transfer Time : 3.118080 h_total: 19065074 output_estimate: 19293954 sg: 4
Probe Kernel time GPU: 0.959648 Transfer size: 19065074 sg: 4
Transfer Time : 6.114304 Aggr Kernel time CPU: 5.353472 sg = 4 non demand time = 35.2174
Probe time 35.3106
Merge time 0.003424
Result:
Res count = 0
Query Execution Time: 35.7255
CPU Time: 24.824
GPU Time: 0.959648
Transfer Time: 9.23238
Malloc Time: 0.0184

41

 Query: 41 19920101 19981231
Query Prepare Time: 74.5507
 Query Prepare Time using cpu 0.0745463

Query Optimization Time: 2.51818

s_suppkey
sg = 1
h_total: 64071 output_estimate: 1048576 sg: 1
Filter Kernel time CPU: 0.594112 Transfer size: 64071 sg: 1
Transfer Time: 0.0256 sg: 1
Build Kernel time GPU: 0.026592 p_partkey
sg = 1
h_total: 160432128 output_estimate: 160432128 sg: 1
Filter Kernel time CPU: 10.710016 Transfer size: 160432128 sg: 1
Transfer Time: 24.016 sg: 1
Build Kernel time GPU: 32.654335 d_datekey
sg = 1
Build Kernel time GPU: 7.077888 Build time 75.4739
h_total: 0 output_estimate: 960495616 sg: 60
Probe Kernel time GPU: 39.243809 Transfer size: 0 sg: 60
Transfer Time : 0.004256 Group Kernel time CPU: 0.001024 sg = 60 non demand time = 39.3769
Probe time 39.4086
Merge time 0.003424
Result:
Res count = 0
Query Execution Time: 114.945
CPU Time: 11.3041
GPU Time: 39.7588
Transfer Time: 24.0416
Malloc Time: 0.058368

22

 Query: 22 1 19981231
Query Prepare Time: 98.6066
 Query Prepare Time using cpu 0.0985417

Query Optimization Time: 2.43306

s_suppkey
sg = 1
h_total: 64276 output_estimate: 1048576 sg: 1
Filter Kernel time CPU: 0.474112 Transfer size: 64276 sg: 1
Transfer Time: 0.026624 sg: 1
Build Kernel time GPU: 0.027648 d_datekey
sg = 1
Build Kernel time GPU: 46.600193 Build time 47.2998
h_total: 0 output_estimate: 960495616 sg: 14
Probe Kernel time GPU: 44.467106 Transfer size: 0 sg: 14
Transfer Time : 0.005280 Group Kernel time CPU: 0.002048 sg = 14 non demand time = 44.6188
Probe time 44.6638
Merge time 0.723744
Result:
Res count = 0
Query Execution Time: 94.7324
CPU Time: 0.474112
GPU Time: 46.6278
Transfer Time: 0.026624
Malloc Time: 0.026624

Cached segment: 4999 Cache total: 5000
Successfully cached

Query 11 fraction: 0.280387 total: 5068 cached: 1421
Query 12 fraction: 0.232242 total: 5068 cached: 1177
Query 13 fraction: 0.280387 total: 5068 cached: 1421
Query 21 fraction: 0.770657 total: 4369 cached: 3367
Query 22 fraction: 0.801431 total: 4613 cached: 3697
Query 23 fraction: 0.801431 total: 4613 cached: 3697
Query 31 fraction: 0.780091 total: 4852 cached: 3785
Query 32 fraction: 0.780091 total: 4852 cached: 3785
Query 33 fraction: 0.748969 total: 4852 cached: 3634
Query 34 fraction: 0.698681 total: 4852 cached: 3390
Query 41 fraction: 0.706004 total: 6745 cached: 4762
Query 42 fraction: 0.70409 total: 6992 cached: 4923
Query 43 fraction: 0.70409 total: 6992 cached: 4923

 epoch end
 epoch start 
13

 Query: 13 19940204 19940210
Query Prepare Time: 0.164576
 Query Prepare Time using cpu 0.000161648

Query Optimization Time: 2.33574

d_datekey
sg = 3
Filter Build Kernel time GPU: 0.038720 Build time 0.116512
h_total: 0 output_estimate: 128688 sg: 30
Filter Probe Kernel time GPU: 0.799648 Transfer size: 0 sg: 30
Transfer Time : 0.009216 Aggr Kernel time CPU: 0.003040 sg = 30 non demand time = 1.11398
h_total: 171384 output_estimate: 386066 sg: 4
Filter Kernel time CPU: 1.561440 Transfer size: 171384 sg: 4
Transfer Time : 0.040832 h_total: 152125 output_estimate: 171384 sg: 4
Probe Kernel time GPU: 0.041728 Transfer size: 152125 sg: 4
Transfer Time : 0.064512 Aggr Kernel time CPU: 0.212992 sg = 4 non demand time = 2.03981
Probe time 2.08998
Merge time 0.002464
Result:
Res count = 0
Query Execution Time: 2.264
CPU Time: 1.77443
GPU Time: 0.799648
Transfer Time: 0.105344
Malloc Time: 0.01952

22

 Query: 22 1 19981231
Query Prepare Time: 98.7278
 Query Prepare Time using cpu 0.0986631

Query Optimization Time: 2.4064

s_suppkey
sg = 3
Filter Build Kernel time GPU: 0.030528 d_datekey
sg = 1
Build Kernel time GPU: 95.548286 Build time 95.7175
h_total: 0 output_estimate: 960495616 sg: 14
Probe Kernel time GPU: 63.897633 Transfer size: 0 sg: 14
Transfer Time : 0.007008 Group Kernel time CPU: 0.002048 sg = 14 non demand time = 64.0696
Probe time 64.1208
Merge time 0.747456
Result:
Res count = 0
Query Execution Time: 162.619
CPU Time: 0.002048
GPU Time: 95.5483
Transfer Time: 0.007008
Malloc Time: 0.004096

12

 Query: 12 19940101 19940131
Query Prepare Time: 0.156544
 Query Prepare Time using cpu 0.000153542

Query Optimization Time: 1.99491

d_datekey
sg = 1
h_total: 31 output_estimate: 1048576 sg: 1
Filter Kernel time CPU: 0.206848 Transfer size: 31 sg: 1
Transfer Time: 0.011264 sg: 1
Build Kernel time GPU: 0.019520 Build time 0.333824
h_total: 49676 output_estimate: 457560 sg: 30
Filter Probe Kernel time GPU: 0.256000 Transfer size: 49676 sg: 30
Transfer Time : 0.047104 Aggr Kernel time CPU: 0.448576 sg = 30 non demand time = 1.01478
h_total: 3147770 output_estimate: 6291456 sg: 12
Filter Kernel time CPU: 1.813504 Transfer size: 3147770 sg: 12
Transfer Time : 0.486208 h_total: 624634 output_estimate: 1259108 sg: 12
Filter Probe Kernel time GPU: 0.254816 Transfer size: 624634 sg: 12
Transfer Time : 0.278624 Aggr Kernel time CPU: 0.789376 sg = 12 non demand time = 3.73043
Probe time 3.7632
Merge time 0.001632
Result:
Res count = 0
Query Execution Time: 4.15354
CPU Time: 2.60288
GPU Time: 0.256
Transfer Time: 0.764832
Malloc Time: 0.016384

23

 Query: 23 1 19981231
Query Prepare Time: 78.318
 Query Prepare Time using cpu 0.0782535

Query Optimization Time: 2.33677

s_suppkey
sg = 3
Filter Build Kernel time GPU: 0.034016 d_datekey
sg = 1
Build Kernel time GPU: 95.517693 Build time 95.6908
h_total: 0 output_estimate: 960495616 sg: 14
Probe Kernel time GPU: 25.713440 Transfer size: 0 sg: 14
Transfer Time : 0.005120 Group Kernel time CPU: 0.002048 sg = 14 non demand time = 25.856
Probe time 25.8951
Merge time 0.706464
Result:
Res count = 0
Query Execution Time: 124.328
CPU Time: 0.002048
GPU Time: 95.5177
Transfer Time: 0.00512
Malloc Time: 0.003072

32

 Query: 32 19920101 19971231
Query Prepare Time: 40.0406
 Query Prepare Time using cpu 0.0400274

Query Optimization Time: 2.40938

s_suppkey
sg = 3
Filter Build Kernel time GPU: 0.026688 d_datekey
sg = 3
Filter Build Kernel time GPU: 0.025600 Build time 0.165824
h_total: 0 output_estimate: 876609536 sg: 14
Probe Kernel time GPU: 19.600384 Transfer size: 0 sg: 14
Transfer Time : 0.007168 Group Kernel time CPU: 0.002048 sg = 14 non demand time = 19.7335
Probe time 19.7644
Merge time 0.521984
Result:
Res count = 0
Query Execution Time: 20.9414
CPU Time: 0.002048
GPU Time: 19.6004
Transfer Time: 0.007168
Malloc Time: 0.005248

12

 Query: 12 19940101 19940131
Query Prepare Time: 0.09424
 Query Prepare Time using cpu 9.29832e-05

Query Optimization Time: 2.06438

d_datekey
sg = 1
h_total: 31 output_estimate: 1048576 sg: 1
Filter Kernel time CPU: 0.219136 Transfer size: 31 sg: 1
Transfer Time: 0.010048 sg: 1
Build Kernel time GPU: 0.016384 Build time 0.32768
h_total: 49676 output_estimate: 457560 sg: 30
Filter Probe Kernel time GPU: 0.458752 Transfer size: 49676 sg: 30
Transfer Time : 0.042912 Aggr Kernel time CPU: 0.593920 sg = 30 non demand time = 1.32198
h_total: 3147770 output_estimate: 6291456 sg: 12
Filter Kernel time CPU: 1.979392 Transfer size: 3147770 sg: 12
Transfer Time : 0.486400 h_total: 624634 output_estimate: 1259108 sg: 12
Filter Probe Kernel time GPU: 0.194496 Transfer size: 624634 sg: 12
Transfer Time : 0.221184 Aggr Kernel time CPU: 0.865120 sg = 12 non demand time = 3.85648
Probe time 3.89427
Merge time 0.003744
Result:
Res count = 0
Query Execution Time: 4.27734
CPU Time: 2.84451
GPU Time: 0.458752
Transfer Time: 0.707584
Malloc Time: 0.015072

12

 Query: 12 19940101 19940131
Query Prepare Time: 0.131264
 Query Prepare Time using cpu 0.000129938

Query Optimization Time: 1.78602

d_datekey
sg = 1
h_total: 31 output_estimate: 1048576 sg: 1
Filter Kernel time CPU: 0.233472 Transfer size: 31 sg: 1
Transfer Time: 0.010144 sg: 1
Build Kernel time GPU: 0.016384 Build time 0.349184
h_total: 49676 output_estimate: 457560 sg: 30
Filter Probe Kernel time GPU: 0.115712 Transfer size: 49676 sg: 30
Transfer Time : 0.042144 Aggr Kernel time CPU: 0.488448 sg = 30 non demand time = 0.857088
h_total: 3147770 output_estimate: 6291456 sg: 12
Filter Kernel time CPU: 1.867680 Transfer size: 3147770 sg: 12
Transfer Time : 0.486400 h_total: 624634 output_estimate: 1259108 sg: 12
Filter Probe Kernel time GPU: 0.190688 Transfer size: 624634 sg: 12
Transfer Time : 0.228160 Aggr Kernel time CPU: 0.423136 sg = 12 non demand time = 3.30752
Probe time 3.34557
Merge time 0.00224
Result:
Res count = 0
Query Execution Time: 3.74864
CPU Time: 2.29082
GPU Time: 0.190688
Transfer Time: 0.71456
Malloc Time: 0.016352

13

 Query: 13 19940204 19940210
Query Prepare Time: 0.0952
 Query Prepare Time using cpu 9.39369e-05

Query Optimization Time: 1.96208

d_datekey
sg = 3
Filter Build Kernel time GPU: 0.024576 Build time 0.062496
h_total: 0 output_estimate: 128688 sg: 30
Filter Probe Kernel time GPU: 0.176000 Transfer size: 0 sg: 30
Transfer Time : 0.009088 Aggr Kernel time CPU: 0.003072 sg = 30 non demand time = 0.406528
h_total: 171384 output_estimate: 386066 sg: 4
Filter Kernel time CPU: 0.757632 Transfer size: 171384 sg: 4
Transfer Time : 0.039040 h_total: 152125 output_estimate: 171384 sg: 4
Probe Kernel time GPU: 0.035840 Transfer size: 152125 sg: 4
Transfer Time : 0.076736 Aggr Kernel time CPU: 0.142240 sg = 4 non demand time = 1.16438
Probe time 1.20422
Merge time 0.002048
Result:
Res count = 0
Query Execution Time: 1.32397
CPU Time: 0.899872
GPU Time: 0.176
Transfer Time: 0.115776
Malloc Time: 0.00912

11

 Query: 11 19930101 19931231
Query Prepare Time: 0.126016
 Query Prepare Time using cpu 0.000124216

Query Optimization Time: 1.86778

d_datekey
sg = 3
Filter Build Kernel time GPU: 0.035680 Build time 0.097472
h_total: 17716 output_estimate: 643444 sg: 30
Filter Probe Kernel time GPU: 0.176256 Transfer size: 17716 sg: 30
Transfer Time : 0.029696 Aggr Kernel time CPU: 0.209856 sg = 30 non demand time = 0.61952
h_total: 19082140 output_estimate: 44719384 sg: 4
Filter Kernel time CPU: 19.646528 Transfer size: 19082140 sg: 4
Transfer Time : 3.057792 h_total: 19047358 output_estimate: 19082140 sg: 4
Probe Kernel time GPU: 0.954368 Transfer size: 19047358 sg: 4
Transfer Time : 6.080640 Aggr Kernel time CPU: 5.378048 sg = 4 non demand time = 35.2891
Probe time 35.3853
Merge time 0.004128
Result:
Res count = 0
Query Execution Time: 35.5584
CPU Time: 25.0246
GPU Time: 0.954368
Transfer Time: 9.13843
Malloc Time: 0.01024

32

 Query: 32 19920101 19971231
Query Prepare Time: 37.298
 Query Prepare Time using cpu 0.0372832

Query Optimization Time: 2.4361

s_suppkey
sg = 3
Filter Build Kernel time GPU: 0.039936 d_datekey
sg = 3
Filter Build Kernel time GPU: 0.027424 Build time 0.202848
h_total: 0 output_estimate: 876609536 sg: 14
Probe Kernel time GPU: 19.598335 Transfer size: 0 sg: 14
Transfer Time : 0.007168 Group Kernel time CPU: 0.001024 sg = 14 non demand time = 19.7458
Probe time 19.7818
Merge time 0.495328
Result:
Res count = 0
Query Execution Time: 20.9715
CPU Time: 0.001024
GPU Time: 19.5983
Transfer Time: 0.007168
Malloc Time: 0.00592

23

 Query: 23 1 19981231
Query Prepare Time: 98.3839
 Query Prepare Time using cpu 0.0983186

Query Optimization Time: 2.42688

s_suppkey
sg = 3
Filter Build Kernel time GPU: 0.029696 d_datekey
sg = 1
Build Kernel time GPU: 95.600800 Build time 95.786
h_total: 0 output_estimate: 960495616 sg: 14
Probe Kernel time GPU: 25.695456 Transfer size: 0 sg: 14
Transfer Time : 0.004096 Group Kernel time CPU: 0.001024 sg = 14 non demand time = 25.8365
Probe time 25.8857
Merge time 0.896576
Result:
Res count = 0
Query Execution Time: 124.617
CPU Time: 0.001024
GPU Time: 95.6008
Transfer Time: 0.004096
Malloc Time: 0.006144

11

 Query: 11 19930101 19931231
Query Prepare Time: 0.106656
 Query Prepare Time using cpu 0.000105619

Query Optimization Time: 2.11645

d_datekey
sg = 3
Filter Build Kernel time GPU: 0.030720 Build time 0.075776
h_total: 17716 output_estimate: 643444 sg: 30
Filter Probe Kernel time GPU: 0.311296 Transfer size: 17716 sg: 30
Transfer Time : 0.031744 Aggr Kernel time CPU: 0.226272 sg = 30 non demand time = 0.888832
h_total: 19082140 output_estimate: 44719384 sg: 4
Filter Kernel time CPU: 20.090879 Transfer size: 19082140 sg: 4
Transfer Time : 3.063808 h_total: 19047358 output_estimate: 19082140 sg: 4
Probe Kernel time GPU: 0.947008 Transfer size: 19047358 sg: 4
Transfer Time : 6.084544 Aggr Kernel time CPU: 5.692416 sg = 4 non demand time = 36.0417
Probe time 36.1288
Merge time 0.005376
Result:
Res count = 0
Query Execution Time: 36.2764
CPU Time: 25.7833
GPU Time: 0.947008
Transfer Time: 9.14835
Malloc Time: 0.007968

12

 Query: 12 19940101 19940131
Query Prepare Time: 0.161568
 Query Prepare Time using cpu 0.00015831

Query Optimization Time: 2.088

d_datekey
sg = 1
h_total: 31 output_estimate: 1048576 sg: 1
Filter Kernel time CPU: 0.202752 Transfer size: 31 sg: 1
Transfer Time: 0.011264 sg: 1
Build Kernel time GPU: 0.022528 Build time 0.338944
h_total: 49676 output_estimate: 457560 sg: 30
Filter Probe Kernel time GPU: 0.151776 Transfer size: 49676 sg: 30
Transfer Time : 0.038912 Aggr Kernel time CPU: 0.439392 sg = 30 non demand time = 0.8336
h_total: 3147770 output_estimate: 6291456 sg: 12
Filter Kernel time CPU: 1.825952 Transfer size: 3147770 sg: 12
Transfer Time : 0.486400 h_total: 624634 output_estimate: 1259108 sg: 12
Filter Probe Kernel time GPU: 0.189440 Transfer size: 624634 sg: 12
Transfer Time : 0.222336 Aggr Kernel time CPU: 0.464864 sg = 12 non demand time = 3.29728
Probe time 3.34131
Merge time 0.002112
Result:
Res count = 0
Query Execution Time: 3.73581
CPU Time: 2.29082
GPU Time: 0.18944
Transfer Time: 0.708736
Malloc Time: 0.019392

12

 Query: 12 19940101 19940131
Query Prepare Time: 0.091104
 Query Prepare Time using cpu 8.91685e-05

Query Optimization Time: 2.10432

d_datekey
sg = 1
h_total: 31 output_estimate: 1048576 sg: 1
Filter Kernel time CPU: 0.213056 Transfer size: 31 sg: 1
Transfer Time: 0.00944 sg: 1
Build Kernel time GPU: 0.016128 Build time 0.32768
h_total: 49676 output_estimate: 457560 sg: 30
Filter Probe Kernel time GPU: 0.279712 Transfer size: 49676 sg: 30
Transfer Time : 0.044032 Aggr Kernel time CPU: 0.639808 sg = 30 non demand time = 1.13046
h_total: 3147770 output_estimate: 6291456 sg: 12
Filter Kernel time CPU: 1.814528 Transfer size: 3147770 sg: 12
Transfer Time : 0.485376 h_total: 624634 output_estimate: 1259108 sg: 12
Filter Probe Kernel time GPU: 0.188480 Transfer size: 624634 sg: 12
Transfer Time : 0.228352 Aggr Kernel time CPU: 0.415744 sg = 12 non demand time = 3.26246
Probe time 3.29923
Merge time 0.003648
Result:
Res count = 0
Query Execution Time: 3.68022
CPU Time: 2.23027
GPU Time: 0.279712
Transfer Time: 0.713728
Malloc Time: 0.01616

43

 Query: 43 19970101 19981231
Query Prepare Time: 75.9494
 Query Prepare Time using cpu 0.0758946

Query Optimization Time: 2.41254

s_suppkey
sg = 3
Filter Build Kernel time GPU: 0.039936 d_datekey
sg = 3
Filter Build Kernel time GPU: 0.027744 Build time 0.210944
h_total: 0 output_estimate: 231735296 sg: 60
Probe Kernel time GPU: 5.607424 Transfer size: 0 sg: 60
Transfer Time : 0.007232 Group Kernel time CPU: 0.003040 sg = 60 non demand time = 5.74778
Probe time 5.77638
Merge time 0.938528
Result:
Res count = 0
Query Execution Time: 8.69834
CPU Time: 0.00304
GPU Time: 5.60742
Transfer Time: 0.007232
Malloc Time: 0.006144

42

 Query: 42 19970101 19981231
Query Prepare Time: 74.3847
 Query Prepare Time using cpu 0.0743802

Query Optimization Time: 2.42381

s_suppkey
sg = 3
Filter Build Kernel time GPU: 0.038752 p_partkey
sg = 3
Filter Build Kernel time GPU: 31.723680 d_datekey
sg = 3
Filter Build Kernel time GPU: 0.032768 Build time 32.0092
h_total: 0 output_estimate: 231735296 sg: 60
Probe Kernel time GPU: 5.814272 Transfer size: 0 sg: 60
Transfer Time : 0.007392 Group Kernel time CPU: 0.001024 sg = 60 non demand time = 5.93101
Probe time 5.95872
Merge time 0.035584
Result:
Res count = 0
Query Execution Time: 38.0684
CPU Time: 0.001024
GPU Time: 31.7952
Transfer Time: 0.007392
Malloc Time: 0.005504

41

 Query: 41 19920101 19981231
Query Prepare Time: 68.3808
 Query Prepare Time using cpu 0.0683758

Query Optimization Time: 2.42176

s_suppkey
sg = 3
Filter Build Kernel time GPU: 0.036064 p_partkey
sg = 3
Filter Build Kernel time GPU: 31.734783 d_datekey
sg = 1
Build Kernel time GPU: 11.092992 Build time 43.084
h_total: 0 output_estimate: 960495616 sg: 60
Probe Kernel time GPU: 26.575712 Transfer size: 0 sg: 60
Transfer Time : 0.007168 Group Kernel time CPU: 0.002048 sg = 60 non demand time = 26.714
Probe time 26.75
Merge time 0.00496
Result:
Res count = 0
Query Execution Time: 69.9094
CPU Time: 0.002048
GPU Time: 31.7708
Transfer Time: 0.007168
Malloc Time: 0.006176

31

 Query: 31 19920101 19971231
Query Prepare Time: 36.7583
 Query Prepare Time using cpu 0.0367556

Query Optimization Time: 2.44429

s_suppkey
sg = 3
Filter Build Kernel time GPU: 0.044864 d_datekey
sg = 3
Filter Build Kernel time GPU: 0.027648 Build time 0.20976
h_total: 0 output_estimate: 876609536 sg: 14
Probe Kernel time GPU: 34.973598 Transfer size: 0 sg: 14
Transfer Time : 0.004096 Group Kernel time CPU: 0.001024 sg = 14 non demand time = 35.0946
Probe time 35.1252
Merge time 0.020896
Result:
Res count = 0
Query Execution Time: 35.4146
CPU Time: 0.001024
GPU Time: 34.9736
Transfer Time: 0.004096
Malloc Time: 0.004096

21

 Query: 21 1 19981231
Query Prepare Time: 84.9676
 Query Prepare Time using cpu 0.0849023

Query Optimization Time: 2.30502

s_suppkey
sg = 3
Filter Build Kernel time GPU: 0.036864 p_partkey
sg = 1
p_partkey
sg = 3
Build Kernel time GPU: 60.205982 Filter Build Kernel time GPU: 26.540159 d_datekey
sg = 1
Build Kernel time GPU: 46.633984 Build time 107.185
h_total: 818764799 output_estimate: 960495616 sg: 14
Probe Kernel time GPU: 112.495712 Transfer size: 818764799 sg: 14
Transfer Time : 506.914673 Group Kernel time CPU: 18394.851562 sg = 14 non demand time = 19014.4
Probe time 19014.5
Merge time 0.521728
Result:
Res count = 0
Query Execution Time: 19124.2
CPU Time: 18394.9
GPU Time: 112.496
Transfer Time: 506.915
Malloc Time: 0.004576

21

 Query: 21 1 19981231
Query Prepare Time: 99.0764
 Query Prepare Time using cpu 0.0990098

Query Optimization Time: 2.44637

s_suppkey
sg = 3
Filter Build Kernel time GPU: 0.039936 p_partkey
sg = 1
p_partkey
sg = 3
Build Kernel time GPU: 60.173313 Filter Build Kernel time GPU: 26.517504 d_datekey
sg = 1
Build Kernel time GPU: 46.620705 Build time 107.063
h_total: 818756396 output_estimate: 960495616 sg: 14
Probe Kernel time GPU: 113.481667 Transfer size: 818756396 sg: 14
Transfer Time : 506.886139 Group Kernel time CPU: 18327.716797 sg = 14 non demand time = 18948.2
Probe time 18948.4
Merge time 0.474432
Result:
Res count = 0
Query Execution Time: 19057.8
CPU Time: 18327.7
GPU Time: 113.482
Transfer Time: 506.886
Malloc Time: 0.007488

32

 Query: 32 19920101 19971231
Query Prepare Time: 40.1128
 Query Prepare Time using cpu 0.0401015

Query Optimization Time: 2.4383

s_suppkey
sg = 3
Filter Build Kernel time GPU: 0.037888 d_datekey
sg = 3
Filter Build Kernel time GPU: 0.025600 Build time 0.198592
h_total: 0 output_estimate: 876609536 sg: 14
Probe Kernel time GPU: 20.523169 Transfer size: 0 sg: 14
Transfer Time : 0.007136 Group Kernel time CPU: 0.002048 sg = 14 non demand time = 20.6665
Probe time 20.702
Merge time 0.379584
Result:
Res count = 0
Query Execution Time: 21.7716
CPU Time: 0.002048
GPU Time: 20.5232
Transfer Time: 0.007136
Malloc Time: 0.006144

32

 Query: 32 19920101 19971231
Query Prepare Time: 39.0991
 Query Prepare Time using cpu 0.0390873

Query Optimization Time: 2.47811

s_suppkey
sg = 3
Filter Build Kernel time GPU: 0.037024 d_datekey
sg = 3
Filter Build Kernel time GPU: 0.025504 Build time 0.208896
h_total: 0 output_estimate: 876609536 sg: 14
Probe Kernel time GPU: 20.517887 Transfer size: 0 sg: 14
Transfer Time : 0.007168 Group Kernel time CPU: 0.001024 sg = 14 non demand time = 20.6531
Probe time 20.6889
Merge time 0.356192
Result:
Res count = 0
Query Execution Time: 21.7458
CPU Time: 0.001024
GPU Time: 20.5179
Transfer Time: 0.007168
Malloc Time: 0.00592

32

 Query: 32 19920101 19971231
Query Prepare Time: 38.8573
 Query Prepare Time using cpu 0.0388439

Query Optimization Time: 2.37261

s_suppkey
sg = 3
Filter Build Kernel time GPU: 0.026624 d_datekey
sg = 3
Filter Build Kernel time GPU: 0.021504 Build time 0.147552
h_total: 0 output_estimate: 876609536 sg: 14
Probe Kernel time GPU: 20.515841 Transfer size: 0 sg: 14
Transfer Time : 0.007168 Group Kernel time CPU: 0.001024 sg = 14 non demand time = 20.6418
Probe time 20.6766
Merge time 0.372672
Result:
Res count = 0
Query Execution Time: 21.6852
CPU Time: 0.001024
GPU Time: 20.5158
Transfer Time: 0.007168
Malloc Time: 0.004832

13

 Query: 13 19940204 19940210
Query Prepare Time: 0.097248
 Query Prepare Time using cpu 9.5129e-05

Query Optimization Time: 1.99168

d_datekey
sg = 3
Filter Build Kernel time GPU: 0.024576 Build time 0.064288
h_total: 0 output_estimate: 128688 sg: 30
Filter Probe Kernel time GPU: 0.114688 Transfer size: 0 sg: 30
Transfer Time : 0.006144 Aggr Kernel time CPU: 0.002016 sg = 30 non demand time = 0.285696
h_total: 171384 output_estimate: 386066 sg: 4
Filter Kernel time CPU: 0.523232 Transfer size: 171384 sg: 4
Transfer Time : 0.039936 h_total: 152125 output_estimate: 171384 sg: 4
Probe Kernel time GPU: 0.036864 Transfer size: 152125 sg: 4
Transfer Time : 0.078848 Aggr Kernel time CPU: 0.128000 sg = 4 non demand time = 0.912448
Probe time 0.951296
Merge time 0.001824
Result:
Res count = 0
Query Execution Time: 1.08074
CPU Time: 0.651232
GPU Time: 0.114688
Transfer Time: 0.118784
Malloc Time: 0.007168

43

 Query: 43 19970101 19981231
Query Prepare Time: 76.5266
 Query Prepare Time using cpu 0.0764704

Query Optimization Time: 2.40947

s_suppkey
sg = 3
Filter Build Kernel time GPU: 0.038912 d_datekey
sg = 3
Filter Build Kernel time GPU: 0.025600 Build time 0.217088
h_total: 0 output_estimate: 231735296 sg: 60
Probe Kernel time GPU: 5.883904 Transfer size: 0 sg: 60
Transfer Time : 0.005120 Group Kernel time CPU: 0.001024 sg = 60 non demand time = 5.99648
Probe time 6.01805
Merge time 1.276
Result:
Res count = 0
Query Execution Time: 9.28893
CPU Time: 0.001024
GPU Time: 5.8839
Transfer Time: 0.00512
Malloc Time: 0.005984

12

 Query: 12 19940101 19940131
Query Prepare Time: 0.122912
 Query Prepare Time using cpu 0.00012064

Query Optimization Time: 2.00925

d_datekey
sg = 1
h_total: 31 output_estimate: 1048576 sg: 1
Filter Kernel time CPU: 0.190496 Transfer size: 31 sg: 1
Transfer Time: 0.01008 sg: 1
Build Kernel time GPU: 0.017408 Build time 0.300928
h_total: 49676 output_estimate: 457560 sg: 30
Filter Probe Kernel time GPU: 0.074752 Transfer size: 49676 sg: 30
Transfer Time : 0.036928 Aggr Kernel time CPU: 0.641024 sg = 30 non demand time = 0.8448
h_total: 3147770 output_estimate: 6291456 sg: 12
Filter Kernel time CPU: 1.817600 Transfer size: 3147770 sg: 12
Transfer Time : 0.485376 h_total: 624634 output_estimate: 1259108 sg: 12
Filter Probe Kernel time GPU: 0.192512 Transfer size: 624634 sg: 12
Transfer Time : 0.285696 Aggr Kernel time CPU: 0.493568 sg = 12 non demand time = 3.37818
Probe time 3.41491
Merge time 0.002272
Result:
Res count = 0
Query Execution Time: 3.76771
CPU Time: 2.31117
GPU Time: 0.192512
Transfer Time: 0.771072
Malloc Time: 0.015232

33

 Query: 33 19920101 19971231
Query Prepare Time: 37.7571
 Query Prepare Time using cpu 0.0377436

Query Optimization Time: 2.41446

s_suppkey
sg = 3
Filter Build Kernel time GPU: 0.039936 d_datekey
sg = 3
Filter Build Kernel time GPU: 0.025600 Build time 0.196608
h_total: 0 output_estimate: 876609536 sg: 14
Probe Kernel time GPU: 20.213984 Transfer size: 0 sg: 14
Transfer Time : 0.004096 Group Kernel time CPU: 0.001024 sg = 14 non demand time = 20.3336
Probe time 20.3612
Merge time 0.485696
Result:
Res count = 0
Query Execution Time: 21.538
CPU Time: 0.001024
GPU Time: 20.214
Transfer Time: 0.004096
Malloc Time: 0.006208

12

 Query: 12 19940101 19940131
Query Prepare Time: 0.1464
 Query Prepare Time using cpu 0.00014329

Query Optimization Time: 1.89347

d_datekey
sg = 1
h_total: 31 output_estimate: 1048576 sg: 1
Filter Kernel time CPU: 0.218112 Transfer size: 31 sg: 1
Transfer Time: 0.01024 sg: 1
Build Kernel time GPU: 0.017408 Build time 0.360352
h_total: 49676 output_estimate: 457560 sg: 30
Filter Probe Kernel time GPU: 0.137216 Transfer size: 49676 sg: 30
Transfer Time : 0.075776 Aggr Kernel time CPU: 0.680960 sg = 30 non demand time = 1.05472
h_total: 3147770 output_estimate: 6291456 sg: 12
Filter Kernel time CPU: 1.855488 Transfer size: 3147770 sg: 12
Transfer Time : 0.484352 h_total: 624634 output_estimate: 1259108 sg: 12
Filter Probe Kernel time GPU: 0.188448 Transfer size: 624634 sg: 12
Transfer Time : 0.223040 Aggr Kernel time CPU: 0.477248 sg = 12 non demand time = 3.33222
Probe time 3.36589
Merge time 0.002272
Result:
Res count = 0
Query Execution Time: 3.78125
CPU Time: 2.33274
GPU Time: 0.188448
Transfer Time: 0.707392
Malloc Time: 0.01536

12

 Query: 12 19940101 19940131
Query Prepare Time: 0.101344
 Query Prepare Time using cpu 0.000100136

Query Optimization Time: 1.97859

d_datekey
sg = 1
h_total: 31 output_estimate: 1048576 sg: 1
Filter Kernel time CPU: 0.209024 Transfer size: 31 sg: 1
Transfer Time: 0.010176 sg: 1
Build Kernel time GPU: 0.015488 Build time 0.336896
h_total: 49676 output_estimate: 457560 sg: 30
Filter Probe Kernel time GPU: 0.132096 Transfer size: 49676 sg: 30
Transfer Time : 0.043008 Aggr Kernel time CPU: 0.508928 sg = 30 non demand time = 0.878592
h_total: 3147770 output_estimate: 6291456 sg: 12
Filter Kernel time CPU: 1.897312 Transfer size: 3147770 sg: 12
Transfer Time : 0.486400 h_total: 624634 output_estimate: 1259108 sg: 12
Filter Probe Kernel time GPU: 0.185344 Transfer size: 624634 sg: 12
Transfer Time : 0.225280 Aggr Kernel time CPU: 0.418880 sg = 12 non demand time = 3.31878
Probe time 3.35856
Merge time 0.00208
Result:
Res count = 0
Query Execution Time: 3.74922
CPU Time: 2.31619
GPU Time: 0.185344
Transfer Time: 0.71168
Malloc Time: 0.015488

31

 Query: 31 19920101 19971231
Query Prepare Time: 36.7106
 Query Prepare Time using cpu 0.0367048

Query Optimization Time: 2.41264

s_suppkey
sg = 3
Filter Build Kernel time GPU: 0.035840 d_datekey
sg = 3
Filter Build Kernel time GPU: 0.022528 Build time 0.158496
h_total: 0 output_estimate: 876609536 sg: 14
Probe Kernel time GPU: 35.018753 Transfer size: 0 sg: 14
Transfer Time : 0.007168 Group Kernel time CPU: 0.002048 sg = 14 non demand time = 35.151
Probe time 35.1898
Merge time 0.023968
Result:
Res count = 0
Query Execution Time: 35.4331
CPU Time: 0.002048
GPU Time: 35.0188
Transfer Time: 0.007168
Malloc Time: 0.005088

31

 Query: 31 19920101 19971231
Query Prepare Time: 33.015
 Query Prepare Time using cpu 0.0330119

Query Optimization Time: 2.304

s_suppkey
sg = 3
Filter Build Kernel time GPU: 0.040960 d_datekey
sg = 3
Filter Build Kernel time GPU: 0.025824 Build time 0.197632
h_total: 0 output_estimate: 876609536 sg: 14
Probe Kernel time GPU: 35.020863 Transfer size: 0 sg: 14
Transfer Time : 0.004096 Group Kernel time CPU: 0.001024 sg = 14 non demand time = 35.1406
Probe time 35.1683
Merge time 0.021728
Result:
Res count = 0
Query Execution Time: 35.4438
CPU Time: 0.001024
GPU Time: 35.0209
Transfer Time: 0.004096
Malloc Time: 0.004672

21

 Query: 21 1 19981231
Query Prepare Time: 84.2795
 Query Prepare Time using cpu 0.0842149

Query Optimization Time: 2.30298

s_suppkey
sg = 3
Filter Build Kernel time GPU: 0.037984 p_partkey
sg = 1
p_partkey
sg = 3
Build Kernel time GPU: 60.212223 Filter Build Kernel time GPU: 26.529793 d_datekey
sg = 1
Build Kernel time GPU: 46.630913 Build time 107.176
h_total: 818586718 output_estimate: 960495616 sg: 14
Probe Kernel time GPU: 112.493568 Transfer size: 818586718 sg: 14
Transfer Time : 506.793030 Group Kernel time CPU: 18388.128906 sg = 14 non demand time = 19007.6
Probe time 19007.7
Merge time 0.523648
Result:
Res count = 0
Query Execution Time: 19117.4
CPU Time: 18388.1
GPU Time: 112.494
Transfer Time: 506.793
Malloc Time: 0.007328

43

 Query: 43 19970101 19981231
Query Prepare Time: 77.6775
 Query Prepare Time using cpu 0.0776188

Query Optimization Time: 2.3849

s_suppkey
sg = 3
Filter Build Kernel time GPU: 0.031968 d_datekey
sg = 3
Filter Build Kernel time GPU: 0.038912 Build time 0.193536
h_total: 0 output_estimate: 231735296 sg: 60
Probe Kernel time GPU: 5.897024 Transfer size: 0 sg: 60
Transfer Time : 0.013312 Group Kernel time CPU: 0.003072 sg = 60 non demand time = 6.08051
Probe time 6.13171
Merge time 0.946912
Result:
Res count = 0
Query Execution Time: 9.06451
CPU Time: 0.003072
GPU Time: 5.89702
Transfer Time: 0.013312
Malloc Time: 0.007424

32

 Query: 32 19920101 19971231
Query Prepare Time: 39.3627
 Query Prepare Time using cpu 0.0393484

Query Optimization Time: 2.4361

s_suppkey
sg = 3
Filter Build Kernel time GPU: 0.038912 d_datekey
sg = 3
Filter Build Kernel time GPU: 0.031744 Build time 0.229312
h_total: 0 output_estimate: 876609536 sg: 14
Probe Kernel time GPU: 20.516865 Transfer size: 0 sg: 14
Transfer Time : 0.010240 Group Kernel time CPU: 0.003072 sg = 14 non demand time = 20.6663
Probe time 20.7145
Merge time 0.37632
Result:
Res count = 0
Query Execution Time: 21.8265
CPU Time: 0.003072
GPU Time: 20.5169
Transfer Time: 0.01024
Malloc Time: 0.007168

41

 Query: 41 19920101 19981231
Query Prepare Time: 73.46
 Query Prepare Time using cpu 0.0734539

Query Optimization Time: 2.49549

s_suppkey
sg = 3
Filter Build Kernel time GPU: 0.036896 p_partkey
sg = 3
Filter Build Kernel time GPU: 31.737856 d_datekey
sg = 1
Build Kernel time GPU: 11.672576 Build time 43.7064
h_total: 0 output_estimate: 960495616 sg: 60
Probe Kernel time GPU: 27.041792 Transfer size: 0 sg: 60
Transfer Time : 0.013312 Group Kernel time CPU: 0.001024 sg = 60 non demand time = 27.216
Probe time 27.2681
Merge time 0.006656
Result:
Res count = 0
Query Execution Time: 71.0641
CPU Time: 0.001024
GPU Time: 31.7748
Transfer Time: 0.013312
Malloc Time: 0.006112

31

 Query: 31 19920101 19971231
Query Prepare Time: 37.5192
 Query Prepare Time using cpu 0.0375154

Query Optimization Time: 2.38077

s_suppkey
sg = 3
Filter Build Kernel time GPU: 0.035840 d_datekey
sg = 3
Filter Build Kernel time GPU: 0.025600 Build time 0.180288
h_total: 0 output_estimate: 876609536 sg: 14
Probe Kernel time GPU: 35.019775 Transfer size: 0 sg: 14
Transfer Time : 0.012288 Group Kernel time CPU: 0.001024 sg = 14 non demand time = 35.1775
Probe time 35.2113
Merge time 0.021536
Result:
Res count = 0
Query Execution Time: 35.4764
CPU Time: 0.001024
GPU Time: 35.0198
Transfer Time: 0.012288
Malloc Time: 0.006592

42

 Query: 42 19970101 19981231
Query Prepare Time: 75.0613
 Query Prepare Time using cpu 0.0750546

Query Optimization Time: 2.38387

s_suppkey
sg = 3
Filter Build Kernel time GPU: 0.039968 p_partkey
sg = 3
Filter Build Kernel time GPU: 31.728640 d_datekey
sg = 3
Filter Build Kernel time GPU: 0.037024 Build time 32.0522
h_total: 0 output_estimate: 231735296 sg: 60
Probe Kernel time GPU: 5.848000 Transfer size: 0 sg: 60
Transfer Time : 0.007168 Group Kernel time CPU: 0.001024 sg = 60 non demand time = 5.97706
Probe time 6.008
Merge time 0.034592
Result:
Res count = 0
Query Execution Time: 38.1785
CPU Time: 0.001024
GPU Time: 31.8056
Transfer Time: 0.007168
Malloc Time: 0.006176

43

 Query: 43 19970101 19981231
Query Prepare Time: 65.3835
 Query Prepare Time using cpu 0.0653276

Query Optimization Time: 2.32976

s_suppkey
sg = 3
Filter Build Kernel time GPU: 0.032768 d_datekey
sg = 3
Filter Build Kernel time GPU: 0.024576 Build time 0.173056
h_total: 0 output_estimate: 231735296 sg: 60
Probe Kernel time GPU: 5.603328 Transfer size: 0 sg: 60
Transfer Time : 0.007296 Group Kernel time CPU: 0.001024 sg = 60 non demand time = 5.72102
Probe time 5.75277
Merge time 0.834304
Result:
Res count = 0
Query Execution Time: 8.5319
CPU Time: 0.001024
GPU Time: 5.60333
Transfer Time: 0.007296
Malloc Time: 0.004096

33

 Query: 33 19920101 19971231
Query Prepare Time: 39.9237
 Query Prepare Time using cpu 0.039912

Query Optimization Time: 2.46272

s_suppkey
sg = 3
Filter Build Kernel time GPU: 0.037952 d_datekey
sg = 3
Filter Build Kernel time GPU: 0.026816 Build time 0.227328
h_total: 0 output_estimate: 876609536 sg: 14
Probe Kernel time GPU: 19.289087 Transfer size: 0 sg: 14
Transfer Time : 0.006144 Group Kernel time CPU: 0.002048 sg = 14 non demand time = 19.4059
Probe time 19.4416
Merge time 0.403904
Result:
Res count = 0
Query Execution Time: 20.575
CPU Time: 0.002048
GPU Time: 19.2891
Transfer Time: 0.006144
Malloc Time: 0.004256

42

 Query: 42 19970101 19981231
Query Prepare Time: 74.3425
 Query Prepare Time using cpu 0.0743384

Query Optimization Time: 2.41971

s_suppkey
sg = 3
Filter Build Kernel time GPU: 0.029696 p_partkey
sg = 3
Filter Build Kernel time GPU: 31.715263 d_datekey
sg = 3
Filter Build Kernel time GPU: 0.040864 Build time 32.0154
h_total: 0 output_estimate: 231735296 sg: 60
Probe Kernel time GPU: 5.832704 Transfer size: 0 sg: 60
Transfer Time : 0.013344 Group Kernel time CPU: 0.003072 sg = 60 non demand time = 5.99546
Probe time 6.03648
Merge time 0.03328
Result:
Res count = 0
Query Execution Time: 38.1778
CPU Time: 0.003072
GPU Time: 31.7858
Transfer Time: 0.013344
Malloc Time: 0.006048

33

 Query: 33 19920101 19971231
Query Prepare Time: 33.226
 Query Prepare Time using cpu 0.0332129

Query Optimization Time: 2.43917

s_suppkey
sg = 3
Filter Build Kernel time GPU: 0.028672 d_datekey
sg = 3
Filter Build Kernel time GPU: 0.023744 Build time 0.15872
h_total: 0 output_estimate: 876609536 sg: 14
Probe Kernel time GPU: 19.287041 Transfer size: 0 sg: 14
Transfer Time : 0.008256 Group Kernel time CPU: 0.003872 sg = 14 non demand time = 19.4314
Probe time 19.4642
Merge time 0.499456
Result:
Res count = 0
Query Execution Time: 20.6025
CPU Time: 0.003872
GPU Time: 19.287
Transfer Time: 0.008256
Malloc Time: 0.00512

13

 Query: 13 19940204 19940210
Query Prepare Time: 0.156288
 Query Prepare Time using cpu 0.000150681

Query Optimization Time: 1.96506

d_datekey
sg = 3
Filter Build Kernel time GPU: 0.032768 Build time 0.10032
h_total: 0 output_estimate: 128688 sg: 30
Filter Probe Kernel time GPU: 0.307328 Transfer size: 0 sg: 30
Transfer Time : 0.009216 Aggr Kernel time CPU: 0.002048 sg = 30 non demand time = 0.535552
h_total: 171384 output_estimate: 386066 sg: 4
Filter Kernel time CPU: 0.761856 Transfer size: 171384 sg: 4
Transfer Time : 0.040960 h_total: 152125 output_estimate: 171384 sg: 4
Probe Kernel time GPU: 0.037920 Transfer size: 152125 sg: 4
Transfer Time : 0.086016 Aggr Kernel time CPU: 0.138016 sg = 4 non demand time = 1.1735
Probe time 1.22675
Merge time 0.002048
Result:
Res count = 0
Query Execution Time: 1.38682
CPU Time: 0.899872
GPU Time: 0.307328
Transfer Time: 0.126976
Malloc Time: 0.01024

42

 Query: 42 19970101 19981231
Query Prepare Time: 73.7667
 Query Prepare Time using cpu 0.0737622

Query Optimization Time: 2.47706

s_suppkey
sg = 3
Filter Build Kernel time GPU: 0.030720 p_partkey
sg = 3
Filter Build Kernel time GPU: 31.721409 d_datekey
sg = 3
Filter Build Kernel time GPU: 0.033984 Build time 31.9949
h_total: 0 output_estimate: 231735296 sg: 60
Probe Kernel time GPU: 5.815360 Transfer size: 0 sg: 60
Transfer Time : 0.004192 Group Kernel time CPU: 0.001888 sg = 60 non demand time = 5.93715
Probe time 5.95962
Merge time 0.020384
Result:
Res count = 0
Query Execution Time: 38.0361
CPU Time: 0.001888
GPU Time: 31.7861
Transfer Time: 0.004192
Malloc Time: 0.005152

34

 Query: 34 19971201 19971231
Query Prepare Time: 33.6204
 Query Prepare Time using cpu 0.0336077

Query Optimization Time: 2.30106

s_suppkey
sg = 3
Filter Build Kernel time GPU: 0.043968 d_datekey
sg = 1
h_total: 31 output_estimate: 1048576 sg: 1
Filter Kernel time CPU: 0.384960 Transfer size: 31 sg: 1
Transfer Time: 0.008384 sg: 1
Build Kernel time GPU: 0.013312 Build time 0.605184
h_total: 0 output_estimate: 14680064 sg: 14
Probe Kernel time GPU: 0.352256 Transfer size: 0 sg: 14
Transfer Time : 0.005120 Group Kernel time CPU: 0.001024 sg = 14 non demand time = 0.461632
Probe time 0.4864
Merge time 0.468384
Result:
Res count = 0
Query Execution Time: 2.04659
CPU Time: 0.38496
GPU Time: 0.352256
Transfer Time: 0.008384
Malloc Time: 0.014336

22

 Query: 22 1 19981231
Query Prepare Time: 98.528
 Query Prepare Time using cpu 0.0984635

Query Optimization Time: 2.472

s_suppkey
sg = 3
Filter Build Kernel time GPU: 0.038912 d_datekey
sg = 1
Build Kernel time GPU: 95.609825 Build time 95.8246
h_total: 0 output_estimate: 960495616 sg: 14
Probe Kernel time GPU: 63.898815 Transfer size: 0 sg: 14
Transfer Time : 0.006240 Group Kernel time CPU: 0.002048 sg = 14 non demand time = 64.0768
Probe time 64.1282
Merge time 0.791776
Result:
Res count = 0
Query Execution Time: 162.787
CPU Time: 0.002048
GPU Time: 95.6098
Transfer Time: 0.00624
Malloc Time: 0.00624

11

 Query: 11 19930101 19931231
Query Prepare Time: 0.157536
 Query Prepare Time using cpu 0.000154257

Query Optimization Time: 2.03264

d_datekey
sg = 3
Filter Build Kernel time GPU: 0.040160 Build time 0.123904
h_total: 17716 output_estimate: 643444 sg: 30
Filter Probe Kernel time GPU: 0.345088 Transfer size: 17716 sg: 30
Transfer Time : 0.031744 Aggr Kernel time CPU: 0.204800 sg = 30 non demand time = 0.784384
h_total: 19082140 output_estimate: 44719384 sg: 4
Filter Kernel time CPU: 19.767296 Transfer size: 19082140 sg: 4
Transfer Time : 3.066880 h_total: 19047358 output_estimate: 19082140 sg: 4
Probe Kernel time GPU: 0.952320 Transfer size: 19047358 sg: 4
Transfer Time : 6.082816 Aggr Kernel time CPU: 5.416128 sg = 4 non demand time = 35.4785
Probe time 35.586
Merge time 0.004416
Result:
Res count = 0
Query Execution Time: 35.789
CPU Time: 25.1834
GPU Time: 0.95232
Transfer Time: 9.1497
Malloc Time: 0.011264

32

 Query: 32 19920101 19971231
Query Prepare Time: 37.6677
 Query Prepare Time using cpu 0.0376534

Query Optimization Time: 2.45248

s_suppkey
sg = 3
Filter Build Kernel time GPU: 0.028576 d_datekey
sg = 3
Filter Build Kernel time GPU: 0.021504 Build time 0.155648
h_total: 0 output_estimate: 876609536 sg: 14
Probe Kernel time GPU: 19.592192 Transfer size: 0 sg: 14
Transfer Time : 0.007168 Group Kernel time CPU: 0.001888 sg = 14 non demand time = 19.7171
Probe time 19.75
Merge time 0.463328
Result:
Res count = 0
Query Execution Time: 20.8557
CPU Time: 0.001888
GPU Time: 19.5922
Transfer Time: 0.007168
Malloc Time: 0.00512

21

 Query: 21 1 19981231
Query Prepare Time: 98.0898
 Query Prepare Time using cpu 0.0980244

Query Optimization Time: 2.48832

s_suppkey
sg = 3
Filter Build Kernel time GPU: 0.040960 p_partkey
sg = 1
p_partkey
sg = 3
Build Kernel time GPU: 60.277760 Filter Build Kernel time GPU: 26.583040 d_datekey
sg = 1
Build Kernel time GPU: 46.609600 Build time 107.285
h_total: 818596275 output_estimate: 960495616 sg: 14
Probe Kernel time GPU: 112.356323 Transfer size: 818596275 sg: 14
Transfer Time : 506.789886 Group Kernel time CPU: 18413.556641 sg = 14 non demand time = 19032.9
Probe time 19033
Merge time 0.497152
Result:
Res count = 0
Query Execution Time: 19142.7
CPU Time: 18413.6
GPU Time: 112.356
Transfer Time: 506.79
Malloc Time: 0.006144

31

 Query: 31 19920101 19971231
Query Prepare Time: 36.8779
 Query Prepare Time using cpu 0.0368745

Query Optimization Time: 2.41562

s_suppkey
sg = 3
Filter Build Kernel time GPU: 0.041120 d_datekey
sg = 3
Filter Build Kernel time GPU: 0.023552 Build time 0.175104
h_total: 0 output_estimate: 876609536 sg: 14
Probe Kernel time GPU: 35.012608 Transfer size: 0 sg: 14
Transfer Time : 0.004096 Group Kernel time CPU: 0.002048 sg = 14 non demand time = 35.1312
Probe time 35.159
Merge time 0.022496
Result:
Res count = 0
Query Execution Time: 35.4137
CPU Time: 0.002048
GPU Time: 35.0126
Transfer Time: 0.004096
Malloc Time: 0.00448

11

 Query: 11 19930101 19931231
Query Prepare Time: 0.153824
 Query Prepare Time using cpu 0.000151634

Query Optimization Time: 1.96608

d_datekey
sg = 3
Filter Build Kernel time GPU: 0.036864 Build time 0.101376
h_total: 17716 output_estimate: 643444 sg: 30
Filter Probe Kernel time GPU: 0.221184 Transfer size: 17716 sg: 30
Transfer Time : 0.023552 Aggr Kernel time CPU: 0.158720 sg = 30 non demand time = 0.5632
h_total: 19082140 output_estimate: 44719384 sg: 4
Filter Kernel time CPU: 9.794656 Transfer size: 19082140 sg: 4
Transfer Time : 3.041312 h_total: 19047358 output_estimate: 19082140 sg: 4
Probe Kernel time GPU: 0.955392 Transfer size: 19047358 sg: 4
Transfer Time : 6.099968 Aggr Kernel time CPU: 5.326848 sg = 4 non demand time = 25.4167
Probe time 25.5181
Merge time 0.005728
Result:
Res count = 0
Query Execution Time: 25.7072
CPU Time: 15.1215
GPU Time: 0.955392
Transfer Time: 9.14128
Malloc Time: 0.009344

34

 Query: 34 19971201 19971231
Query Prepare Time: 37.0806
 Query Prepare Time using cpu 0.0370662

Query Optimization Time: 2.39923

s_suppkey
sg = 3
Filter Build Kernel time GPU: 0.035840 d_datekey
sg = 1
h_total: 31 output_estimate: 1048576 sg: 1
Filter Kernel time CPU: 0.212992 Transfer size: 31 sg: 1
Transfer Time: 0.008192 sg: 1
Build Kernel time GPU: 0.013312 Build time 0.444352
h_total: 0 output_estimate: 14680064 sg: 14
Probe Kernel time GPU: 0.368640 Transfer size: 0 sg: 14
Transfer Time : 0.006144 Group Kernel time CPU: 0.002048 sg = 14 non demand time = 0.474112
Probe time 0.504832
Merge time 0.463456
Result:
Res count = 0
Query Execution Time: 1.89331
CPU Time: 0.212992
GPU Time: 0.36864
Transfer Time: 0.008192
Malloc Time: 0.013088

13

 Query: 13 19940204 19940210
Query Prepare Time: 0.099616
 Query Prepare Time using cpu 9.799e-05

Query Optimization Time: 1.9793

d_datekey
sg = 3
Filter Build Kernel time GPU: 0.022432 Build time 0.063488
h_total: 0 output_estimate: 128688 sg: 30
Filter Probe Kernel time GPU: 0.106336 Transfer size: 0 sg: 30
Transfer Time : 0.007168 Aggr Kernel time CPU: 0.001024 sg = 30 non demand time = 0.274432
h_total: 171384 output_estimate: 386066 sg: 4
Filter Kernel time CPU: 0.492544 Transfer size: 171384 sg: 4
Transfer Time : 0.039808 h_total: 152125 output_estimate: 171384 sg: 4
Probe Kernel time GPU: 0.035840 Transfer size: 152125 sg: 4
Transfer Time : 0.082944 Aggr Kernel time CPU: 0.159808 sg = 4 non demand time = 0.921536
Probe time 0.962336
Merge time 0.00224
Result:
Res count = 0
Query Execution Time: 1.07715
CPU Time: 0.652352
GPU Time: 0.106336
Transfer Time: 0.122752
Malloc Time: 0.010208

32

 Query: 32 19920101 19971231
Query Prepare Time: 38.5221
 Query Prepare Time using cpu 0.0385103

Query Optimization Time: 2.45555

s_suppkey
sg = 3
Filter Build Kernel time GPU: 0.034784 d_datekey
sg = 3
Filter Build Kernel time GPU: 0.021504 Build time 0.169984
h_total: 0 output_estimate: 876609536 sg: 14
Probe Kernel time GPU: 20.525057 Transfer size: 0 sg: 14
Transfer Time : 0.007168 Group Kernel time CPU: 0.002048 sg = 14 non demand time = 20.6684
Probe time 20.7003
Merge time 0.41024
Result:
Res count = 0
Query Execution Time: 21.78
CPU Time: 0.002048
GPU Time: 20.5251
Transfer Time: 0.007168
Malloc Time: 0.005504

23

 Query: 23 1 19981231
Query Prepare Time: 97.9709
 Query Prepare Time using cpu 0.0979052

Query Optimization Time: 2.43917

s_suppkey
sg = 3
Filter Build Kernel time GPU: 0.028672 d_datekey
sg = 1
Build Kernel time GPU: 95.516670 Build time 95.6887
h_total: 0 output_estimate: 960495616 sg: 14
Probe Kernel time GPU: 26.450912 Transfer size: 0 sg: 14
Transfer Time : 0.008160 Group Kernel time CPU: 0.002048 sg = 14 non demand time = 26.5975
Probe time 26.6365
Merge time 0.737056
Result:
Res count = 0
Query Execution Time: 125.097
CPU Time: 0.002048
GPU Time: 95.5167
Transfer Time: 0.00816
Malloc Time: 0.005152

31

 Query: 31 19920101 19971231
Query Prepare Time: 36.9008
 Query Prepare Time using cpu 0.036896

Query Optimization Time: 2.44941

s_suppkey
sg = 3
Filter Build Kernel time GPU: 0.043008 d_datekey
sg = 3
Filter Build Kernel time GPU: 0.027584 Build time 0.212992
h_total: 0 output_estimate: 876609536 sg: 14
Probe Kernel time GPU: 34.988033 Transfer size: 0 sg: 14
Transfer Time : 0.007168 Group Kernel time CPU: 0.002048 sg = 14 non demand time = 35.1273
Probe time 35.1703
Merge time 0.035264
Result:
Res count = 0
Query Execution Time: 35.4954
CPU Time: 0.002048
GPU Time: 34.988
Transfer Time: 0.007168
Malloc Time: 0.005824

33

 Query: 33 19920101 19971231
Query Prepare Time: 32.846
 Query Prepare Time using cpu 0.0328348

Query Optimization Time: 2.34496

s_suppkey
sg = 3
Filter Build Kernel time GPU: 0.033952 d_datekey
sg = 3
Filter Build Kernel time GPU: 0.025600 Build time 0.177152
h_total: 0 output_estimate: 876609536 sg: 14
Probe Kernel time GPU: 19.292160 Transfer size: 0 sg: 14
Transfer Time : 0.005120 Group Kernel time CPU: 0.001984 sg = 14 non demand time = 19.4284
Probe time 19.4744
Merge time 0.490976
Result:
Res count = 0
Query Execution Time: 20.6286
CPU Time: 0.001984
GPU Time: 19.2922
Transfer Time: 0.00512
Malloc Time: 0.007744

31

 Query: 31 19920101 19971231
Query Prepare Time: 36.6593
 Query Prepare Time using cpu 0.0366538

Query Optimization Time: 2.45846

s_suppkey
sg = 3
Filter Build Kernel time GPU: 0.041984 d_datekey
sg = 3
Filter Build Kernel time GPU: 0.033792 Build time 0.22528
h_total: 0 output_estimate: 876609536 sg: 14
Probe Kernel time GPU: 34.979904 Transfer size: 0 sg: 14
Transfer Time : 0.007168 Group Kernel time CPU: 0.002048 sg = 14 non demand time = 35.1189
Probe time 35.159
Merge time 0.02512
Result:
Res count = 0
Query Execution Time: 35.4771
CPU Time: 0.002048
GPU Time: 34.9799
Transfer Time: 0.007168
Malloc Time: 0.006016

13

 Query: 13 19940204 19940210
Query Prepare Time: 0.137472
 Query Prepare Time using cpu 0.000134706

Query Optimization Time: 1.96608

d_datekey
sg = 3
Filter Build Kernel time GPU: 0.024576 Build time 0.061536
h_total: 0 output_estimate: 128688 sg: 30
Filter Probe Kernel time GPU: 0.258048 Transfer size: 0 sg: 30
Transfer Time : 0.010208 Aggr Kernel time CPU: 0.002080 sg = 30 non demand time = 0.5664
h_total: 171384 output_estimate: 386066 sg: 4
Filter Kernel time CPU: 0.848896 Transfer size: 171384 sg: 4
Transfer Time : 0.040000 h_total: 152125 output_estimate: 171384 sg: 4
Probe Kernel time GPU: 0.034816 Transfer size: 152125 sg: 4
Transfer Time : 0.068608 Aggr Kernel time CPU: 0.153440 sg = 4 non demand time = 1.25952
Probe time 1.30355
Merge time 0.002016
Result:
Res count = 0
Query Execution Time: 1.41987
CPU Time: 1.00234
GPU Time: 0.258048
Transfer Time: 0.108608
Malloc Time: 0.007232

34

 Query: 34 19971201 19971231
Query Prepare Time: 37.7963
 Query Prepare Time using cpu 0.0377846

Query Optimization Time: 2.4023

s_suppkey
sg = 3
Filter Build Kernel time GPU: 0.034816 d_datekey
sg = 1
h_total: 31 output_estimate: 1048576 sg: 1
Filter Kernel time CPU: 0.397312 Transfer size: 31 sg: 1
Transfer Time: 0.009216 sg: 1
Build Kernel time GPU: 0.012480 Build time 0.643072
h_total: 0 output_estimate: 14680064 sg: 14
Probe Kernel time GPU: 0.349184 Transfer size: 0 sg: 14
Transfer Time : 0.004096 Group Kernel time CPU: 0.001024 sg = 14 non demand time = 0.448512
Probe time 0.468992
Merge time 0.464576
Result:
Res count = 0
Query Execution Time: 2.06358
CPU Time: 0.397312
GPU Time: 0.349184
Transfer Time: 0.009216
Malloc Time: 0.017344

41

 Query: 41 19920101 19981231
Query Prepare Time: 74.0731
 Query Prepare Time using cpu 0.0740702

Query Optimization Time: 2.55603

s_suppkey
sg = 3
Filter Build Kernel time GPU: 0.039072 p_partkey
sg = 3
Filter Build Kernel time GPU: 31.735712 d_datekey
sg = 1
Build Kernel time GPU: 11.099136 Build time 43.1198
h_total: 0 output_estimate: 960495616 sg: 60
Probe Kernel time GPU: 26.162239 Transfer size: 0 sg: 60
Transfer Time : 0.007168 Group Kernel time CPU: 0.002080 sg = 60 non demand time = 26.3045
Probe time 26.3404
Merge time 0.005984
Result:
Res count = 0
Query Execution Time: 69.5356
CPU Time: 0.00208
GPU Time: 31.7748
Transfer Time: 0.007168
Malloc Time: 0.004288

41

 Query: 41 19920101 19981231
Query Prepare Time: 74.4407
 Query Prepare Time using cpu 0.0744371

Query Optimization Time: 2.5376

s_suppkey
sg = 3
Filter Build Kernel time GPU: 0.038848 p_partkey
sg = 3
Filter Build Kernel time GPU: 31.719648 d_datekey
sg = 1
Build Kernel time GPU: 11.090816 Build time 43.1184
h_total: 0 output_estimate: 960495616 sg: 60
Probe Kernel time GPU: 26.507168 Transfer size: 0 sg: 60
Transfer Time : 0.009216 Group Kernel time CPU: 0.002048 sg = 60 non demand time = 26.666
Probe time 26.7018
Merge time 0.005568
Result:
Res count = 0
Query Execution Time: 69.8996
CPU Time: 0.002048
GPU Time: 31.7585
Transfer Time: 0.009216
Malloc Time: 0.005056

13

 Query: 13 19940204 19940210
Query Prepare Time: 0.144416
 Query Prepare Time using cpu 0.000142336

Query Optimization Time: 2.0439

d_datekey
sg = 3
Filter Build Kernel time GPU: 0.024704 Build time 0.064512
h_total: 0 output_estimate: 128688 sg: 30
Filter Probe Kernel time GPU: 0.594912 h_total: 171384 output_estimate: 386066 sg: 4
Filter Kernel time CPU: 1.288192 Transfer size: 171384 sg: 4
Transfer Time : 0.039936 Transfer size: 0 sg: 30
Transfer Time : 0.014336 h_total: 152125 output_estimate: 171384 sg: 4
Probe Kernel time GPU: 0.067584 Transfer size: 152125 sg: 4
Aggr Kernel time CPU: 0.001824 Transfer Time : 0.082848 sg = 30 non demand time = 1.20525
Aggr Kernel time CPU: 0.154400 sg = 4 non demand time = 1.75718
Probe time 1.80531
Merge time 0.00192
Result:
Res count = 0
Query Execution Time: 1.9385
CPU Time: 1.44259
GPU Time: 0.594912
Transfer Time: 0.122784
Malloc Time: 0.012416

13

 Query: 13 19940204 19940210
Query Prepare Time: 0.121568
 Query Prepare Time using cpu 0.000119448

Query Optimization Time: 1.86368

d_datekey
sg = 3
Filter Build Kernel time GPU: 0.029600 Build time 0.083968
h_total: 0 output_estimate: 128688 sg: 30
Filter Probe Kernel time GPU: 0.128000 Transfer size: 0 sg: 30
Transfer Time : 0.009216 Aggr Kernel time CPU: 0.003072 sg = 30 non demand time = 0.346112
h_total: 171384 output_estimate: 386066 sg: 4
Filter Kernel time CPU: 0.734080 Transfer size: 171384 sg: 4
Transfer Time : 0.039936 h_total: 152125 output_estimate: 171384 sg: 4
Probe Kernel time GPU: 0.035840 Transfer size: 152125 sg: 4
Transfer Time : 0.073600 Aggr Kernel time CPU: 0.115712 sg = 4 non demand time = 1.12742
Probe time 1.17248
Merge time 0.001856
Result:
Res count = 0
Query Execution Time: 1.32541
CPU Time: 0.849792
GPU Time: 0.128
Transfer Time: 0.113536
Malloc Time: 0.008096

34

 Query: 34 19971201 19971231
Query Prepare Time: 35.9623
 Query Prepare Time using cpu 0.0359492

Query Optimization Time: 2.36045

s_suppkey
sg = 3
Filter Build Kernel time GPU: 0.034816 d_datekey
sg = 1
h_total: 31 output_estimate: 1048576 sg: 1
Filter Kernel time CPU: 0.308224 Transfer size: 31 sg: 1
Transfer Time: 0.009216 sg: 1
Build Kernel time GPU: 0.014336 Build time 0.534528
h_total: 0 output_estimate: 14680064 sg: 14
Probe Kernel time GPU: 0.352064 Transfer size: 0 sg: 14
Transfer Time : 0.005344 Group Kernel time CPU: 0.002272 sg = 14 non demand time = 0.456576
Probe time 0.480256
Merge time 0.461344
Result:
Res count = 0
Query Execution Time: 1.95658
CPU Time: 0.308224
GPU Time: 0.352064
Transfer Time: 0.009216
Malloc Time: 0.014336

43

 Query: 43 19970101 19981231
Query Prepare Time: 76.1433
 Query Prepare Time using cpu 0.0760868

Query Optimization Time: 2.45661

s_suppkey
sg = 3
Filter Build Kernel time GPU: 0.041984 d_datekey
sg = 3
Filter Build Kernel time GPU: 0.024768 Build time 0.208896
h_total: 0 output_estimate: 231735296 sg: 60
Probe Kernel time GPU: 5.605440 Transfer size: 0 sg: 60
Transfer Time : 0.004192 Group Kernel time CPU: 0.002048 sg = 60 non demand time = 5.71709
Probe time 5.74362
Merge time 1.11626
Result:
Res count = 0
Query Execution Time: 8.84755
CPU Time: 0.002048
GPU Time: 5.60544
Transfer Time: 0.004192
Malloc Time: 0.006176

11

 Query: 11 19930101 19931231
Query Prepare Time: 0.124288
 Query Prepare Time using cpu 0.000122309

Query Optimization Time: 2.03699

d_datekey
sg = 3
Filter Build Kernel time GPU: 0.029632 Build time 0.074752
h_total: 17716 output_estimate: 643444 sg: 30
Filter Probe Kernel time GPU: 0.172032 Transfer size: 17716 sg: 30
Transfer Time : 0.032768 Aggr Kernel time CPU: 0.228288 sg = 30 non demand time = 0.703488
h_total: 19082140 output_estimate: 44719384 sg: 4
Filter Kernel time CPU: 20.493216 Transfer size: 19082140 sg: 4
Transfer Time : 3.056640 h_total: 19047358 output_estimate: 19082140 sg: 4
Probe Kernel time GPU: 0.954368 Transfer size: 19047358 sg: 4
Transfer Time : 6.083584 Aggr Kernel time CPU: 5.609472 sg = 4 non demand time = 36.382
Probe time 36.4698
Merge time 0.00368
Result:
Res count = 0
Query Execution Time: 36.6139
CPU Time: 26.1027
GPU Time: 0.954368
Transfer Time: 9.14022
Malloc Time: 0.008224

13

 Query: 13 19940204 19940210
Query Prepare Time: 0.10672
 Query Prepare Time using cpu 0.000104427

Query Optimization Time: 2.09818

d_datekey
sg = 3
Filter Build Kernel time GPU: 0.026784 Build time 0.07168
h_total: 0 output_estimate: 128688 sg: 30
Filter Probe Kernel time GPU: 0.316352 Transfer size: 0 sg: 30
Transfer Time : 0.012160 Aggr Kernel time CPU: 0.003072 sg = 30 non demand time = 0.551072
h_total: 171384 output_estimate: 386066 sg: 4
Filter Kernel time CPU: 0.780288 Transfer size: 171384 sg: 4
Transfer Time : 0.040960 h_total: 152125 output_estimate: 171384 sg: 4
Probe Kernel time GPU: 0.036864 Transfer size: 152125 sg: 4
Transfer Time : 0.068448 Aggr Kernel time CPU: 0.143296 sg = 4 non demand time = 1.18374
Probe time 1.2247
Merge time 0.00208
Result:
Res count = 0
Query Execution Time: 1.35933
CPU Time: 0.923584
GPU Time: 0.316352
Transfer Time: 0.109408
Malloc Time: 0.010336

41

 Query: 41 19920101 19981231
Query Prepare Time: 74.0031
 Query Prepare Time using cpu 0.0739987

Query Optimization Time: 2.57946

s_suppkey
sg = 3
Filter Build Kernel time GPU: 0.043008 p_partkey
sg = 3
Filter Build Kernel time GPU: 31.722496 d_datekey
sg = 1
Build Kernel time GPU: 11.082944 Build time 43.0848
h_total: 0 output_estimate: 960495616 sg: 60
Probe Kernel time GPU: 26.161152 Transfer size: 0 sg: 60
Transfer Time : 0.009216 Group Kernel time CPU: 0.003072 sg = 60 non demand time = 26.3158
Probe time 26.3525
Merge time 0.006336
Result:
Res count = 0
Query Execution Time: 69.5181
CPU Time: 0.003072
GPU Time: 31.7655
Transfer Time: 0.009216
Malloc Time: 0.006144

43

 Query: 43 19970101 19981231
Query Prepare Time: 75.0758
 Query Prepare Time using cpu 0.0750208

Query Optimization Time: 2.4535

s_suppkey
sg = 3
Filter Build Kernel time GPU: 0.041056 d_datekey
sg = 3
Filter Build Kernel time GPU: 0.025600 Build time 0.214016
h_total: 0 output_estimate: 231735296 sg: 60
Probe Kernel time GPU: 5.605216 Transfer size: 0 sg: 60
Transfer Time : 0.005120 Group Kernel time CPU: 0.001024 sg = 60 non demand time = 5.72928
Probe time 5.75181
Merge time 1.12742
Result:
Res count = 0
Query Execution Time: 8.87133
CPU Time: 0.001024
GPU Time: 5.60522
Transfer Time: 0.00512
Malloc Time: 0.004896

43

 Query: 43 19970101 19981231
Query Prepare Time: 78.2605
 Query Prepare Time using cpu 0.0782061

Query Optimization Time: 2.48115

s_suppkey
sg = 3
Filter Build Kernel time GPU: 0.030560 d_datekey
sg = 3
Filter Build Kernel time GPU: 0.024576 Build time 0.17408
h_total: 0 output_estimate: 231735296 sg: 60
Probe Kernel time GPU: 5.626880 Transfer size: 0 sg: 60
Transfer Time : 0.008256 Group Kernel time CPU: 0.002048 sg = 60 non demand time = 5.7569
Probe time 5.78445
Merge time 1.13536
Result:
Res count = 0
Query Execution Time: 8.8687
CPU Time: 0.002048
GPU Time: 5.62688
Transfer Time: 0.008256
Malloc Time: 0.00512

41

 Query: 41 19920101 19981231
Query Prepare Time: 74.1517
 Query Prepare Time using cpu 0.074147

Query Optimization Time: 2.59258

s_suppkey
sg = 3
Filter Build Kernel time GPU: 0.037888 p_partkey
sg = 3
Filter Build Kernel time GPU: 31.724545 d_datekey
sg = 1
Build Kernel time GPU: 11.387904 Build time 43.3757
h_total: 0 output_estimate: 960495616 sg: 60
Probe Kernel time GPU: 26.320896 Transfer size: 0 sg: 60
Transfer Time : 0.011264 Group Kernel time CPU: 0.001888 sg = 60 non demand time = 26.493
Probe time 26.5359
Merge time 0.0064
Result:
Res count = 0
Query Execution Time: 69.9992
CPU Time: 0.001888
GPU Time: 31.7624
Transfer Time: 0.011264
Malloc Time: 0.005792

34

 Query: 34 19971201 19971231
Query Prepare Time: 37.6289
 Query Prepare Time using cpu 0.0376158

Query Optimization Time: 2.38182

s_suppkey
sg = 3
Filter Build Kernel time GPU: 0.026624 d_datekey
sg = 1
h_total: 31 output_estimate: 1048576 sg: 1
Filter Kernel time CPU: 0.385024 Transfer size: 31 sg: 1
Transfer Time: 0.009216 sg: 1
Build Kernel time GPU: 0.014336 Build time 0.57856
h_total: 0 output_estimate: 14680064 sg: 14
Probe Kernel time GPU: 0.348160 Transfer size: 0 sg: 14
Transfer Time : 0.006080 Group Kernel time CPU: 0.003072 sg = 14 non demand time = 0.454656
Probe time 0.4832
Merge time 0.492064
Result:
Res count = 0
Query Execution Time: 2.03386
CPU Time: 0.385024
GPU Time: 0.34816
Transfer Time: 0.009216
Malloc Time: 0.013312

22

 Query: 22 1 19981231
Query Prepare Time: 98.5097
 Query Prepare Time using cpu 0.0984426

Query Optimization Time: 2.42688

s_suppkey
sg = 3
Filter Build Kernel time GPU: 0.028672 d_datekey
sg = 1
Build Kernel time GPU: 95.562653 Build time 95.7276
h_total: 0 output_estimate: 960495616 sg: 14
Probe Kernel time GPU: 63.908672 Transfer size: 0 sg: 14
Transfer Time : 0.007424 Group Kernel time CPU: 0.001024 sg = 14 non demand time = 64.0891
Probe time 64.1454
Merge time 0.739808
Result:
Res count = 0
Query Execution Time: 162.663
CPU Time: 0.001024
GPU Time: 95.5627
Transfer Time: 0.007424
Malloc Time: 0.006784

41

 Query: 41 19920101 19981231
Query Prepare Time: 74.0929
 Query Prepare Time using cpu 0.0740886

Query Optimization Time: 2.60426

s_suppkey
sg = 3
Filter Build Kernel time GPU: 0.028672 p_partkey
sg = 3
Filter Build Kernel time GPU: 31.728640 d_datekey
sg = 1
Build Kernel time GPU: 11.097920 Build time 43.0653
h_total: 0 output_estimate: 960495616 sg: 60
Probe Kernel time GPU: 26.184736 Transfer size: 0 sg: 60
Transfer Time : 0.008064 Group Kernel time CPU: 0.002112 sg = 60 non demand time = 26.332
Probe time 26.367
Merge time 0.006208
Result:
Res count = 0
Query Execution Time: 69.5092
CPU Time: 0.002112
GPU Time: 31.7573
Transfer Time: 0.008064
Malloc Time: 0.005184

23

 Query: 23 1 19981231
Query Prepare Time: 98.1426
 Query Prepare Time using cpu 0.0980785

Query Optimization Time: 2.51802

s_suppkey
sg = 3
Filter Build Kernel time GPU: 0.038752 d_datekey
sg = 1
Build Kernel time GPU: 95.579140 Build time 95.7798
h_total: 0 output_estimate: 960495616 sg: 14
Probe Kernel time GPU: 25.690081 Transfer size: 0 sg: 14
Transfer Time : 0.004096 Group Kernel time CPU: 0.002048 sg = 14 non demand time = 25.8304
Probe time 25.8714
Merge time 0.700832
Result:
Res count = 0
Query Execution Time: 124.393
CPU Time: 0.002048
GPU Time: 95.5791
Transfer Time: 0.004096
Malloc Time: 0.004224

33

 Query: 33 19920101 19971231
Query Prepare Time: 40.403
 Query Prepare Time using cpu 0.0403888

Query Optimization Time: 2.43917

s_suppkey
sg = 3
Filter Build Kernel time GPU: 0.027648 d_datekey
sg = 3
Filter Build Kernel time GPU: 0.021504 Build time 0.1456
h_total: 0 output_estimate: 876609536 sg: 14
Probe Kernel time GPU: 19.298304 Transfer size: 0 sg: 14
Transfer Time : 0.008000 Group Kernel time CPU: 0.001024 sg = 14 non demand time = 19.4345
Probe time 19.4642
Merge time 0.486112
Result:
Res count = 0
Query Execution Time: 20.5864
CPU Time: 0.001024
GPU Time: 19.2983
Transfer Time: 0.008
Malloc Time: 0.00544

41

 Query: 41 19920101 19981231
Query Prepare Time: 73.7341
 Query Prepare Time using cpu 0.0737302

Query Optimization Time: 2.47296

s_suppkey
sg = 3
Filter Build Kernel time GPU: 0.029696 p_partkey
sg = 3
Filter Build Kernel time GPU: 31.715296 d_datekey
sg = 1
Build Kernel time GPU: 11.087808 Build time 43.0621
h_total: 0 output_estimate: 960495616 sg: 60
Probe Kernel time GPU: 26.172417 Transfer size: 0 sg: 60
Transfer Time : 0.008192 Group Kernel time CPU: 0.002208 sg = 60 non demand time = 26.3454
Probe time 26.3854
Merge time 0.005728
Result:
Res count = 0
Query Execution Time: 69.5299
CPU Time: 0.002208
GPU Time: 31.745
Transfer Time: 0.008192
Malloc Time: 0.004608

13

 Query: 13 19940204 19940210
Query Prepare Time: 0.123488
 Query Prepare Time using cpu 0.000121593

Query Optimization Time: 2.07565

d_datekey
sg = 3
Filter Build Kernel time GPU: 0.024384 Build time 0.062528
h_total: 0 output_estimate: 128688 sg: 30
Filter Probe Kernel time GPU: 0.262016 Transfer size: 0 sg: 30
Transfer Time : 0.030720 Aggr Kernel time CPU: 0.007168 sg = 30 non demand time = 0.719872
h_total: 171384 output_estimate: 386066 sg: 4
Filter Kernel time CPU: 1.249280 Transfer size: 171384 sg: 4
Transfer Time : 0.040864 h_total: 152125 output_estimate: 171384 sg: 4
Probe Kernel time GPU: 0.037792 Transfer size: 152125 sg: 4
Transfer Time : 0.066560 Aggr Kernel time CPU: 0.139392 sg = 4 non demand time = 1.64966
Probe time 1.69062
Merge time 0.00224
Result:
Res count = 0
Query Execution Time: 1.8064
CPU Time: 1.38867
GPU Time: 0.262016
Transfer Time: 0.107424
Malloc Time: 0.02928

11

 Query: 11 19930101 19931231
Query Prepare Time: 0.123776
 Query Prepare Time using cpu 0.000118971

Query Optimization Time: 1.86275

d_datekey
sg = 3
Filter Build Kernel time GPU: 0.034848 Build time 0.094208
h_total: 17716 output_estimate: 643444 sg: 30
Filter Probe Kernel time GPU: 0.483200 Transfer size: 17716 sg: 30
Transfer Time : 0.032768 Aggr Kernel time CPU: 0.200512 sg = 30 non demand time = 1.00864
h_total: 19082140 output_estimate: 44719384 sg: 4
Filter Kernel time CPU: 19.266560 Transfer size: 19082140 sg: 4
Transfer Time : 3.070112 h_total: 19047358 output_estimate: 19082140 sg: 4
Probe Kernel time GPU: 0.955392 Transfer size: 19047358 sg: 4
Transfer Time : 6.078464 Aggr Kernel time CPU: 5.508096 sg = 4 non demand time = 35.0497
Probe time 35.1396
Merge time 0.003264
Result:
Res count = 0
Query Execution Time: 35.3139
CPU Time: 24.7747
GPU Time: 0.955392
Transfer Time: 9.14858
Malloc Time: 0.009216

23

 Query: 23 1 19981231
Query Prepare Time: 98.5983
 Query Prepare Time using cpu 0.098532

Query Optimization Time: 2.46682

s_suppkey
sg = 3
Filter Build Kernel time GPU: 0.038976 d_datekey
sg = 1
Build Kernel time GPU: 95.564796 Build time 95.787
h_total: 0 output_estimate: 960495616 sg: 14
Probe Kernel time GPU: 25.686016 Transfer size: 0 sg: 14
Transfer Time : 0.004096 Group Kernel time CPU: 0.002048 sg = 14 non demand time = 25.8138
Probe time 25.854
Merge time 0.722752
Result:
Res count = 0
Query Execution Time: 124.4
CPU Time: 0.002048
GPU Time: 95.5648
Transfer Time: 0.004096
Malloc Time: 0.004864

13

 Query: 13 19940204 19940210
Query Prepare Time: 0.151808
 Query Prepare Time using cpu 0.000148058

Query Optimization Time: 2.02035

d_datekey
sg = 3
Filter Build Kernel time GPU: 0.033792 Build time 0.095232
h_total: 0 output_estimate: 128688 sg: 30
Filter Probe Kernel time GPU: 0.138400 Transfer size: 0 sg: 30
Transfer Time : 0.011232 Aggr Kernel time CPU: 0.002048 sg = 30 non demand time = 0.365568
h_total: 171384 output_estimate: 386066 sg: 4
Filter Kernel time CPU: 0.749568 Transfer size: 171384 sg: 4
Transfer Time : 0.039936 h_total: 152125 output_estimate: 171384 sg: 4
Probe Kernel time GPU: 0.034816 Transfer size: 152125 sg: 4
Transfer Time : 0.075648 Aggr Kernel time CPU: 0.141312 sg = 4 non demand time = 1.16435
Probe time 1.2073
Merge time 0.001792
Result:
Res count = 0
Query Execution Time: 1.36854
CPU Time: 0.89088
GPU Time: 0.1384
Transfer Time: 0.115584
Malloc Time: 0.008896

34

 Query: 34 19971201 19971231
Query Prepare Time: 39.104
 Query Prepare Time using cpu 0.0390911

Query Optimization Time: 2.45658

s_suppkey
sg = 3
Filter Build Kernel time GPU: 0.033856 d_datekey
sg = 1
h_total: 31 output_estimate: 1048576 sg: 1
Filter Kernel time CPU: 0.366592 Transfer size: 31 sg: 1
Transfer Time: 0.009216 sg: 1
Build Kernel time GPU: 0.013312 Build time 0.644032
h_total: 0 output_estimate: 14680064 sg: 14
Probe Kernel time GPU: 0.352096 Transfer size: 0 sg: 14
Transfer Time : 0.005152 Group Kernel time CPU: 0.002016 sg = 14 non demand time = 0.478112
Probe time 0.505888
Merge time 0.454496
Result:
Res count = 0
Query Execution Time: 2.08813
CPU Time: 0.366592
GPU Time: 0.352096
Transfer Time: 0.009216
Malloc Time: 0.015168

34

 Query: 34 19971201 19971231
Query Prepare Time: 37.9178
 Query Prepare Time using cpu 0.037904

Query Optimization Time: 2.41766

s_suppkey
sg = 3
Filter Build Kernel time GPU: 0.036864 d_datekey
sg = 1
h_total: 31 output_estimate: 1048576 sg: 1
Filter Kernel time CPU: 0.419840 Transfer size: 31 sg: 1
Transfer Time: 0.008256 sg: 1
Build Kernel time GPU: 0.016352 Build time 0.659456
h_total: 0 output_estimate: 14680064 sg: 14
Probe Kernel time GPU: 0.350208 Transfer size: 0 sg: 14
Transfer Time : 0.006144 Group Kernel time CPU: 0.001024 sg = 14 non demand time = 0.451584
Probe time 0.473088
Merge time 0.415264
Result:
Res count = 0
Query Execution Time: 2.0353
CPU Time: 0.41984
GPU Time: 0.350208
Transfer Time: 0.008256
Malloc Time: 0.014304

42

 Query: 42 19970101 19981231
Query Prepare Time: 74.169
 Query Prepare Time using cpu 0.0741663

Query Optimization Time: 2.508

s_suppkey
sg = 3
Filter Build Kernel time GPU: 0.037888 p_partkey
sg = 3
Filter Build Kernel time GPU: 31.742176 d_datekey
sg = 3
Filter Build Kernel time GPU: 0.039776 Build time 32.0471
h_total: 0 output_estimate: 231735296 sg: 60
Probe Kernel time GPU: 5.817344 Transfer size: 0 sg: 60
Transfer Time : 0.007328 Group Kernel time CPU: 0.003072 sg = 60 non demand time = 5.94851
Probe time 5.98733
Merge time 0.0216
Result:
Res count = 0
Query Execution Time: 38.1212
CPU Time: 0.003072
GPU Time: 31.8198
Transfer Time: 0.007328
Malloc Time: 0.0064

21

 Query: 21 1 19981231
Query Prepare Time: 83.152
 Query Prepare Time using cpu 0.083086

Query Optimization Time: 2.3337

s_suppkey
sg = 3
Filter Build Kernel time GPU: 0.037888 p_partkey
sg = 1
p_partkey
sg = 3
Build Kernel time GPU: 60.219391 Filter Build Kernel time GPU: 26.578913 d_datekey
sg = 1
Build Kernel time GPU: 46.585857 Build time 107.171
h_total: 818814261 output_estimate: 960495616 sg: 14
Probe Kernel time GPU: 112.484352 Transfer size: 818814261 sg: 14
Transfer Time : 506.622986 Group Kernel time CPU: 18333.583984 sg = 14 non demand time = 18952.9
Probe time 18953
Merge time 0.517824
Result:
Res count = 0
Query Execution Time: 19062.6
CPU Time: 18333.6
GPU Time: 112.484
Transfer Time: 506.623
Malloc Time: 0.005216

21

 Query: 21 1 19981231
Query Prepare Time: 99.237
 Query Prepare Time using cpu 0.0991721

Query Optimization Time: 2.47501

s_suppkey
sg = 3
Filter Build Kernel time GPU: 0.032768 p_partkey
sg = 1
p_partkey
sg = 3
Build Kernel time GPU: 60.191746 Filter Build Kernel time GPU: 26.524672 d_datekey
sg = 1
Build Kernel time GPU: 46.611458 Build time 107.096
h_total: 818799758 output_estimate: 960495616 sg: 14
Probe Kernel time GPU: 112.453728 Transfer size: 818799758 sg: 14
Transfer Time : 506.927094 Group Kernel time CPU: 18362.033203 sg = 14 non demand time = 18981.6
Probe time 18981.7
Merge time 0.50112
Result:
Res count = 0
Query Execution Time: 19091.2
CPU Time: 18362
GPU Time: 112.454
Transfer Time: 506.927
Malloc Time: 0.005376

31

 Query: 31 19920101 19971231
Query Prepare Time: 36.6046
 Query Prepare Time using cpu 0.0366023

Query Optimization Time: 2.51597

s_suppkey
sg = 3
Filter Build Kernel time GPU: 0.044224 d_datekey
sg = 3
Filter Build Kernel time GPU: 0.027648 Build time 0.221024
h_total: 0 output_estimate: 876609536 sg: 14
Probe Kernel time GPU: 35.035137 Transfer size: 0 sg: 14
Transfer Time : 0.007104 Group Kernel time CPU: 0.002048 sg = 14 non demand time = 35.1814
Probe time 35.2236
Merge time 0.034944
Result:
Res count = 0
Query Execution Time: 35.5623
CPU Time: 0.002048
GPU Time: 35.0351
Transfer Time: 0.007104
Malloc Time: 0.005216

41

 Query: 41 19920101 19981231
Query Prepare Time: 73.6733
 Query Prepare Time using cpu 0.0736685

Query Optimization Time: 2.4936

s_suppkey
sg = 3
Filter Build Kernel time GPU: 0.028672 p_partkey
sg = 3
Filter Build Kernel time GPU: 31.742975 d_datekey
sg = 1
Build Kernel time GPU: 11.662336 Build time 43.6419
h_total: 0 output_estimate: 960495616 sg: 60
Probe Kernel time GPU: 27.037697 Transfer size: 0 sg: 60
Transfer Time : 0.007296 Group Kernel time CPU: 0.002848 sg = 60 non demand time = 27.2026
Probe time 27.2556
Merge time 0.005408
Result:
Res count = 0
Query Execution Time: 70.9796
CPU Time: 0.002848
GPU Time: 31.7716
Transfer Time: 0.007296
Malloc Time: 0.005056

23

 Query: 23 1 19981231
Query Prepare Time: 98.587
 Query Prepare Time using cpu 0.0985224

Query Optimization Time: 2.49651

s_suppkey
sg = 3
Filter Build Kernel time GPU: 0.038976 d_datekey
sg = 1
Build Kernel time GPU: 95.574013 Build time 95.7868
h_total: 0 output_estimate: 960495616 sg: 14
Probe Kernel time GPU: 25.724928 Transfer size: 0 sg: 14
Transfer Time : 0.006976 Group Kernel time CPU: 0.002048 sg = 14 non demand time = 25.8929
Probe time 25.9492
Merge time 0.577408
Result:
Res count = 0
Query Execution Time: 124.363
CPU Time: 0.002048
GPU Time: 95.574
Transfer Time: 0.006976
Malloc Time: 0.006144

22

 Query: 22 1 19981231
Query Prepare Time: 99.2122
 Query Prepare Time using cpu 0.0991476

Query Optimization Time: 2.45658

s_suppkey
sg = 3
Filter Build Kernel time GPU: 0.040960 d_datekey
sg = 1
Build Kernel time GPU: 95.558655 Build time 95.7675
h_total: 0 output_estimate: 960495616 sg: 14
Probe Kernel time GPU: 63.900673 Transfer size: 0 sg: 14
Transfer Time : 0.004096 Group Kernel time CPU: 0.001024 sg = 14 non demand time = 64.0636
Probe time 64.128
Merge time 0.561344
Result:
Res count = 0
Query Execution Time: 162.513
CPU Time: 0.001024
GPU Time: 95.5587
Transfer Time: 0.004096
Malloc Time: 0.007168

32

 Query: 32 19920101 19971231
Query Prepare Time: 40.3499
 Query Prepare Time using cpu 0.0403368

Query Optimization Time: 2.42992

s_suppkey
sg = 3
Filter Build Kernel time GPU: 0.036864 d_datekey
sg = 3
Filter Build Kernel time GPU: 0.026720 Build time 0.19552
h_total: 0 output_estimate: 876609536 sg: 14
Probe Kernel time GPU: 19.589121 Transfer size: 0 sg: 14
Transfer Time : 0.007168 Group Kernel time CPU: 0.001024 sg = 14 non demand time = 19.7241
Probe time 19.7623
Merge time 0.396224
Result:
Res count = 0
Query Execution Time: 20.8472
CPU Time: 0.001024
GPU Time: 19.5891
Transfer Time: 0.007168
Malloc Time: 0.004448

13

 Query: 13 19940204 19940210
Query Prepare Time: 0.134656
 Query Prepare Time using cpu 0.000132322

Query Optimization Time: 1.90976

d_datekey
sg = 3
Filter Build Kernel time GPU: 0.034016 Build time 0.095232
h_total: 0 output_estimate: 128688 sg: 30
h_total: 171384 output_estimate: 386066 sg: 4
Filter Kernel time CPU: 0.601088 Transfer size: 171384 sg: 4
Filter Probe Kernel time GPU: 0.380896 Transfer Time : 0.041984 Transfer size: 0 sg: 30
Transfer Time : 0.049152 Aggr Kernel time CPU: 0.002048 sg = 30 non demand time = h_total: 152125 output_estimate: 171384 sg: 4
Probe Kernel time GPU: 0.112640 0.720896
Transfer size: 152125 sg: 4
Transfer Time : 0.082688 Aggr Kernel time CPU: 0.486496 sg = 4 non demand time = 1.49696
Probe time 1.54419
Merge time 0.001952
Result:
Res count = 0
Query Execution Time: 1.69952
CPU Time: 1.08758
GPU Time: 0.380896
Transfer Time: 0.124672
Malloc Time: 0.009152

32

 Query: 32 19920101 19971231
Query Prepare Time: 34.2602
 Query Prepare Time using cpu 0.0342481

Query Optimization Time: 2.31834

s_suppkey
sg = 3
Filter Build Kernel time GPU: 0.034976 d_datekey
sg = 3
Filter Build Kernel time GPU: 0.025408 Build time 0.179072
h_total: 0 output_estimate: 876609536 sg: 14
Probe Kernel time GPU: 19.589121 Transfer size: 0 sg: 14
Transfer Time : 0.005120 Group Kernel time CPU: 0.002048 sg = 14 non demand time = 19.711
Probe time 19.7448
Merge time 0.577728
Result:
Res count = 0
Query Execution Time: 20.9916
CPU Time: 0.002048
GPU Time: 19.5891
Transfer Time: 0.00512
Malloc Time: 0.006944

34

 Query: 34 19971201 19971231
Query Prepare Time: 38.7514
 Query Prepare Time using cpu 0.0387385

Query Optimization Time: 2.39206

s_suppkey
sg = 3
Filter Build Kernel time GPU: 0.027520 d_datekey
sg = 1
h_total: 31 output_estimate: 1048576 sg: 1
Filter Kernel time CPU: 0.389120 Transfer size: 31 sg: 1
Transfer Time: 0.01008 sg: 1
Build Kernel time GPU: 0.015360 Build time 0.581632
h_total: 0 output_estimate: 14680064 sg: 14
Probe Kernel time GPU: 0.351232 Transfer size: 0 sg: 14
Transfer Time : 0.006112 Group Kernel time CPU: 0.002048 sg = 14 non demand time = 0.460832
Probe time 0.487424
Merge time 0.462624
Result:
Res count = 0
Query Execution Time: 2.01683
CPU Time: 0.38912
GPU Time: 0.351232
Transfer Time: 0.01008
Malloc Time: 0.013312

11

 Query: 11 19930101 19931231
Query Prepare Time: 0.141024
 Query Prepare Time using cpu 0.000139236

Query Optimization Time: 1.84826

d_datekey
sg = 3
Filter Build Kernel time GPU: 0.034624 Build time 0.095232
h_total: 17716 output_estimate: 643444 sg: 30
Filter Probe Kernel time GPU: 0.328704 Transfer size: 17716 sg: 30
Transfer Time : 0.060416 Aggr Kernel time CPU: 0.205952 sg = 30 non demand time = 0.812032
h_total: 19082140 output_estimate: 44719384 sg: 4
Filter Kernel time CPU: 19.637247 Transfer size: 19082140 sg: 4
Transfer Time : 3.060768 h_total: 19047358 output_estimate: 19082140 sg: 4
Probe Kernel time GPU: 0.948224 Transfer size: 19047358 sg: 4
Transfer Time : 6.079328 Aggr Kernel time CPU: 5.846016 sg = 4 non demand time = 35.754
Probe time 35.8401
Merge time 0.003392
Result:
Res count = 0
Query Execution Time: 36.0169
CPU Time: 25.4833
GPU Time: 0.948224
Transfer Time: 9.1401
Malloc Time: 0.00816

33

 Query: 33 19920101 19971231
Query Prepare Time: 36.8738
 Query Prepare Time using cpu 0.0368593

Query Optimization Time: 2.50266

s_suppkey
sg = 3
Filter Build Kernel time GPU: 0.037728 d_datekey
sg = 3
Filter Build Kernel time GPU: 0.024576 Build time 0.206944
h_total: 0 output_estimate: 876609536 sg: 14
Probe Kernel time GPU: 19.295233 Transfer size: 0 sg: 14
Transfer Time : 0.007168 Group Kernel time CPU: 0.002048 sg = 14 non demand time = 19.4314
Probe time 19.4642
Merge time 0.503456
Result:
Res count = 0
Query Execution Time: 20.6582
CPU Time: 0.002048
GPU Time: 19.2952
Transfer Time: 0.007168
Malloc Time: 0.005984

42

 Query: 42 19970101 19981231
Query Prepare Time: 74.3576
 Query Prepare Time using cpu 0.0743549

Query Optimization Time: 2.52006

s_suppkey
sg = 3
Filter Build Kernel time GPU: 0.035840 p_partkey
sg = 3
Filter Build Kernel time GPU: 31.725569 d_datekey
sg = 3
Filter Build Kernel time GPU: 0.035840 Build time 32.0358
h_total: 0 output_estimate: 231735296 sg: 60
Probe Kernel time GPU: 5.817472 Transfer size: 0 sg: 60
Transfer Time : 0.005120 Group Kernel time CPU: 0.002048 sg = 60 non demand time = 5.95354
Probe time 5.98323
Merge time 0.035456
Result:
Res count = 0
Query Execution Time: 38.1227
CPU Time: 0.002048
GPU Time: 31.7972
Transfer Time: 0.00512
Malloc Time: 0.00528

22

 Query: 22 1 19981231
Query Prepare Time: 81.9
 Query Prepare Time using cpu 0.0818357

Query Optimization Time: 2.2825

s_suppkey
sg = 3
Filter Build Kernel time GPU: 0.034816 d_datekey
sg = 1
Build Kernel time GPU: 95.563774 Build time 95.7522
h_total: 0 output_estimate: 960495616 sg: 14
Probe Kernel time GPU: 63.903744 Transfer size: 0 sg: 14
Transfer Time : 0.006016 Group Kernel time CPU: 0.003008 sg = 14 non demand time = 64.0573
Probe time 64.1035
Merge time 0.74544
Result:
Res count = 0
Query Execution Time: 162.637
CPU Time: 0.003008
GPU Time: 95.5638
Transfer Time: 0.006016
Malloc Time: 0.006048

32

 Query: 32 19920101 19971231
Query Prepare Time: 38.9605
 Query Prepare Time using cpu 0.0389466

Query Optimization Time: 2.57126

s_suppkey
sg = 3
Filter Build Kernel time GPU: 0.038912 d_datekey
sg = 3
Filter Build Kernel time GPU: 0.024576 Build time 0.202752
h_total: 0 output_estimate: 876609536 sg: 14
Probe Kernel time GPU: 19.594240 Transfer size: 0 sg: 14
Transfer Time : 0.006976 Group Kernel time CPU: 0.002048 sg = 14 non demand time = 19.7333
Probe time 19.7655
Merge time 0.451648
Result:
Res count = 0
Query Execution Time: 20.9093
CPU Time: 0.002048
GPU Time: 19.5942
Transfer Time: 0.006976
Malloc Time: 0.007488

43

 Query: 43 19970101 19981231
Query Prepare Time: 76.4251
 Query Prepare Time using cpu 0.0763686

Query Optimization Time: 2.53747

s_suppkey
sg = 3
Filter Build Kernel time GPU: 0.038688 d_datekey
sg = 3
Filter Build Kernel time GPU: 0.025600 Build time 0.203776
h_total: 0 output_estimate: 231735296 sg: 60
Probe Kernel time GPU: 5.613568 Transfer size: 0 sg: 60
Transfer Time : 0.008192 Group Kernel time CPU: 0.002048 sg = 60 non demand time = 5.74771
Probe time 5.77126
Merge time 1.0824
Result:
Res count = 0
Query Execution Time: 8.83197
CPU Time: 0.002048
GPU Time: 5.61357
Transfer Time: 0.008192
Malloc Time: 0.006112

Cached segment: 4999 Cache total: 5000
Successfully cached

Query 11 fraction: 0.306235 total: 5068 cached: 1552
Query 12 fraction: 0.25809 total: 5068 cached: 1308
Query 13 fraction: 0.306235 total: 5068 cached: 1552
Query 21 fraction: 0.755322 total: 4369 cached: 3300
Query 22 fraction: 0.801431 total: 4613 cached: 3697
Query 23 fraction: 0.801431 total: 4613 cached: 3697
Query 31 fraction: 0.780091 total: 4852 cached: 3785
Query 32 fraction: 0.780091 total: 4852 cached: 3785
Query 33 fraction: 0.748969 total: 4852 cached: 3634
Query 34 fraction: 0.698681 total: 4852 cached: 3390
Query 41 fraction: 0.706004 total: 6745 cached: 4762
Query 42 fraction: 0.694508 total: 6992 cached: 4856
Query 43 fraction: 0.694508 total: 6992 cached: 4856

 epoch end
 epoch start 
21

 Query: 21 1 19981231
Query Prepare Time: 98.2623
 Query Prepare Time using cpu 0.0981979

Query Optimization Time: 2.72794

s_suppkey
sg = 3
Filter Build Kernel time GPU: 0.043776 p_partkey
sg = 1
Build Kernel time GPU: 60.122112 d_datekey
sg = 1
Build Kernel time GPU: 46.615456 Build time 107.057
h_total: 818524408 output_estimate: 960495616 sg: 14
Probe Kernel time GPU: 112.609283 Transfer size: 818524408 sg: 14
Transfer Time : 506.409790 Group Kernel time CPU: 18407.119141 sg = 14 non demand time = 19026.3
Probe time 19026.4
Merge time 0.504992
Result:
Res count = 0
Query Execution Time: 19136
CPU Time: 18407.1
GPU Time: 112.609
Transfer Time: 506.41
Malloc Time: 0.006784

22

 Query: 22 1 19981231
Query Prepare Time: 101.141
 Query Prepare Time using cpu 0.101077

Query Optimization Time: 2.57638

s_suppkey
sg = 3
Filter Build Kernel time GPU: 0.040960 d_datekey
sg = 1
Build Kernel time GPU: 95.514557 Build time 95.746
h_total: 0 output_estimate: 960495616 sg: 14
Probe Kernel time GPU: 62.134274 Transfer size: 0 sg: 14
Transfer Time : 0.010368 Group Kernel time CPU: 0.003072 sg = 14 non demand time = 62.3227
Probe time 62.385
Merge time 0.58048
Result:
Res count = 0
Query Execution Time: 160.755
CPU Time: 0.003072
GPU Time: 95.5146
Transfer Time: 0.010368
Malloc Time: 0.006144

33

 Query: 33 19920101 19971231
Query Prepare Time: 41.0722
 Query Prepare Time using cpu 0.0410616

Query Optimization Time: 2.54685

s_suppkey
sg = 3
Filter Build Kernel time GPU: 0.027648 d_datekey
sg = 3
Filter Build Kernel time GPU: 0.027648 Build time 0.185344
h_total: 0 output_estimate: 876609536 sg: 14
Probe Kernel time GPU: 19.855520 Transfer size: 0 sg: 14
Transfer Time : 0.008064 Group Kernel time CPU: 0.003072 sg = 14 non demand time = 19.9823
Probe time 20.0335
Merge time 0.360288
Result:
Res count = 0
Query Execution Time: 21.081
CPU Time: 0.003072
GPU Time: 19.8555
Transfer Time: 0.008064
Malloc Time: 0.004416

34

 Query: 34 19971201 19971231
Query Prepare Time: 39.1687
 Query Prepare Time using cpu 0.039156

Query Optimization Time: 2.47398

s_suppkey
sg = 3
Filter Build Kernel time GPU: 0.037888 d_datekey
sg = 1
h_total: 31 output_estimate: 1048576 sg: 1
Filter Kernel time CPU: 0.254976 Transfer size: 31 sg: 1
Transfer Time: 0.009216 sg: 1
Build Kernel time GPU: 0.014176 Build time 0.499712
h_total: 0 output_estimate: 14680064 sg: 14
Probe Kernel time GPU: 0.352352 Transfer size: 0 sg: 14
Transfer Time : 0.006304 Group Kernel time CPU: 0.001024 sg = 14 non demand time = 0.447552
Probe time 0.475136
Merge time 0.403456
Result:
Res count = 0
Query Execution Time: 1.86698
CPU Time: 0.254976
GPU Time: 0.352352
Transfer Time: 0.009216
Malloc Time: 0.0152

12

 Query: 12 19940101 19940131
Query Prepare Time: 0.175776
 Query Prepare Time using cpu 0.000170231

Query Optimization Time: 1.90259

d_datekey
sg = 1
h_total: 31 output_estimate: 1048576 sg: 1
Filter Kernel time CPU: 0.174080 Transfer size: 31 sg: 1
Transfer Time: 0.009248 sg: 1
Build Kernel time GPU: 0.014432 Build time 0.30304
h_total: 49676 output_estimate: 457560 sg: 30
Filter Probe Kernel time GPU: 0.420864 Transfer size: 49676 sg: 30
Transfer Time : 0.040000 Aggr Kernel time CPU: 0.507904 sg = 30 non demand time = 1.24314
h_total: 3147770 output_estimate: 6291456 sg: 12
Filter Kernel time CPU: 1.708000 Transfer size: 3147770 sg: 12
Transfer Time : 0.486560 h_total: 624634 output_estimate: 1259108 sg: 12
Filter Probe Kernel time GPU: 0.194560 Transfer size: 624634 sg: 12
Transfer Time : 0.222208 Aggr Kernel time CPU: 0.496640 sg = 12 non demand time = 3.21741
Probe time 3.25859
Merge time 0.002144
Result:
Res count = 0
Query Execution Time: 3.61894
CPU Time: 2.20464
GPU Time: 0.420864
Transfer Time: 0.708768
Malloc Time: 0.018432

12

 Query: 12 19940101 19940131
Query Prepare Time: 0.096544
 Query Prepare Time using cpu 9.46522e-05

Query Optimization Time: 2.02445

d_datekey
sg = 1
h_total: 31 output_estimate: 1048576 sg: 1
Filter Kernel time CPU: 0.192384 Transfer size: 31 sg: 1
Transfer Time: 0.01024 sg: 1
Build Kernel time GPU: 0.017408 Build time 0.304928
h_total: 49676 output_estimate: 457560 sg: 30
Filter Probe Kernel time GPU: 0.509952 Transfer size: 49676 sg: 30
Transfer Time : 0.038976 Aggr Kernel time CPU: 0.726048 sg = 30 non demand time = 1.52986
h_total: 3147770 output_estimate: 6291456 sg: 12
Filter Kernel time CPU: 2.080768 Transfer size: 3147770 sg: 12
Transfer Time : 0.485376 h_total: 624634 output_estimate: 1259108 sg: 12
Filter Probe Kernel time GPU: 0.188416 Transfer size: 624634 sg: 12
Transfer Time : 0.224256 Aggr Kernel time CPU: 0.427840 sg = 12 non demand time = 3.62595
Probe time 3.67091
Merge time 0.001888
Result:
Res count = 0
Query Execution Time: 4.02733
CPU Time: 2.50861
GPU Time: 0.509952
Transfer Time: 0.709632
Malloc Time: 0.016064

22

 Query: 22 1 19981231
Query Prepare Time: 100.794
 Query Prepare Time using cpu 0.100728

Query Optimization Time: 2.52416

s_suppkey
sg = 3
Filter Build Kernel time GPU: 0.029696 d_datekey
sg = 1
Build Kernel time GPU: 95.600418 Build time 95.7716
h_total: 0 output_estimate: 960495616 sg: 14
Probe Kernel time GPU: 61.512703 Transfer size: 0 sg: 14
Transfer Time : 0.004096 Group Kernel time CPU: 0.001952 sg = 14 non demand time = 61.6571
Probe time 61.7001
Merge time 0.828256
Result:
Res count = 0
Query Execution Time: 160.342
CPU Time: 0.001952
GPU Time: 95.6004
Transfer Time: 0.004096
Malloc Time: 0.005024

12

 Query: 12 19940101 19940131
Query Prepare Time: 0.16016
 Query Prepare Time using cpu 0.000156164

Query Optimization Time: 2.08794

d_datekey
sg = 1
h_total: 31 output_estimate: 1048576 sg: 1
Filter Kernel time CPU: 0.209920 Transfer size: 31 sg: 1
Transfer Time: 0.011296 sg: 1
Build Kernel time GPU: 0.020480 Build time 0.334848
h_total: 49676 output_estimate: 457560 sg: 30
Filter Probe Kernel time GPU: 0.312352 Transfer size: 49676 sg: 30
Transfer Time : 0.044864 Aggr Kernel time CPU: 0.893952 sg = 30 non demand time = 1.4592
h_total: 3147770 output_estimate: 6291456 sg: 12
Filter Kernel time CPU: 1.826816 Transfer size: 3147770 sg: 12
Transfer Time : 0.486400 h_total: 624634 output_estimate: 1259108 sg: 12
Filter Probe Kernel time GPU: 0.192512 Transfer size: 624634 sg: 12
Transfer Time : 0.289792 Aggr Kernel time CPU: 0.486400 sg = 12 non demand time = 3.39251
Probe time 3.4345
Merge time 0.003904
Result:
Res count = 0
Query Execution Time: 3.82605
CPU Time: 2.31322
GPU Time: 0.312352
Transfer Time: 0.776192
Malloc Time: 0.01536

23

 Query: 23 1 19981231
Query Prepare Time: 101.435
 Query Prepare Time using cpu 0.101371

Query Optimization Time: 2.58765

s_suppkey
sg = 3
Filter Build Kernel time GPU: 0.038720 d_datekey
sg = 1
Build Kernel time GPU: 95.561729 Build time 95.7759
h_total: 0 output_estimate: 960495616 sg: 14
Probe Kernel time GPU: 26.859585 Transfer size: 0 sg: 14
Transfer Time : 0.006336 Group Kernel time CPU: 0.001024 sg = 14 non demand time = 27.0172
Probe time 27.0643
Merge time 0.772512
Result:
Res count = 0
Query Execution Time: 125.666
CPU Time: 0.001024
GPU Time: 95.5617
Transfer Time: 0.006336
Malloc Time: 0.003264

32

 Query: 32 19920101 19971231
Query Prepare Time: 40.2048
 Query Prepare Time using cpu 0.0401897

Query Optimization Time: 2.5088

s_suppkey
sg = 3
Filter Build Kernel time GPU: 0.036864 d_datekey
sg = 3
Filter Build Kernel time GPU: 0.027648 Build time 0.182272
h_total: 0 output_estimate: 876609536 sg: 14
Probe Kernel time GPU: 20.163424 Transfer size: 0 sg: 14
Transfer Time : 0.007072 Group Kernel time CPU: 0.002080 sg = 14 non demand time = 20.3072
Probe time 20.3418
Merge time 0.498048
Result:
Res count = 0
Query Execution Time: 21.5149
CPU Time: 0.00208
GPU Time: 20.1634
Transfer Time: 0.007072
Malloc Time: 0.005952

31

 Query: 31 19920101 19971231
Query Prepare Time: 38.2716
 Query Prepare Time using cpu 0.0382681

Query Optimization Time: 2.54669

s_suppkey
sg = 3
Filter Build Kernel time GPU: 0.033696 d_datekey
sg = 3
Filter Build Kernel time GPU: 0.028672 Build time 0.189408
h_total: 0 output_estimate: 876609536 sg: 14
Probe Kernel time GPU: 34.929665 Transfer size: 0 sg: 14
Transfer Time : 0.007168 Group Kernel time CPU: 0.001952 sg = 14 non demand time = 35.0759
Probe time 35.1181
Merge time 0.036928
Result:
Res count = 0
Query Execution Time: 35.4155
CPU Time: 0.001952
GPU Time: 34.9297
Transfer Time: 0.007168
Malloc Time: 0.00512

32

 Query: 32 19920101 19971231
Query Prepare Time: 32.3149
 Query Prepare Time using cpu 0.0323

Query Optimization Time: 2.35725

s_suppkey
sg = 3
Filter Build Kernel time GPU: 0.034816 d_datekey
sg = 3
Filter Build Kernel time GPU: 0.024352 Build time 0.177344
h_total: 0 output_estimate: 876609536 sg: 14
Probe Kernel time GPU: 20.156481 Transfer size: 0 sg: 14
Transfer Time : 0.004096 Group Kernel time CPU: 0.001024 sg = 14 non demand time = 20.2722
Probe time 20.3039
Merge time 0.473472
Result:
Res count = 0
Query Execution Time: 21.4418
CPU Time: 0.001024
GPU Time: 20.1565
Transfer Time: 0.004096
Malloc Time: 0.005472

23

 Query: 23 1 19981231
Query Prepare Time: 100.778
 Query Prepare Time using cpu 0.100713

Query Optimization Time: 2.51702

s_suppkey
sg = 3
Filter Build Kernel time GPU: 0.039936 d_datekey
sg = 1
Build Kernel time GPU: 95.571968 Build time 95.7819
h_total: 0 output_estimate: 960495616 sg: 14
Probe Kernel time GPU: 26.851328 Transfer size: 0 sg: 14
Transfer Time : 0.004096 Group Kernel time CPU: 0.002048 sg = 14 non demand time = 26.9908
Probe time 27.0326
Merge time 0.726656
Result:
Res count = 0
Query Execution Time: 125.589
CPU Time: 0.002048
GPU Time: 95.572
Transfer Time: 0.004096
Malloc Time: 0.006176

23

 Query: 23 1 19981231
Query Prepare Time: 100.837
 Query Prepare Time using cpu 0.100774

Query Optimization Time: 2.57638

s_suppkey
sg = 3
Filter Build Kernel time GPU: 0.044032 d_datekey
sg = 1
Build Kernel time GPU: 95.555740 Build time 95.7829
h_total: 0 output_estimate: 960495616 sg: 14
Probe Kernel time GPU: 26.851328 Transfer size: 0 sg: 14
Transfer Time : 0.007168 Group Kernel time CPU: 0.002048 sg = 14 non demand time = 27.0162
Probe time 27.0674
Merge time 0.96816
Result:
Res count = 0
Query Execution Time: 125.875
CPU Time: 0.002048
GPU Time: 95.5557
Transfer Time: 0.007168
Malloc Time: 0.006304

32

 Query: 32 19920101 19971231
Query Prepare Time: 40.1664
 Query Prepare Time using cpu 0.0401537

Query Optimization Time: 2.54464

s_suppkey
sg = 3
Filter Build Kernel time GPU: 0.040800 d_datekey
sg = 3
Filter Build Kernel time GPU: 0.031904 Build time 0.237568
h_total: 0 output_estimate: 876609536 sg: 14
Probe Kernel time GPU: 20.159489 Transfer size: 0 sg: 14
Transfer Time : 0.004096 Group Kernel time CPU: 0.001024 sg = 14 non demand time = 20.2854
Probe time 20.311
Merge time 0.53456
Result:
Res count = 0
Query Execution Time: 21.5672
CPU Time: 0.001024
GPU Time: 20.1595
Transfer Time: 0.004096
Malloc Time: 0.00512

34

 Query: 34 19971201 19971231
Query Prepare Time: 39.9767
 Query Prepare Time using cpu 0.0399625

Query Optimization Time: 2.46374

s_suppkey
sg = 3
Filter Build Kernel time GPU: 0.027456 d_datekey
sg = 1
h_total: 31 output_estimate: 1048576 sg: 1
Filter Kernel time CPU: 0.409600 Transfer size: 31 sg: 1
Transfer Time: 0.008384 sg: 1
Build Kernel time GPU: 0.014432 Build time 0.600064
h_total: 0 output_estimate: 14680064 sg: 14
Probe Kernel time GPU: 0.348288 Transfer size: 0 sg: 14
Transfer Time : 0.007168 Group Kernel time CPU: 0.001952 sg = 14 non demand time = 0.454656
Probe time 0.479232
Merge time 0.430048
Result:
Res count = 0
Query Execution Time: 1.99501
CPU Time: 0.4096
GPU Time: 0.348288
Transfer Time: 0.008384
Malloc Time: 0.013312

33

 Query: 33 19920101 19971231
Query Prepare Time: 38.7017
 Query Prepare Time using cpu 0.0386908

Query Optimization Time: 2.54157

s_suppkey
sg = 3
Filter Build Kernel time GPU: 0.040960 d_datekey
sg = 3
Filter Build Kernel time GPU: 0.026624 Build time 0.208864
h_total: 0 output_estimate: 876609536 sg: 14
Probe Kernel time GPU: 19.802879 Transfer size: 0 sg: 14
Transfer Time : 0.004096 Group Kernel time CPU: 0.001920 sg = 14 non demand time = 19.9311
Probe time 19.9568
Merge time 0.51584
Result:
Res count = 0
Query Execution Time: 21.1697
CPU Time: 0.00192
GPU Time: 19.8029
Transfer Time: 0.004096
Malloc Time: 0.006144

11

 Query: 11 19930101 19931231
Query Prepare Time: 0.154688
 Query Prepare Time using cpu 0.000150681

Query Optimization Time: 2.01216

d_datekey
sg = 3
Filter Build Kernel time GPU: 0.036928 Build time 0.104448
h_total: 17716 output_estimate: 643444 sg: 30
Filter Probe Kernel time GPU: 0.174112 Transfer size: 17716 sg: 30
Transfer Time : 0.029696 Aggr Kernel time CPU: 0.200640 sg = 30 non demand time = 0.607136
h_total: 10709764 output_estimate: 25094330 sg: 4
Filter Kernel time CPU: 17.344513 Transfer size: 10709764 sg: 4
Transfer Time : 1.813504 h_total: 30703625 output_estimate: 47972352 sg: 22
Filter Kernel time CPU: 19.502081 h_total: 10674982 output_estimate: 10709764 sg: 4
Probe Kernel time GPU: 0.556064 Transfer size: 10674982 sg: 4
Transfer size: 30703625 sg: 22
Transfer Time : 7.982080 Transfer Time : 4.608224 h_total: 8372376 output_estimate: 12560573 sg: 22
Filter Probe Kernel time GPU: 1.214464 Transfer size: 8372376 sg: 22
Transfer Time : 2.617344 Aggr Kernel time CPU: 6.455200 sg = 4 non demand time = 34.4085
Aggr Kernel time CPU: 2.623712 sg = 22 non demand time = 34.3359
Probe time 34.6787
Merge time 0.00368
Result:
Res count = 0
Query Execution Time: 34.8627
CPU Time: 23.7997
GPU Time: 1.21446
Transfer Time: 9.79558
Malloc Time: 0.079968

31

 Query: 31 19920101 19971231
Query Prepare Time: 37.4156
 Query Prepare Time using cpu 0.0374122

Query Optimization Time: 2.51802

s_suppkey
sg = 3
Filter Build Kernel time GPU: 0.045184 d_datekey
sg = 3
Filter Build Kernel time GPU: 0.029696 Build time 0.217952
h_total: 0 output_estimate: 876609536 sg: 14
Probe Kernel time GPU: 34.941761 Transfer size: 0 sg: 14
Transfer Time : 0.004096 Group Kernel time CPU: 0.001856 sg = 14 non demand time = 35.0607
Probe time 35.0904
Merge time 0.03552
Result:
Res count = 0
Query Execution Time: 35.4195
CPU Time: 0.001856
GPU Time: 34.9418
Transfer Time: 0.004096
Malloc Time: 0.005376

13

 Query: 13 19940204 19940210
Query Prepare Time: 0.129152
 Query Prepare Time using cpu 0.000123978

Query Optimization Time: 1.97018

d_datekey
sg = 3
Filter Build Kernel time GPU: 0.029696 Build time 0.078848
h_total: 152125 output_estimate: 514755 sg: 30
Filter Probe Kernel time GPU: 0.109568 Transfer size: 152125 sg: 30
Transfer Time : 0.065536 Aggr Kernel time CPU: 0.307232 sg = 30 non demand time = 0.569344
Probe time 0.602112
Merge time 0.002176
Result:
Res count = 0
Query Execution Time: 0.735456
CPU Time: 0.307232
GPU Time: 0.109568
Transfer Time: 0.065536
Malloc Time: 0.005056

31

 Query: 31 19920101 19971231
Query Prepare Time: 38.1146
 Query Prepare Time using cpu 0.03811

Query Optimization Time: 2.46784

s_suppkey
sg = 3
Filter Build Kernel time GPU: 0.033824 d_datekey
sg = 3
Filter Build Kernel time GPU: 0.022528 Build time 0.153472
h_total: 0 output_estimate: 876609536 sg: 14
Probe Kernel time GPU: 34.931713 Transfer size: 0 sg: 14
Transfer Time : 0.007136 Group Kernel time CPU: 0.001024 sg = 14 non demand time = 35.072
Probe time 35.1091
Merge time 0.03776
Result:
Res count = 0
Query Execution Time: 35.366
CPU Time: 0.001024
GPU Time: 34.9317
Transfer Time: 0.007136
Malloc Time: 0.00592

13

 Query: 13 19940204 19940210
Query Prepare Time: 0.1016
 Query Prepare Time using cpu 9.9659e-05

Query Optimization Time: 1.91386

d_datekey
sg = 3
Filter Build Kernel time GPU: 0.030560 Build time 0.08288
h_total: 152125 output_estimate: 514755 sg: 30
Filter Probe Kernel time GPU: 0.113600 Transfer size: 152125 sg: 30
Transfer Time : 0.068608 Aggr Kernel time CPU: 0.247808 sg = 30 non demand time = 0.527392
Probe time 0.5632
Merge time 0.002016
Result:
Res count = 0
Query Execution Time: 0.702304
CPU Time: 0.247808
GPU Time: 0.1136
Transfer Time: 0.068608
Malloc Time: 0.004096

31

 Query: 31 19920101 19971231
Query Prepare Time: 37.9606
 Query Prepare Time using cpu 0.0379581

Query Optimization Time: 2.516

s_suppkey
sg = 3
Filter Build Kernel time GPU: 0.033792 d_datekey
sg = 3
Filter Build Kernel time GPU: 0.022528 Build time 0.154624
h_total: 0 output_estimate: 876609536 sg: 14
Probe Kernel time GPU: 34.930687 Transfer size: 0 sg: 14
Transfer Time : 0.007168 Group Kernel time CPU: 0.002048 sg = 14 non demand time = 35.0608
Probe time 35.0956
Merge time 0.04
Result:
Res count = 0
Query Execution Time: 35.3565
CPU Time: 0.002048
GPU Time: 34.9307
Transfer Time: 0.007168
Malloc Time: 0.004192

13

 Query: 13 19940204 19940210
Query Prepare Time: 0.118656
 Query Prepare Time using cpu 0.000115633

Query Optimization Time: 1.8472

d_datekey
sg = 3
Filter Build Kernel time GPU: 0.030560 Build time 0.080896
h_total: 152125 output_estimate: 514755 sg: 30
Filter Probe Kernel time GPU: 0.120832 Transfer size: 152125 sg: 30
Transfer Time : 0.070656 Aggr Kernel time CPU: 0.224256 sg = 30 non demand time = 0.505664
Probe time 0.536512
Merge time 0.001664
Result:
Res count = 0
Query Execution Time: 0.668512
CPU Time: 0.224256
GPU Time: 0.120832
Transfer Time: 0.070656
Malloc Time: 0.008128

11

 Query: 11 19930101 19931231
Query Prepare Time: 0.086272
 Query Prepare Time using cpu 8.51154e-05

Query Optimization Time: 1.95277

d_datekey
sg = 3
Filter Build Kernel time GPU: 0.035840 Build time 0.098304
h_total: 17716 output_estimate: 643444 sg: 30
Filter Probe Kernel time GPU: 0.152576 Transfer size: 17716 sg: 30
Transfer Time : 0.032768 Aggr Kernel time CPU: 0.196608 sg = 30 non demand time = 0.641824
h_total: 10709764 output_estimate: 25094330 sg: 4
Filter Kernel time CPU: 17.591295 Transfer size: 10709764 sg: 4
h_total: 30703625 output_estimate: 47972352 sg: 22
Transfer Time : 1.804288 Filter Kernel time CPU: 16.010241 Transfer size: 30703625 sg: 22
h_total: 10674982 output_estimate: 10709764 sg: 4
Probe Kernel time GPU: 0.557856 Transfer size: 10674982 sg: 4
Transfer Time : 4.604960 Transfer Time : 4.401408 h_total: 8372376 output_estimate: 12560573 sg: 22
Filter Probe Kernel time GPU: 1.074240 Transfer size: 8372376 sg: 22
Aggr Kernel time CPU: 4.659200 Transfer Time : 4.579136 sg = 4 non demand time = 33.8771
Aggr Kernel time CPU: 2.299904 sg = 22 non demand time = 32.6985
Probe time 36.353
Merge time 0.004128
Result:
Res count = 0
Query Execution Time: 36.5475
CPU Time: 22.2505
GPU Time: 1.07424
Transfer Time: 9.1841
Malloc Time: 0.021344

31

 Query: 31 19920101 19971231
Query Prepare Time: 37.6218
 Query Prepare Time using cpu 0.0376172

Query Optimization Time: 2.5815

s_suppkey
sg = 3
Filter Build Kernel time GPU: 0.045088 d_datekey
sg = 3
Filter Build Kernel time GPU: 0.022528 Build time 0.18832
h_total: 0 output_estimate: 876609536 sg: 14
Probe Kernel time GPU: 34.935806 Transfer size: 0 sg: 14
Transfer Time : 0.008128 Group Kernel time CPU: 0.002048 sg = 14 non demand time = 35.073
Probe time 35.1119
Merge time 0.037888
Result:
Res count = 0
Query Execution Time: 35.4035
CPU Time: 0.002048
GPU Time: 34.9358
Transfer Time: 0.008128
Malloc Time: 0.005824

41

 Query: 41 19920101 19981231
Query Prepare Time: 67.4745
 Query Prepare Time using cpu 0.0674701

Query Optimization Time: 2.56614

s_suppkey
sg = 3
Filter Build Kernel time GPU: 0.027648 p_partkey
sg = 3
Filter Build Kernel time GPU: 31.709185 d_datekey
sg = 1
Build Kernel time GPU: 11.084800 Build time 43.009
h_total: 0 output_estimate: 960495616 sg: 60
Probe Kernel time GPU: 27.535551 Transfer size: 0 sg: 60
Transfer Time : 0.006144 Group Kernel time CPU: 0.002048 sg = 60 non demand time = 27.6808
Probe time 27.7206
Merge time 0.004832
Result:
Res count = 0
Query Execution Time: 70.8068
CPU Time: 0.002048
GPU Time: 31.7368
Transfer Time: 0.006144
Malloc Time: 0.006112

43

 Query: 43 19970101 19981231
Query Prepare Time: 76.6825
 Query Prepare Time using cpu 0.0766265

Query Optimization Time: 2.59901

s_suppkey
sg = 3
Filter Build Kernel time GPU: 0.039936 d_datekey
sg = 3
Filter Build Kernel time GPU: 0.025600 Build time 0.214976
h_total: 0 output_estimate: 231735296 sg: 60
Probe Kernel time GPU: 5.613568 Transfer size: 0 sg: 60
Transfer Time : 0.005120 Group Kernel time CPU: 0.001024 sg = 60 non demand time = 5.74464
Probe time 5.76922
Merge time 1.0975
Result:
Res count = 0
Query Execution Time: 8.85286
CPU Time: 0.001024
GPU Time: 5.61357
Transfer Time: 0.00512
Malloc Time: 0.00416

41

 Query: 41 19920101 19981231
Query Prepare Time: 76.7014
 Query Prepare Time using cpu 0.0766976

Query Optimization Time: 2.65638

s_suppkey
sg = 3
Filter Build Kernel time GPU: 0.036992 p_partkey
sg = 3
Filter Build Kernel time GPU: 31.719423 d_datekey
sg = 1
Build Kernel time GPU: 11.080704 Build time 43.0746
h_total: 0 output_estimate: 960495616 sg: 60
Probe Kernel time GPU: 27.532288 Transfer size: 0 sg: 60
Transfer Time : 0.005120 Group Kernel time CPU: 0.001024 sg = 60 non demand time = 27.6623
Probe time 27.6992
Merge time 0.0032
Result:
Res count = 0
Query Execution Time: 70.8402
CPU Time: 0.001024
GPU Time: 31.7564
Transfer Time: 0.00512
Malloc Time: 0.005952

22

 Query: 22 1 19981231
Query Prepare Time: 101.371
 Query Prepare Time using cpu 0.101306

Query Optimization Time: 2.54378

s_suppkey
sg = 3
Filter Build Kernel time GPU: 0.029696 d_datekey
sg = 1
Build Kernel time GPU: 95.543297 Build time 95.7297
h_total: 0 output_estimate: 960495616 sg: 14
Probe Kernel time GPU: 61.504513 Transfer size: 0 sg: 14
Transfer Time : 0.007168 Group Kernel time CPU: 0.002272 sg = 14 non demand time = 61.6745
Probe time 61.7257
Merge time 0.76112
Result:
Res count = 0
Query Execution Time: 160.26
CPU Time: 0.002272
GPU Time: 95.5433
Transfer Time: 0.007168
Malloc Time: 0.006272

42

 Query: 42 19970101 19981231
Query Prepare Time: 75.789
 Query Prepare Time using cpu 0.0757825

Query Optimization Time: 2.5641

s_suppkey
sg = 3
Filter Build Kernel time GPU: 0.047104 p_partkey
sg = 3
Filter Build Kernel time GPU: 31.724545 d_datekey
sg = 3
Filter Build Kernel time GPU: 0.026848 Build time 31.9949
h_total: 0 output_estimate: 231735296 sg: 60
Probe Kernel time GPU: 5.820384 Transfer size: 0 sg: 60
Transfer Time : 0.008192 Group Kernel time CPU: 0.003072 sg = 60 non demand time = 5.9433
Probe time 5.96909
Merge time 0.034688
Result:
Res count = 0
Query Execution Time: 38.0674
CPU Time: 0.003072
GPU Time: 31.7985
Transfer Time: 0.008192
Malloc Time: 0.004224

13

 Query: 13 19940204 19940210
Query Prepare Time: 0.122208
 Query Prepare Time using cpu 0.00012064

Query Optimization Time: 1.82477

d_datekey
sg = 3
Filter Build Kernel time GPU: 0.028672 Build time 0.075776
h_total: 152125 output_estimate: 514755 sg: 30
Filter Probe Kernel time GPU: 0.111744 Transfer size: 152125 sg: 30
Transfer Time : 0.066560 Aggr Kernel time CPU: 0.273408 sg = 30 non demand time = 0.55296
Probe time 0.584704
Merge time 0.00208
Result:
Res count = 0
Query Execution Time: 0.716992
CPU Time: 0.273408
GPU Time: 0.111744
Transfer Time: 0.06656
Malloc Time: 0.007424

41

 Query: 41 19920101 19981231
Query Prepare Time: 75.8557
 Query Prepare Time using cpu 0.0758517

Query Optimization Time: 2.58355

s_suppkey
sg = 3
Filter Build Kernel time GPU: 0.027648 p_partkey
sg = 3
Filter Build Kernel time GPU: 31.711231 d_datekey
sg = 1
Build Kernel time GPU: 11.095040 Build time 43.0264
h_total: 0 output_estimate: 960495616 sg: 60
Probe Kernel time GPU: 27.439903 Transfer size: 0 sg: 60
Transfer Time : 0.008192 Group Kernel time CPU: 0.002944 sg = 60 non demand time = 27.5794
Probe time 27.6379
Merge time 0.00736
Result:
Res count = 0
Query Execution Time: 70.7442
CPU Time: 0.002944
GPU Time: 31.7389
Transfer Time: 0.008192
Malloc Time: 0.005344

34

 Query: 34 19971201 19971231
Query Prepare Time: 38.0186
 Query Prepare Time using cpu 0.0380054

Query Optimization Time: 2.50163

s_suppkey
sg = 3
Filter Build Kernel time GPU: 0.036672 d_datekey
sg = 1
h_total: 31 output_estimate: 1048576 sg: 1
Filter Kernel time CPU: 0.452576 Transfer size: 31 sg: 1
Transfer Time: 0.008192 sg: 1
Build Kernel time GPU: 0.015232 Build time 0.689152
h_total: 0 output_estimate: 14680064 sg: 14
Probe Kernel time GPU: 0.348160 Transfer size: 0 sg: 14
Transfer Time : 0.004096 Group Kernel time CPU: 0.003072 sg = 14 non demand time = 0.447488
Probe time 0.4864
Merge time 0.47584
Result:
Res count = 0
Query Execution Time: 2.13853
CPU Time: 0.452576
GPU Time: 0.34816
Transfer Time: 0.008192
Malloc Time: 0.013312

43

 Query: 43 19970101 19981231
Query Prepare Time: 78.7288
 Query Prepare Time using cpu 0.0786736

Query Optimization Time: 2.59072

s_suppkey
sg = 3
Filter Build Kernel time GPU: 0.039936 d_datekey
sg = 3
Filter Build Kernel time GPU: 0.034816 Build time 0.221184
h_total: 0 output_estimate: 231735296 sg: 60
Probe Kernel time GPU: 5.604160 Transfer size: 0 sg: 60
Transfer Time : 0.005120 Group Kernel time CPU: 0.002016 sg = 60 non demand time = 5.71514
Probe time 5.73747
Merge time 1.19782
Result:
Res count = 0
Query Execution Time: 8.93638
CPU Time: 0.002016
GPU Time: 5.60416
Transfer Time: 0.00512
Malloc Time: 0.004288

12

 Query: 12 19940101 19940131
Query Prepare Time: 0.113888
 Query Prepare Time using cpu 0.000111818

Query Optimization Time: 2.05312

d_datekey
sg = 1
h_total: 31 output_estimate: 1048576 sg: 1
Filter Kernel time CPU: 0.188416 Transfer size: 31 sg: 1
Transfer Time: 0.009248 sg: 1
Build Kernel time GPU: 0.016384 Build time 0.299008
h_total: 49676 output_estimate: 457560 sg: 30
Filter Probe Kernel time GPU: 0.320576 Transfer size: 49676 sg: 30
Transfer Time : 0.046944 Aggr Kernel time CPU: 0.656512 sg = 30 non demand time = 1.24826
h_total: 3147770 output_estimate: 6291456 sg: 12
Filter Kernel time CPU: 1.810432 Transfer size: 3147770 sg: 12
Transfer Time : 0.485376 h_total: 624634 output_estimate: 1259108 sg: 12
Filter Probe Kernel time GPU: 0.194560 Transfer size: 624634 sg: 12
Transfer Time : 0.292864 Aggr Kernel time CPU: 0.512032 sg = 12 non demand time = 3.40378
Probe time 3.44694
Merge time 0.00224
Result:
Res count = 0
Query Execution Time: 3.79901
CPU Time: 2.32246
GPU Time: 0.320576
Transfer Time: 0.77824
Malloc Time: 0.015488

43

 Query: 43 19970101 19981231
Query Prepare Time: 76.7611
 Query Prepare Time using cpu 0.0767057

Query Optimization Time: 2.56598

s_suppkey
sg = 3
Filter Build Kernel time GPU: 0.043008 d_datekey
sg = 3
Filter Build Kernel time GPU: 0.028640 Build time 0.226464
h_total: 0 output_estimate: 231735296 sg: 60
Probe Kernel time GPU: 5.618688 Transfer size: 0 sg: 60
Transfer Time : 0.007168 Group Kernel time CPU: 0.002048 sg = 60 non demand time = 5.75571
Probe time 5.78352
Merge time 0.941696
Result:
Res count = 0
Query Execution Time: 8.72771
CPU Time: 0.002048
GPU Time: 5.61869
Transfer Time: 0.007168
Malloc Time: 0.005888

23

 Query: 23 1 19981231
Query Prepare Time: 101.012
 Query Prepare Time using cpu 0.10095

Query Optimization Time: 2.60326

s_suppkey
sg = 3
Filter Build Kernel time GPU: 0.038976 d_datekey
sg = 1
Build Kernel time GPU: 95.493118 Build time 95.7143
h_total: 0 output_estimate: 960495616 sg: 14
Probe Kernel time GPU: 26.852224 Transfer size: 0 sg: 14
Transfer Time : 0.007168 Group Kernel time CPU: 0.003072 sg = 14 non demand time = 27.0205
Probe time 27.0715
Merge time 0.729824
Result:
Res count = 0
Query Execution Time: 125.576
CPU Time: 0.003072
GPU Time: 95.4931
Transfer Time: 0.007168
Malloc Time: 0.005152

13

 Query: 13 19940204 19940210
Query Prepare Time: 0.142592
 Query Prepare Time using cpu 0.000138998

Query Optimization Time: 2.1033

d_datekey
sg = 3
Filter Build Kernel time GPU: 0.027424 Build time 0.067456
h_total: 152125 output_estimate: 514755 sg: 30
Filter Probe Kernel time GPU: 0.118784 Transfer size: 152125 sg: 30
Transfer Time : 0.078848 Aggr Kernel time CPU: 0.223104 sg = 30 non demand time = 0.50688
Probe time 0.541792
Merge time 0.002048
Result:
Res count = 0
Query Execution Time: 0.662368
CPU Time: 0.223104
GPU Time: 0.118784
Transfer Time: 0.078848
Malloc Time: 0.005408

22

 Query: 22 1 19981231
Query Prepare Time: 101.287
 Query Prepare Time using cpu 0.101224

Query Optimization Time: 2.53434

s_suppkey
sg = 3
Filter Build Kernel time GPU: 0.036608 d_datekey
sg = 1
Build Kernel time GPU: 95.583389 Build time 95.7819
h_total: 0 output_estimate: 960495616 sg: 14
Probe Kernel time GPU: 61.505535 Transfer size: 0 sg: 14
Transfer Time : 0.007168 Group Kernel time CPU: 0.001024 sg = 14 non demand time = 61.6673
Probe time 61.737
Merge time 0.771104
Result:
Res count = 0
Query Execution Time: 160.342
CPU Time: 0.001024
GPU Time: 95.5834
Transfer Time: 0.007168
Malloc Time: 0.00592

43

 Query: 43 19970101 19981231
Query Prepare Time: 78.008
 Query Prepare Time using cpu 0.077951

Query Optimization Time: 2.5057

s_suppkey
sg = 3
Filter Build Kernel time GPU: 0.030720 d_datekey
sg = 3
Filter Build Kernel time GPU: 0.021504 Build time 0.156672
h_total: 0 output_estimate: 231735296 sg: 60
Probe Kernel time GPU: 5.606400 Transfer size: 0 sg: 60
Transfer Time : 0.007168 Group Kernel time CPU: 0.002048 sg = 60 non demand time = 5.73021
Probe time 5.75898
Merge time 0.998816
Result:
Res count = 0
Query Execution Time: 8.69117
CPU Time: 0.002048
GPU Time: 5.6064
Transfer Time: 0.007168
Malloc Time: 0.009152

41

 Query: 41 19920101 19981231
Query Prepare Time: 75.9192
 Query Prepare Time using cpu 0.0759149

Query Optimization Time: 2.61418

s_suppkey
sg = 3
Filter Build Kernel time GPU: 0.029472 p_partkey
sg = 3
Filter Build Kernel time GPU: 31.710209 d_datekey
sg = 1
Build Kernel time GPU: 11.082752 Build time 43.0078
h_total: 0 output_estimate: 960495616 sg: 60
Probe Kernel time GPU: 27.514879 Transfer size: 0 sg: 60
Transfer Time : 0.009216 Group Kernel time CPU: 0.002880 sg = 60 non demand time = 27.6582
Probe time 27.6951
Merge time 0.006272
Result:
Res count = 0
Query Execution Time: 70.776
CPU Time: 0.00288
GPU Time: 31.7397
Transfer Time: 0.009216
Malloc Time: 0.005376

11

 Query: 11 19930101 19931231
Query Prepare Time: 0.146176
 Query Prepare Time using cpu 0.000144958

Query Optimization Time: 2.11766

d_datekey
sg = 3
Filter Build Kernel time GPU: 0.028672 Build time 0.072704
h_total: 17716 output_estimate: 643444 sg: 30
Filter Probe Kernel time GPU: 0.146432 Transfer size: 17716 sg: 30
Transfer Time : 0.031744 Aggr Kernel time CPU: 0.193408 sg = 30 non demand time = 0.653312
h_total: 10709764 output_estimate: 25094330 sg: 4
Filter Kernel time CPU: 20.041697 Transfer size: 10709764 sg: 4
h_total: 30703625 output_estimate: 47972352 sg: 22
Transfer Time : 1.737696 Filter Kernel time CPU: 21.554176 Transfer size: 30703625 sg: 22
h_total: 10674982 output_estimate: 10709764 sg: 4
Probe Kernel time GPU: 0.561152 Transfer size: 10674982 sg: 4
Transfer Time : 4.603936 Transfer Time : 4.488192 h_total: 8372376 output_estimate: 12560573 sg: 22
Filter Probe Kernel time GPU: 1.072960 Transfer size: 8372376 sg: 22
Transfer Time : 2.627680 Aggr Kernel time CPU: 4.605952 sg = 4 non demand time = 36.2967
Aggr Kernel time CPU: 3.174400 sg = 22 non demand time = 37.3534
Probe time 37.7315
Merge time 0.004128
Result:
Res count = 0
Query Execution Time: 37.888
CPU Time: 24.7286
GPU Time: 1.07296
Transfer Time: 7.23162
Malloc Time: 0.008032

23

 Query: 23 1 19981231
Query Prepare Time: 100.639
 Query Prepare Time using cpu 0.100575

Query Optimization Time: 2.56205

s_suppkey
sg = 3
Filter Build Kernel time GPU: 0.040960 d_datekey
sg = 1
Build Kernel time GPU: 95.585281 Build time 95.8003
h_total: 0 output_estimate: 960495616 sg: 14
Probe Kernel time GPU: 26.856447 Transfer size: 0 sg: 14
Transfer Time : 0.007168 Group Kernel time CPU: 0.002048 sg = 14 non demand time = 27.0223
Probe time 27.0725
Merge time 1.02416
Result:
Res count = 0
Query Execution Time: 125.942
CPU Time: 0.002048
GPU Time: 95.5853
Transfer Time: 0.007168
Malloc Time: 0.005248

13

 Query: 13 19940204 19940210
Query Prepare Time: 0.1096
 Query Prepare Time using cpu 0.000108242

Query Optimization Time: 2.15347

d_datekey
sg = 3
Filter Build Kernel time GPU: 0.026624 Build time 0.078848
h_total: 152125 output_estimate: 514755 sg: 30
Filter Probe Kernel time GPU: 0.104448 Transfer size: 152125 sg: 30
Transfer Time : 0.073728 Aggr Kernel time CPU: 0.284832 sg = 30 non demand time = 0.54784
Probe time 0.57856
Merge time 0.001888
Result:
Res count = 0
Query Execution Time: 0.720896
CPU Time: 0.284832
GPU Time: 0.104448
Transfer Time: 0.073728
Malloc Time: 0.004064

32

 Query: 32 19920101 19971231
Query Prepare Time: 40.5648
 Query Prepare Time using cpu 0.040554

Query Optimization Time: 2.60301

s_suppkey
sg = 3
Filter Build Kernel time GPU: 0.038912 d_datekey
sg = 3
Filter Build Kernel time GPU: 0.025664 Build time 0.200704
h_total: 0 output_estimate: 876609536 sg: 14
Probe Kernel time GPU: 20.171648 Transfer size: 0 sg: 14
Transfer Time : 0.007168 Group Kernel time CPU: 0.001984 sg = 14 non demand time = 20.3172
Probe time 20.351
Merge time 0.454528
Result:
Res count = 0
Query Execution Time: 21.4958
CPU Time: 0.001984
GPU Time: 20.1716
Transfer Time: 0.007168
Malloc Time: 0.005888

21

 Query: 21 1 19981231
Query Prepare Time: 101.053
 Query Prepare Time using cpu 0.100988

Query Optimization Time: 2.52416

s_suppkey
sg = 3
Filter Build Kernel time GPU: 0.032768 p_partkey
sg = 1
Build Kernel time GPU: 60.109825 d_datekey
sg = 1
Build Kernel time GPU: 46.602242 Build time 106.964
h_total: 818540983 output_estimate: 960495616 sg: 14
Probe Kernel time GPU: 112.244766 Transfer size: 818540983 sg: 14
Transfer Time : 506.420044 Group Kernel time CPU: 18397.917969 sg = 14 non demand time = 19016.7
Probe time 19016.8
Merge time 0.510592
Result:
Res count = 0
Query Execution Time: 19126.3
CPU Time: 18397.9
GPU Time: 112.245
Transfer Time: 506.42
Malloc Time: 0.00592

43

 Query: 43 19970101 19981231
Query Prepare Time: 77.9154
 Query Prepare Time using cpu 0.0778582

Query Optimization Time: 2.51904

s_suppkey
sg = 3
Filter Build Kernel time GPU: 0.031744 d_datekey
sg = 3
Filter Build Kernel time GPU: 0.024576 Build time 0.200704
h_total: 0 output_estimate: 231735296 sg: 60
Probe Kernel time GPU: 5.888000 Transfer size: 0 sg: 60
Transfer Time : 0.012288 Group Kernel time CPU: 0.004000 sg = 60 non demand time = 6.04259
Probe time 6.09498
Merge time 0.868288
Result:
Res count = 0
Query Execution Time: 8.96163
CPU Time: 0.004
GPU Time: 5.888
Transfer Time: 0.012288
Malloc Time: 0.00624

34

 Query: 34 19971201 19971231
Query Prepare Time: 40.9823
 Query Prepare Time using cpu 0.0409689

Query Optimization Time: 2.49264

s_suppkey
sg = 3
Filter Build Kernel time GPU: 0.035840 d_datekey
sg = 1
h_total: 31 output_estimate: 1048576 sg: 1
Filter Kernel time CPU: 0.235520 Transfer size: 31 sg: 1
Transfer Time: 0.009216 sg: 1
Build Kernel time GPU: 0.015360 Build time 0.509952
h_total: 0 output_estimate: 14680064 sg: 14
Probe Kernel time GPU: 0.366752 Transfer size: 0 sg: 14
Transfer Time : 0.010208 Group Kernel time CPU: 0.001856 sg = 14 non demand time = 0.502784
Probe time 0.535552
Merge time 0.380672
Result:
Res count = 0
Query Execution Time: 1.93379
CPU Time: 0.23552
GPU Time: 0.366752
Transfer Time: 0.010208
Malloc Time: 0.016384

42

 Query: 42 19970101 19981231
Query Prepare Time: 75.7637
 Query Prepare Time using cpu 0.0757604

Query Optimization Time: 2.5385

s_suppkey
sg = 3
Filter Build Kernel time GPU: 0.028672 p_partkey
sg = 3
Filter Build Kernel time GPU: 31.737856 d_datekey
sg = 3
Filter Build Kernel time GPU: 0.040960 Build time 32.043
h_total: 0 output_estimate: 231735296 sg: 60
Probe Kernel time GPU: 6.098944 Transfer size: 0 sg: 60
Transfer Time : 0.007168 Group Kernel time CPU: 0.001024 sg = 60 non demand time = 6.23206
Probe time 6.28538
Merge time 0.039104
Result:
Res count = 0
Query Execution Time: 38.4537
CPU Time: 0.001024
GPU Time: 31.8075
Transfer Time: 0.007168
Malloc Time: 0.00512

12

 Query: 12 19940101 19940131
Query Prepare Time: 0.159392
 Query Prepare Time using cpu 0.00015521

Query Optimization Time: 2.01318

d_datekey
sg = 1
h_total: 31 output_estimate: 1048576 sg: 1
Filter Kernel time CPU: 0.224256 Transfer size: 31 sg: 1
Transfer Time: 0.011264 sg: 1
Build Kernel time GPU: 0.019456 Build time 0.3584
h_total: 49676 output_estimate: 457560 sg: 30
Filter Probe Kernel time GPU: 0.421888 Transfer size: 49676 sg: 30
Transfer Time : 0.041984 Aggr Kernel time CPU: 0.524096 sg = 30 non demand time = 1.34544
h_total: 3147770 output_estimate: 6291456 sg: 12
Filter Kernel time CPU: 2.027488 Transfer size: 3147770 sg: 12
Transfer Time : 0.485536 h_total: 624634 output_estimate: 1259108 sg: 12
Filter Probe Kernel time GPU: 0.205024 Transfer size: 624634 sg: 12
Transfer Time : 0.220160 Aggr Kernel time CPU: 0.756736 sg = 12 non demand time = 3.90963
Probe time 3.95981
Merge time 0.00176
Result:
Res count = 0
Query Execution Time: 4.37677
CPU Time: 2.78422
GPU Time: 0.421888
Transfer Time: 0.705696
Malloc Time: 0.017408

13

 Query: 13 19940204 19940210
Query Prepare Time: 0.136672
 Query Prepare Time using cpu 0.000134706

Query Optimization Time: 1.90163

d_datekey
sg = 3
Filter Build Kernel time GPU: 0.029600 Build time 0.109568
h_total: 152125 output_estimate: 514755 sg: 30
Filter Probe Kernel time GPU: 0.114688 Transfer size: 152125 sg: 30
Transfer Time : 0.063488 Aggr Kernel time CPU: 0.210048 sg = 30 non demand time = 0.486368
Probe time 0.519168
Merge time 0.001888
Result:
Res count = 0
Query Execution Time: 0.69184
CPU Time: 0.210048
GPU Time: 0.114688
Transfer Time: 0.063488
Malloc Time: 0.004992

11

 Query: 11 19930101 19931231
Query Prepare Time: 0.10752
 Query Prepare Time using cpu 0.000106335

Query Optimization Time: 1.92614

d_datekey
sg = 3
Filter Build Kernel time GPU: 0.034688 Build time 0.098304
h_total: 17716 output_estimate: 643444 sg: 30
Filter Probe Kernel time GPU: 0.195360 Transfer size: 17716 sg: 30
Transfer Time : 0.029696 Aggr Kernel time CPU: 0.222272 sg = 30 non demand time = 0.82944
h_total: 10709764 output_estimate: 25094330 sg: 4
h_total: 30703625 output_estimate: 47972352 sg: 22
Filter Kernel time CPU: 21.864544 Filter Kernel time CPU: 21.535744 Transfer size: 10709764 sg: 4
Transfer Time : 1.762304 Transfer size: 30703625 sg: 22
h_total: 10674982 output_estimate: 10709764 sg: 4
Probe Kernel time GPU: 4.611072 Transfer Time : 4.633600 Transfer size: 10674982 sg: 4
Transfer Time : 4.408160 h_total: 8372376 output_estimate: 12560573 sg: 22
Filter Probe Kernel time GPU: 1.080416 Transfer size: 8372376 sg: 22
Transfer Time : 2.662400 Aggr Kernel time CPU: 2.923520 sg = 22 non demand time = 38.5014
Aggr Kernel time CPU: 6.122496 sg = 4 non demand time = 39.2008
Probe time 39.2932
Merge time 0.00352
Result:
Res count = 0
Query Execution Time: 39.4806
CPU Time: 27.987
GPU Time: 4.61107
Transfer Time: 7.296
Malloc Time: 1.76538

32

 Query: 32 19920101 19971231
Query Prepare Time: 37.256
 Query Prepare Time using cpu 0.0372424

Query Optimization Time: 2.56499

s_suppkey
sg = 3
Filter Build Kernel time GPU: 0.038784 d_datekey
sg = 3
Filter Build Kernel time GPU: 0.025600 Build time 0.198656
h_total: 0 output_estimate: 876609536 sg: 14
Probe Kernel time GPU: 21.121023 Transfer size: 0 sg: 14
Transfer Time : 0.007168 Group Kernel time CPU: 0.002048 sg = 14 non demand time = 21.2632
Probe time 21.2992
Merge time 0.533888
Result:
Res count = 0
Query Execution Time: 22.5333
CPU Time: 0.002048
GPU Time: 21.121
Transfer Time: 0.007168
Malloc Time: 0.006048

23

 Query: 23 1 19981231
Query Prepare Time: 98.113
 Query Prepare Time using cpu 0.0980504

Query Optimization Time: 2.57658

s_suppkey
sg = 3
Filter Build Kernel time GPU: 0.037024 d_datekey
sg = 1
Build Kernel time GPU: 95.526909 Build time 95.7276
h_total: 0 output_estimate: 960495616 sg: 14
Probe Kernel time GPU: 27.780161 Transfer size: 0 sg: 14
Transfer Time : 0.007168 Group Kernel time CPU: 0.001888 sg = 14 non demand time = 27.9245
Probe time 27.9573
Merge time 0.787104
Result:
Res count = 0
Query Execution Time: 126.514
CPU Time: 0.001888
GPU Time: 95.5269
Transfer Time: 0.007168
Malloc Time: 0.00512

13

 Query: 13 19940204 19940210
Query Prepare Time: 0.132896
 Query Prepare Time using cpu 0.000130653

Query Optimization Time: 2.12992

d_datekey
sg = 3
Filter Build Kernel time GPU: 0.027424 Build time 0.06656
h_total: 152125 output_estimate: 514755 sg: 30
Filter Probe Kernel time GPU: 0.115712 Transfer size: 152125 sg: 30
Transfer Time : 0.078656 Aggr Kernel time CPU: 0.221312 sg = 30 non demand time = 0.50176
Probe time 0.538624
Merge time 0.002912
Result:
Res count = 0
Query Execution Time: 0.656704
CPU Time: 0.221312
GPU Time: 0.115712
Transfer Time: 0.078656
Malloc Time: 0.007264

11

 Query: 11 19930101 19931231
Query Prepare Time: 0.12336
 Query Prepare Time using cpu 0.00012064

Query Optimization Time: 1.89542

d_datekey
sg = 3
Filter Build Kernel time GPU: 0.034816 Build time 0.095232
h_total: 17716 output_estimate: 643444 sg: 30
Filter Probe Kernel time GPU: 4.237280 Transfer size: 17716 sg: 30
Transfer Time : 0.032640 Aggr Kernel time CPU: 0.236544 sg = 30 non demand time = 5.00736
h_total: 10709764 output_estimate: 25094330 sg: 4
Filter Kernel time CPU: 19.339264 Transfer size: 10709764 sg: 4
h_total: 30703625 output_estimate: 47972352 sg: 22
Transfer Time : 1.778688 Filter Kernel time CPU: 20.799488 Transfer size: 30703625 sg: 22
h_total: 10674982 output_estimate: 10709764 sg: 4
Probe Kernel time GPU: 0.563200 Transfer size: 10674982 sg: 4
Transfer Time : 4.604928 Transfer Time : 4.401152 h_total: 8372376 output_estimate: 12560573 sg: 22
Filter Probe Kernel time GPU: 1.067872 Transfer size: 8372376 sg: 22
Aggr Kernel time CPU: 3.570464 sg = 4 non demand time = 34.524
Transfer Time : 4.879360 Aggr Kernel time CPU: 2.450272 sg = 22 non demand time = 38.1082
Probe time 38.5134
Merge time 0.00336
Result:
Res count = 0
Query Execution Time: 38.7205
CPU Time: 23.2498
GPU Time: 4.23728
Transfer Time: 9.48429
Malloc Time: 0.086016

22

 Query: 22 1 19981231
Query Prepare Time: 98.0224
 Query Prepare Time using cpu 0.0979574

Query Optimization Time: 2.59379

s_suppkey
sg = 3
Filter Build Kernel time GPU: 0.037088 d_datekey
sg = 1
Build Kernel time GPU: 95.513603 Build time 95.7225
h_total: 0 output_estimate: 960495616 sg: 14
Probe Kernel time GPU: 61.483009 Transfer size: 0 sg: 14
Transfer Time : 0.007168 Group Kernel time CPU: 0.001920 sg = 14 non demand time = 61.6632
Probe time 61.7155
Merge time 0.818816
Result:
Res count = 0
Query Execution Time: 160.308
CPU Time: 0.00192
GPU Time: 95.5136
Transfer Time: 0.007168
Malloc Time: 0.004096

12

 Query: 12 19940101 19940131
Query Prepare Time: 0.156832
 Query Prepare Time using cpu 0.000154495

Query Optimization Time: 2.01731

d_datekey
sg = 1
h_total: 31 output_estimate: 1048576 sg: 1
Filter Kernel time CPU: 0.231456 Transfer size: 31 sg: 1
Transfer Time: 0.01136 sg: 1
Build Kernel time GPU: 0.019456 Build time 0.364544
h_total: 49676 output_estimate: 457560 sg: 30
Filter Probe Kernel time GPU: 0.279744 Transfer size: 49676 sg: 30
Transfer Time : 0.048928 Aggr Kernel time CPU: 0.759808 sg = 30 non demand time = 1.29536
h_total: 3147770 output_estimate: 6291456 sg: 12
Filter Kernel time CPU: 1.812480 Transfer size: 3147770 sg: 12
Transfer Time : 0.486400 h_total: 624634 output_estimate: 1259108 sg: 12
Filter Probe Kernel time GPU: 0.186368 Transfer size: 624634 sg: 12
Transfer Time : 0.284672 Aggr Kernel time CPU: 0.467904 sg = 12 non demand time = 3.35565
Probe time 3.39558
Merge time 0.002144
Result:
Res count = 0
Query Execution Time: 3.81382
CPU Time: 2.28038
GPU Time: 0.279744
Transfer Time: 0.771072
Malloc Time: 0.0152

43

 Query: 43 19970101 19981231
Query Prepare Time: 76.3842
 Query Prepare Time using cpu 0.0763278

Query Optimization Time: 2.58867

s_suppkey
sg = 3
Filter Build Kernel time GPU: 0.040000 d_datekey
sg = 3
Filter Build Kernel time GPU: 0.027520 Build time 0.216064
h_total: 0 output_estimate: 231735296 sg: 60
Probe Kernel time GPU: 5.604384 Transfer size: 0 sg: 60
Transfer Time : 0.005120 Group Kernel time CPU: 0.001920 sg = 60 non demand time = 5.72022
Probe time 5.74874
Merge time 1.32224
Result:
Res count = 0
Query Execution Time: 9.06022
CPU Time: 0.00192
GPU Time: 5.60438
Transfer Time: 0.00512
Malloc Time: 0.006112

34

 Query: 34 19971201 19971231
Query Prepare Time: 40.1081
 Query Prepare Time using cpu 0.0400968

Query Optimization Time: 2.49037

s_suppkey
sg = 3
Filter Build Kernel time GPU: 0.037888 d_datekey
sg = 1
h_total: 31 output_estimate: 1048576 sg: 1
Filter Kernel time CPU: 0.422912 Transfer size: 31 sg: 1
Transfer Time: 0.00912 sg: 1
Build Kernel time GPU: 0.013312 Build time 0.660512
h_total: 0 output_estimate: 14680064 sg: 14
Probe Kernel time GPU: 0.351232 Transfer size: 0 sg: 14
Transfer Time : 0.007136 Group Kernel time CPU: 0.001024 sg = 14 non demand time = 0.46592
Probe time 0.503872
Merge time 0.4104
Result:
Res count = 0
Query Execution Time: 2.08461
CPU Time: 0.422912
GPU Time: 0.351232
Transfer Time: 0.00912
Malloc Time: 0.014208

13

 Query: 13 19940204 19940210
Query Prepare Time: 0.092256
 Query Prepare Time using cpu 9.10759e-05

Query Optimization Time: 1.94467

d_datekey
sg = 3
Filter Build Kernel time GPU: 0.022528 Build time 0.059392
h_total: 152125 output_estimate: 514755 sg: 30
Filter Probe Kernel time GPU: 0.113504 Transfer size: 152125 sg: 30
Transfer Time : 0.079776 Aggr Kernel time CPU: 0.322432 sg = 30 non demand time = 0.587776
Probe time 0.62464
Merge time 0.002432
Result:
Res count = 0
Query Execution Time: 0.736448
CPU Time: 0.322432
GPU Time: 0.113504
Transfer Time: 0.079776
Malloc Time: 0.003136

13

 Query: 13 19940204 19940210
Query Prepare Time: 0.11744
 Query Prepare Time using cpu 0.000115395

Query Optimization Time: 1.85242

d_datekey
sg = 3
Filter Build Kernel time GPU: 0.030720 Build time 0.086016
h_total: 152125 output_estimate: 514755 sg: 30
Filter Probe Kernel time GPU: 0.114592 Transfer size: 152125 sg: 30
Transfer Time : 0.074848 Aggr Kernel time CPU: 0.202752 sg = 30 non demand time = 0.48928
Probe time 0.518272
Merge time 0.00192
Result:
Res count = 0
Query Execution Time: 0.663584
CPU Time: 0.202752
GPU Time: 0.114592
Transfer Time: 0.074848
Malloc Time: 0.006912

33

 Query: 33 19920101 19971231
Query Prepare Time: 37.9275
 Query Prepare Time using cpu 0.037915

Query Optimization Time: 2.58355

s_suppkey
sg = 3
Filter Build Kernel time GPU: 0.036928 d_datekey
sg = 3
Filter Build Kernel time GPU: 0.027648 Build time 0.200704
h_total: 0 output_estimate: 876609536 sg: 14
Probe Kernel time GPU: 19.804289 Transfer size: 0 sg: 14
Transfer Time : 0.007168 Group Kernel time CPU: 0.001024 sg = 14 non demand time = 19.9436
Probe time 19.9782
Merge time 0.507072
Result:
Res count = 0
Query Execution Time: 21.1748
CPU Time: 0.001024
GPU Time: 19.8043
Transfer Time: 0.007168
Malloc Time: 0.007104

42

 Query: 42 19970101 19981231
Query Prepare Time: 73.7273
 Query Prepare Time using cpu 0.0737238

Query Optimization Time: 2.50573

s_suppkey
sg = 3
Filter Build Kernel time GPU: 0.027648 p_partkey
sg = 3
Filter Build Kernel time GPU: 31.729792 d_datekey
sg = 3
Filter Build Kernel time GPU: 0.036864 Build time 31.9939
h_total: 0 output_estimate: 231735296 sg: 60
Probe Kernel time GPU: 5.829568 Transfer size: 0 sg: 60
Transfer Time : 0.007968 Group Kernel time CPU: 0.002848 sg = 60 non demand time = 5.98118
Probe time 6.02624
Merge time 0.036832
Result:
Res count = 0
Query Execution Time: 38.129
CPU Time: 0.002848
GPU Time: 31.7943
Transfer Time: 0.007968
Malloc Time: 0.006304

12

 Query: 12 19940101 19940131
Query Prepare Time: 0.128992
 Query Prepare Time using cpu 0.000124454

Query Optimization Time: 1.95379

d_datekey
sg = 1
h_total: 31 output_estimate: 1048576 sg: 1
Filter Kernel time CPU: 0.215904 Transfer size: 31 sg: 1
Transfer Time: 0.009376 sg: 1
Build Kernel time GPU: 0.017408 Build time 0.330688
h_total: 49676 output_estimate: 457560 sg: 30
Filter Probe Kernel time GPU: 0.463872 Transfer size: 49676 sg: 30
Transfer Time : 0.043136 Aggr Kernel time CPU: 0.640960 sg = 30 non demand time = 1.4263
h_total: 3147770 output_estimate: 6291456 sg: 12
Filter Kernel time CPU: 1.906688 Transfer size: 3147770 sg: 12
Transfer Time : 0.486432 h_total: 624634 output_estimate: 1259108 sg: 12
Filter Probe Kernel time GPU: 0.189248 Transfer size: 624634 sg: 12
Transfer Time : 0.221184 Aggr Kernel time CPU: 0.505856 sg = 12 non demand time = 3.45206
Probe time 3.48768
Merge time 0.002176
Result:
Res count = 0
Query Execution Time: 3.86915
CPU Time: 2.41254
GPU Time: 0.463872
Transfer Time: 0.707616
Malloc Time: 0.01536

42

 Query: 42 19970101 19981231
Query Prepare Time: 74.0159
 Query Prepare Time using cpu 0.0740137

Query Optimization Time: 2.53939

s_suppkey
sg = 3
Filter Build Kernel time GPU: 0.029696 p_partkey
sg = 3
Filter Build Kernel time GPU: 31.731712 d_datekey
sg = 3
Filter Build Kernel time GPU: 0.033792 Build time 31.9987
h_total: 0 output_estimate: 231735296 sg: 60
Probe Kernel time GPU: 5.832704 Transfer size: 0 sg: 60
Transfer Time : 0.004096 Group Kernel time CPU: 0.001024 sg = 60 non demand time = 5.95763
Probe time 5.98016
Merge time 0.02064
Result:
Res count = 0
Query Execution Time: 38.0719
CPU Time: 0.001024
GPU Time: 31.7952
Transfer Time: 0.004096
Malloc Time: 0.006464

41

 Query: 41 19920101 19981231
Query Prepare Time: 63.8817
 Query Prepare Time using cpu 0.0638776

Query Optimization Time: 2.50771

s_suppkey
sg = 3
Filter Build Kernel time GPU: 0.034816 p_partkey
sg = 3
Filter Build Kernel time GPU: 31.711231 d_datekey
sg = 1
Build Kernel time GPU: 11.082688 Build time 43.0408
h_total: 0 output_estimate: 960495616 sg: 60
Probe Kernel time GPU: 27.347776 Transfer size: 0 sg: 60
Transfer Time : 0.007136 Group Kernel time CPU: 0.002048 sg = 60 non demand time = 27.5005
Probe time 27.5364
Merge time 0.004704
Result:
Res count = 0
Query Execution Time: 70.6542
CPU Time: 0.002048
GPU Time: 31.746
Transfer Time: 0.007136
Malloc Time: 0.0064

33

 Query: 33 19920101 19971231
Query Prepare Time: 37.3209
 Query Prepare Time using cpu 0.0373054

Query Optimization Time: 2.56397

s_suppkey
sg = 3
Filter Build Kernel time GPU: 0.037664 d_datekey
sg = 3
Filter Build Kernel time GPU: 0.020672 Build time 0.172032
h_total: 0 output_estimate: 876609536 sg: 14
Probe Kernel time GPU: 19.860479 Transfer size: 0 sg: 14
Transfer Time : 0.007168 Group Kernel time CPU: 0.002048 sg = 14 non demand time = 20.0079
Probe time 20.0428
Merge time 0.509984
Result:
Res count = 0
Query Execution Time: 21.208
CPU Time: 0.002048
GPU Time: 19.8605
Transfer Time: 0.007168
Malloc Time: 0.00416

11

 Query: 11 19930101 19931231
Query Prepare Time: 0.097728
 Query Prepare Time using cpu 9.60827e-05

Query Optimization Time: 2.02342

d_datekey
sg = 3
Filter Build Kernel time GPU: 0.033792 Build time 0.094368
h_total: 17716 output_estimate: 643444 sg: 30
Filter Probe Kernel time GPU: 0.171008 Transfer size: 17716 sg: 30
Transfer Time : 0.031744 Aggr Kernel time CPU: 0.193536 sg = 30 non demand time = 0.599008
h_total: 10709764 output_estimate: 25094330 sg: 4
Filter Kernel time CPU: 18.954241 Transfer size: 10709764 sg: 4
h_total: 30703625 output_estimate: 47972352 sg: 22
Transfer Time : 1.753984 Filter Kernel time CPU: 20.567039 Transfer size: 30703625 sg: 22
h_total: 10674982 output_estimate: 10709764 sg: 4
Probe Kernel time GPU: 0.557024 Transfer size: 10674982 sg: 4
Transfer Time : 4.628384 Transfer Time : 4.489216 h_total: 8372376 output_estimate: 12560573 sg: 22
Filter Probe Kernel time GPU: 1.052672 Transfer size: 8372376 sg: 22
Transfer Time : 2.628480 Aggr Kernel time CPU: 5.940224 sg = 4 non demand time = 36.5242
Aggr Kernel time CPU: 3.282944 sg = 22 non demand time = 36.437
Probe time 36.7206
Merge time 0.003744
Result:
Res count = 0
Query Execution Time: 36.8866
CPU Time: 24.8945
GPU Time: 1.05267
Transfer Time: 7.25686
Malloc Time: 0.009088

21

 Query: 21 1 19981231
Query Prepare Time: 98.7004
 Query Prepare Time using cpu 0.098635

Query Optimization Time: 2.56205

s_suppkey
sg = 3
Filter Build Kernel time GPU: 0.040960 p_partkey
sg = 1
Build Kernel time GPU: 60.080128 d_datekey
sg = 1
Build Kernel time GPU: 46.613472 Build time 106.984
h_total: 818890567 output_estimate: 960495616 sg: 14
Probe Kernel time GPU: 112.825340 Transfer size: 818890567 sg: 14
Transfer Time : 506.721283 Group Kernel time CPU: 18395.136719 sg = 14 non demand time = 19014.8
Probe time 19014.9
Merge time 0.479008
Result:
Res count = 0
Query Execution Time: 19124.3
CPU Time: 18395.1
GPU Time: 112.825
Transfer Time: 506.721
Malloc Time: 0.006432

33

 Query: 33 19920101 19971231
Query Prepare Time: 39.8391
 Query Prepare Time using cpu 0.0398278

Query Optimization Time: 2.6112

s_suppkey
sg = 3
Filter Build Kernel time GPU: 0.027648 d_datekey
sg = 3
Filter Build Kernel time GPU: 0.022560 Build time 0.158656
h_total: 0 output_estimate: 876609536 sg: 14
Probe Kernel time GPU: 20.834305 Transfer size: 0 sg: 14
Transfer Time : 0.004128 Group Kernel time CPU: 0.002048 sg = 14 non demand time = 20.9663
Probe time 21.0022
Merge time 0.3408
Result:
Res count = 0
Query Execution Time: 21.9795
CPU Time: 0.002048
GPU Time: 20.8343
Transfer Time: 0.004128
Malloc Time: 0.006272

11

 Query: 11 19930101 19931231
Query Prepare Time: 0.173184
 Query Prepare Time using cpu 0.000171423

Query Optimization Time: 1.96198

d_datekey
sg = 3
Filter Build Kernel time GPU: 0.036000 Build time 0.097248
h_total: 17716 output_estimate: 643444 sg: 30
Filter Probe Kernel time GPU: 0.148480 Transfer size: 17716 sg: 30
Transfer Time : 0.026624 Aggr Kernel time CPU: 0.167904 sg = 30 non demand time = 3.74477
h_total: 10709764 output_estimate: 25094330 sg: 4
Filter Kernel time CPU: 7.317504 Transfer size: 10709764 sg: 4
Transfer Time : 1.860736 h_total: 10674982 output_estimate: 10709764 sg: 4
Probe Kernel time GPU: 0.562048 Transfer size: 10674982 sg: 4
h_total: 30703625 output_estimate: 47972352 sg: 22
Filter Kernel time CPU: 8.217600 Transfer size: 30703625 sg: 22
Transfer Time : 3.395584 Aggr Kernel time CPU: 0.001024 Transfer Time : 4.604928 sg = 4 non demand time = 17.9374
h_total: 8372376 output_estimate: 12560573 sg: 22
Filter Probe Kernel time GPU: 1.119360 Transfer size: 8372376 sg: 22
Transfer Time : 2.596736 Aggr Kernel time CPU: 2.539520 sg = 22 non demand time = 20.9408
Probe time 24.399
Merge time 0.003552
Result:
Res count = 0
Query Execution Time: 24.5898
CPU Time: 10.7571
GPU Time: 1.11936
Transfer Time: 7.20166
Malloc Time: 0.012096

21

 Query: 21 1 19981231
Query Prepare Time: 98.676
 Query Prepare Time using cpu 0.0986102

Query Optimization Time: 2.59686

s_suppkey
sg = 3
Filter Build Kernel time GPU: 0.051200 p_partkey
sg = 1
Build Kernel time GPU: 60.067841 d_datekey
sg = 1
Build Kernel time GPU: 46.607586 Build time 106.953
h_total: 818895079 output_estimate: 960495616 sg: 14
Probe Kernel time GPU: 113.478653 Transfer size: 818895079 sg: 14
Transfer Time : 506.636292 Group Kernel time CPU: 18360.886719 sg = 14 non demand time = 18981.2
Probe time 18981.3
Merge time 0.487776
Result:
Res count = 0
Query Execution Time: 19090.7
CPU Time: 18360.9
GPU Time: 113.479
Transfer Time: 506.636
Malloc Time: 0.005952

13

 Query: 13 19940204 19940210
Query Prepare Time: 0.151904
 Query Prepare Time using cpu 0.000149012

Query Optimization Time: 2.11661

d_datekey
sg = 3
Filter Build Kernel time GPU: 0.033792 Build time 0.082944
h_total: 152125 output_estimate: 514755 sg: 30
Filter Probe Kernel time GPU: 0.110592 Transfer size: 152125 sg: 30
Transfer Time : 0.073728 Aggr Kernel time CPU: 0.297824 sg = 30 non demand time = 0.574464
Probe time 0.684032
Merge time 0.001984
Result:
Res count = 0
Query Execution Time: 0.829184
CPU Time: 0.297824
GPU Time: 0.110592
Transfer Time: 0.073728
Malloc Time: 0.00512

22

 Query: 22 1 19981231
Query Prepare Time: 99.097
 Query Prepare Time using cpu 0.0990322

Query Optimization Time: 2.60115

s_suppkey
sg = 3
Filter Build Kernel time GPU: 0.044032 d_datekey
sg = 1
Build Kernel time GPU: 95.486877 Build time 95.6938
h_total: 0 output_estimate: 960495616 sg: 14
Probe Kernel time GPU: 62.133247 Transfer size: 0 sg: 14
Transfer Time : 0.004928 Group Kernel time CPU: 0.002048 sg = 14 non demand time = 62.291
Probe time 62.3473
Merge time 0.569728
Result:
Res count = 0
Query Execution Time: 160.648
CPU Time: 0.002048
GPU Time: 95.4869
Transfer Time: 0.004928
Malloc Time: 0.004416

41

 Query: 41 19920101 19981231
Query Prepare Time: 74.6759
 Query Prepare Time using cpu 0.0746727

Query Optimization Time: 2.5479

s_suppkey
sg = 3
Filter Build Kernel time GPU: 0.027648 p_partkey
sg = 3
Filter Build Kernel time GPU: 31.706112 d_datekey
sg = 1
Build Kernel time GPU: 11.083936 Build time 43.0418
h_total: 0 output_estimate: 960495616 sg: 60
Probe Kernel time GPU: 27.312128 Transfer size: 0 sg: 60
Transfer Time : 0.007168 Group Kernel time CPU: 0.001024 sg = 60 non demand time = 27.486
Probe time 27.5282
Merge time 0.006272
Result:
Res count = 0
Query Execution Time: 70.666
CPU Time: 0.001024
GPU Time: 31.7338
Transfer Time: 0.007168
Malloc Time: 0.006432

32

 Query: 32 19920101 19971231
Query Prepare Time: 37.1013
 Query Prepare Time using cpu 0.0370905

Query Optimization Time: 2.59376

s_suppkey
sg = 3
Filter Build Kernel time GPU: 0.037888 d_datekey
sg = 3
Filter Build Kernel time GPU: 0.028480 Build time 0.200704
h_total: 0 output_estimate: 876609536 sg: 14
Probe Kernel time GPU: 20.208639 Transfer size: 0 sg: 14
Transfer Time : 0.006976 Group Kernel time CPU: 0.002048 sg = 14 non demand time = 20.361
Probe time 20.395
Merge time 0.428192
Result:
Res count = 0
Query Execution Time: 21.5125
CPU Time: 0.002048
GPU Time: 20.2086
Transfer Time: 0.006976
Malloc Time: 0.006048

22

 Query: 22 1 19981231
Query Prepare Time: 97.5641
 Query Prepare Time using cpu 0.0974989

Query Optimization Time: 2.57754

s_suppkey
sg = 3
Filter Build Kernel time GPU: 0.027808 d_datekey
sg = 1
Build Kernel time GPU: 95.558655 Build time 95.744
h_total: 0 output_estimate: 960495616 sg: 14
Probe Kernel time GPU: 61.503487 Transfer size: 0 sg: 14
Transfer Time : 0.006976 Group Kernel time CPU: 0.001024 sg = 14 non demand time = 61.696
Probe time 61.7574
Merge time 0.584608
Result:
Res count = 0
Query Execution Time: 160.132
CPU Time: 0.001024
GPU Time: 95.5587
Transfer Time: 0.006976
Malloc Time: 0.006176

33

 Query: 33 19920101 19971231
Query Prepare Time: 39.8845
 Query Prepare Time using cpu 0.0398722

Query Optimization Time: 2.5807

s_suppkey
sg = 3
Filter Build Kernel time GPU: 0.040960 d_datekey
sg = 3
Filter Build Kernel time GPU: 0.025536 Build time 0.208896
h_total: 0 output_estimate: 876609536 sg: 14
Probe Kernel time GPU: 19.798016 Transfer size: 0 sg: 14
Transfer Time : 0.004256 Group Kernel time CPU: 0.001024 sg = 14 non demand time = 19.9229
Probe time 19.9475
Merge time 0.4072
Result:
Res count = 0
Query Execution Time: 21.0462
CPU Time: 0.001024
GPU Time: 19.798
Transfer Time: 0.004256
Malloc Time: 0.004864

23

 Query: 23 1 19981231
Query Prepare Time: 97.9707
 Query Prepare Time using cpu 0.0979068

Query Optimization Time: 2.57757

s_suppkey
sg = 3
Filter Build Kernel time GPU: 0.037888 d_datekey
sg = 1
Build Kernel time GPU: 95.623169 Build time 95.8331
h_total: 0 output_estimate: 960495616 sg: 14
Probe Kernel time GPU: 26.840063 Transfer size: 0 sg: 14
Transfer Time : 0.005088 Group Kernel time CPU: 0.001024 sg = 14 non demand time = 26.9834
Probe time 27.0243
Merge time 0.714624
Result:
Res count = 0
Query Execution Time: 125.615
CPU Time: 0.001024
GPU Time: 95.6232
Transfer Time: 0.005088
Malloc Time: 0.00576

23

 Query: 23 1 19981231
Query Prepare Time: 97.9699
 Query Prepare Time using cpu 0.0979071

Query Optimization Time: 2.63862

s_suppkey
sg = 3
Filter Build Kernel time GPU: 0.039968 d_datekey
sg = 1
Build Kernel time GPU: 95.562752 Build time 95.7819
h_total: 0 output_estimate: 960495616 sg: 14
Probe Kernel time GPU: 26.832096 Transfer size: 0 sg: 14
Transfer Time : 0.004928 Group Kernel time CPU: 0.001024 sg = 14 non demand time = 26.9763
Probe time 27.0193
Merge time 0.7392
Result:
Res count = 0
Query Execution Time: 125.589
CPU Time: 0.001024
GPU Time: 95.5628
Transfer Time: 0.004928
Malloc Time: 0.00512

41

 Query: 41 19920101 19981231
Query Prepare Time: 74.1145
 Query Prepare Time using cpu 0.0741091

Query Optimization Time: 2.67469

s_suppkey
sg = 3
Filter Build Kernel time GPU: 0.041984 p_partkey
sg = 3
Filter Build Kernel time GPU: 31.723455 d_datekey
sg = 1
Build Kernel time GPU: 11.083968 Build time 43.0868
h_total: 0 output_estimate: 960495616 sg: 60
Probe Kernel time GPU: 27.478016 Transfer size: 0 sg: 60
Transfer Time : 0.005120 Group Kernel time CPU: 0.002048 sg = 60 non demand time = 27.6151
Probe time 27.647
Merge time 0.00624
Result:
Res count = 0
Query Execution Time: 70.8069
CPU Time: 0.002048
GPU Time: 31.7654
Transfer Time: 0.00512
Malloc Time: 0.005728

32

 Query: 32 19920101 19971231
Query Prepare Time: 37.2745
 Query Prepare Time using cpu 0.0372612

Query Optimization Time: 2.60608

s_suppkey
sg = 3
Filter Build Kernel time GPU: 0.039936 d_datekey
sg = 3
Filter Build Kernel time GPU: 0.027648 Build time 0.2048
h_total: 0 output_estimate: 876609536 sg: 14
Probe Kernel time GPU: 20.221952 Transfer size: 0 sg: 14
Transfer Time : 0.004096 Group Kernel time CPU: 0.001824 sg = 14 non demand time = 20.3602
Probe time 20.393
Merge time 0.616192
Result:
Res count = 0
Query Execution Time: 21.7111
CPU Time: 0.001824
GPU Time: 20.222
Transfer Time: 0.004096
Malloc Time: 0.005888

11

 Query: 11 19930101 19931231
Query Prepare Time: 0.169728
 Query Prepare Time using cpu 0.000165939

Query Optimization Time: 1.94662

d_datekey
sg = 3
Filter Build Kernel time GPU: 0.038912 Build time 0.101376
h_total: 17716 output_estimate: 643444 sg: 30
Filter Probe Kernel time GPU: 0.162944 Transfer size: 17716 sg: 30
Transfer Time : 0.029696 Aggr Kernel time CPU: 0.202752 sg = 30 non demand time = 0.582656
h_total: 10709764 output_estimate: 25094330 sg: 4
Filter Kernel time CPU: 18.999136 Transfer size: 10709764 sg: 4
h_total: 30703625 output_estimate: 47972352 sg: 22
Filter Kernel time CPU: 20.569088 Transfer Time : 1.756160 Transfer size: 30703625 sg: 22
h_total: 10674982 output_estimate: 10709764 sg: 4
Probe Kernel time GPU: 0.555008 Transfer size: 10674982 sg: 4
Transfer Time : 4.626432 Transfer Time : 4.388864 h_total: 8372376 output_estimate: 12560573 sg: 22
Filter Probe Kernel time GPU: 1.086464 Transfer size: 8372376 sg: 22
Transfer Time : 2.643968 Aggr Kernel time CPU: 5.809408 sg = 4 non demand time = 36.4613
Aggr Kernel time CPU: 3.244032 sg = 22 non demand time = 36.3817
Probe time 36.7329
Merge time 0.003744
Result:
Res count = 0
Query Execution Time: 36.9181
CPU Time: 24.8085
GPU Time: 1.08646
Transfer Time: 7.2704
Malloc Time: 0.012

22

 Query: 22 1 19981231
Query Prepare Time: 98.7243
 Query Prepare Time using cpu 0.0986593

Query Optimization Time: 2.62656

s_suppkey
sg = 3
Filter Build Kernel time GPU: 0.038912 d_datekey
sg = 1
Build Kernel time GPU: 95.563904 Build time 95.7747
h_total: 0 output_estimate: 960495616 sg: 14
Probe Kernel time GPU: 61.494465 Transfer size: 0 sg: 14
Transfer Time : 0.004096 Group Kernel time CPU: 0.002016 sg = 14 non demand time = 61.6468
Probe time 61.7001
Merge time 0.684384
Result:
Res count = 0
Query Execution Time: 160.207
CPU Time: 0.002016
GPU Time: 95.5639
Transfer Time: 0.004096
Malloc Time: 0.00576

34

 Query: 34 19971201 19971231
Query Prepare Time: 40.0253
 Query Prepare Time using cpu 0.0400136

Query Optimization Time: 2.5151

s_suppkey
sg = 3
Filter Build Kernel time GPU: 0.036864 d_datekey
sg = 1
h_total: 31 output_estimate: 1048576 sg: 1
Filter Kernel time CPU: 0.465920 Transfer size: 31 sg: 1
Transfer Time: 0.009216 sg: 1
Build Kernel time GPU: 0.013312 Build time 0.735232
h_total: 0 output_estimate: 14680064 sg: 14
Probe Kernel time GPU: 0.350240 Transfer size: 0 sg: 14
Transfer Time : 0.007168 Group Kernel time CPU: 0.002048 sg = 14 non demand time = 0.45568
Probe time 0.481184
Merge time 0.438656
Result:
Res count = 0
Query Execution Time: 2.13824
CPU Time: 0.46592
GPU Time: 0.35024
Transfer Time: 0.009216
Malloc Time: 0.012288

13

 Query: 13 19940204 19940210
Query Prepare Time: 0.116384
 Query Prepare Time using cpu 0.000113249

Query Optimization Time: 1.90688

d_datekey
sg = 3
Filter Build Kernel time GPU: 0.034816 Build time 0.089216
h_total: 152125 output_estimate: 514755 sg: 30
Filter Probe Kernel time GPU: 0.112640 Transfer size: 152125 sg: 30
Transfer Time : 0.080672 Aggr Kernel time CPU: 0.197728 sg = 30 non demand time = 0.474112
Probe time 0.50688
Merge time 0.001664
Result:
Res count = 0
Query Execution Time: 0.656
CPU Time: 0.197728
GPU Time: 0.11264
Transfer Time: 0.080672
Malloc Time: 0.004832

34

 Query: 34 19971201 19971231
Query Prepare Time: 38.4371
 Query Prepare Time using cpu 0.0384257

Query Optimization Time: 2.48934

s_suppkey
sg = 3
Filter Build Kernel time GPU: 0.035840 d_datekey
sg = 1
h_total: 31 output_estimate: 1048576 sg: 1
Filter Kernel time CPU: 0.421888 Transfer size: 31 sg: 1
Transfer Time: 0.009216 sg: 1
Build Kernel time GPU: 0.014336 Build time 0.654336
h_total: 0 output_estimate: 14680064 sg: 14
Probe Kernel time GPU: 0.348160 Transfer size: 0 sg: 14
Transfer Time : 0.004096 Group Kernel time CPU: 0.002048 sg = 14 non demand time = 0.443392
Probe time 0.48128
Merge time 0.438496
Result:
Res count = 0
Query Execution Time: 2.06339
CPU Time: 0.421888
GPU Time: 0.34816
Transfer Time: 0.009216
Malloc Time: 0.013312

11

 Query: 11 19930101 19931231
Query Prepare Time: 0.093344
 Query Prepare Time using cpu 9.17912e-05

Query Optimization Time: 2.04896

d_datekey
sg = 3
Filter Build Kernel time GPU: 0.026624 Build time 0.070848
h_total: 17716 output_estimate: 643444 sg: 30
Filter Probe Kernel time GPU: 0.297824 Transfer size: 17716 sg: 30
Transfer Time : 0.033568 Aggr Kernel time CPU: 0.203776 sg = 30 non demand time = 0.826144
h_total: 10709764 output_estimate: 25094330 sg: 4
Filter Kernel time CPU: 19.703968 Transfer size: 10709764 sg: 4
h_total: 30703625 output_estimate: 47972352 sg: 22
Transfer Time : 1.764544 Filter Kernel time CPU: 20.161472 Transfer size: 30703625 sg: 22
h_total: 10674982 output_estimate: 10709764 sg: 4
Probe Kernel time GPU: 0.560128 Transfer size: 10674982 sg: 4
Transfer Time : 4.615168 Transfer Time : 4.489216 h_total: 8372376 output_estimate: 12560573 sg: 22
Filter Probe Kernel time GPU: 1.095744 Transfer size: 8372376 sg: 22
Transfer Time : 2.622656 Aggr Kernel time CPU: 4.932608 sg = 4 non demand time = 36.2701
Aggr Kernel time CPU: 3.744576 sg = 22 non demand time = 36.5046
Probe time 37.9412
Merge time 0.003296
Result:
Res count = 0
Query Execution Time: 38.0846
CPU Time: 24.6366
GPU Time: 1.09574
Transfer Time: 7.23782
Malloc Time: 0.008192

13

 Query: 13 19940204 19940210
Query Prepare Time: 0.119392
 Query Prepare Time using cpu 0.000116825

Query Optimization Time: 2.21696

d_datekey
sg = 3
Filter Build Kernel time GPU: 0.027648 Build time 0.074752
h_total: 152125 output_estimate: 514755 sg: 30
Filter Probe Kernel time GPU: 0.105440 Transfer size: 152125 sg: 30
Transfer Time : 0.062464 Aggr Kernel time CPU: 0.215040 sg = 30 non demand time = 0.457728
Probe time 0.489696
Merge time 0.001952
Result:
Res count = 0
Query Execution Time: 0.617664
CPU Time: 0.21504
GPU Time: 0.10544
Transfer Time: 0.062464
Malloc Time: 0.00512

32

 Query: 32 19920101 19971231
Query Prepare Time: 37.5707
 Query Prepare Time using cpu 0.0375576

Query Optimization Time: 2.58867

s_suppkey
sg = 3
Filter Build Kernel time GPU: 0.036640 d_datekey
sg = 3
Filter Build Kernel time GPU: 0.027648 Build time 0.197632
h_total: 0 output_estimate: 876609536 sg: 14
Probe Kernel time GPU: 20.156256 Transfer size: 0 sg: 14
Transfer Time : 0.004096 Group Kernel time CPU: 0.002048 sg = 14 non demand time = 20.2711
Probe time 20.3039
Merge time 0.524096
Result:
Res count = 0
Query Execution Time: 21.5128
CPU Time: 0.002048
GPU Time: 20.1563
Transfer Time: 0.004096
Malloc Time: 0.006048

13

 Query: 13 19940204 19940210
Query Prepare Time: 0.155808
 Query Prepare Time using cpu 0.000152588

Query Optimization Time: 1.93638

d_datekey
sg = 3
Filter Build Kernel time GPU: 0.031744 Build time 0.094112
h_total: 152125 output_estimate: 514755 sg: 30
Filter Probe Kernel time GPU: 0.115712 Transfer size: 152125 sg: 30
Transfer Time : 0.081120 Aggr Kernel time CPU: 0.214016 sg = 30 non demand time = 0.508864
Probe time 0.53632
Merge time 0.001856
Result:
Res count = 0
Query Execution Time: 0.686656
CPU Time: 0.214016
GPU Time: 0.115712
Transfer Time: 0.08112
Malloc Time: 0.006144

22

 Query: 22 1 19981231
Query Prepare Time: 97.8477
 Query Prepare Time using cpu 0.0977852

Query Optimization Time: 2.58064

s_suppkey
sg = 3
Filter Build Kernel time GPU: 0.029696 d_datekey
sg = 1
Build Kernel time GPU: 95.534943 Build time 95.6981
h_total: 0 output_estimate: 960495616 sg: 14
Probe Kernel time GPU: 61.509602 Transfer size: 0 sg: 14
Transfer Time : 0.007296 Group Kernel time CPU: 0.001024 sg = 14 non demand time = 61.7062
Probe time 61.7654
Merge time 0.728896
Result:
Res count = 0
Query Execution Time: 160.247
CPU Time: 0.001024
GPU Time: 95.5349
Transfer Time: 0.007296
Malloc Time: 0.007136

13

 Query: 13 19940204 19940210
Query Prepare Time: 0.13024
 Query Prepare Time using cpu 0.000128031

Query Optimization Time: 2.14019

d_datekey
sg = 3
Filter Build Kernel time GPU: 0.029696 Build time 0.0768
h_total: 152125 output_estimate: 514755 sg: 30
Filter Probe Kernel time GPU: 0.107520 Transfer size: 152125 sg: 30
Transfer Time : 0.076800 Aggr Kernel time CPU: 0.231232 sg = 30 non demand time = 0.495616
Probe time 0.520192
Merge time 0.001984
Result:
Res count = 0
Query Execution Time: 0.655744
CPU Time: 0.231232
GPU Time: 0.10752
Transfer Time: 0.0768
Malloc Time: 0.00352

13

 Query: 13 19940204 19940210
Query Prepare Time: 0.11952
 Query Prepare Time using cpu 0.000116587

Query Optimization Time: 1.86368

d_datekey
sg = 3
Filter Build Kernel time GPU: 0.031744 Build time 0.082944
h_total: 152125 output_estimate: 514755 sg: 30
Filter Probe Kernel time GPU: 0.114688 Transfer size: 152125 sg: 30
Transfer Time : 0.082944 Aggr Kernel time CPU: 0.203744 sg = 30 non demand time = 0.494656
Probe time 0.531456
Merge time 0.001984
Result:
Res count = 0
Query Execution Time: 0.674272
CPU Time: 0.203744
GPU Time: 0.114688
Transfer Time: 0.082944
Malloc Time: 0.00672

32

 Query: 32 19920101 19971231
Query Prepare Time: 39.9262
 Query Prepare Time using cpu 0.0399129

Query Optimization Time: 2.58957

s_suppkey
sg = 3
Filter Build Kernel time GPU: 0.034816 d_datekey
sg = 3
Filter Build Kernel time GPU: 0.027648 Build time 0.197664
h_total: 0 output_estimate: 876609536 sg: 14
Probe Kernel time GPU: 20.164736 Transfer size: 0 sg: 14
Transfer Time : 0.006976 Group Kernel time CPU: 0.002144 sg = 14 non demand time = 20.3174
Probe time 20.3592
Merge time 0.428736
Result:
Res count = 0
Query Execution Time: 21.4796
CPU Time: 0.002144
GPU Time: 20.1647
Transfer Time: 0.006976
Malloc Time: 0.006176

12

 Query: 12 19940101 19940131
Query Prepare Time: 0.100256
 Query Prepare Time using cpu 9.87053e-05

Query Optimization Time: 1.97632

d_datekey
sg = 1
h_total: 31 output_estimate: 1048576 sg: 1
Filter Kernel time CPU: 0.228352 Transfer size: 31 sg: 1
Transfer Time: 0.01024 sg: 1
Build Kernel time GPU: 0.017376 Build time 0.364672
h_total: 49676 output_estimate: 457560 sg: 30
Filter Probe Kernel time GPU: 0.323456 Transfer size: 49676 sg: 30
Transfer Time : 0.040960 Aggr Kernel time CPU: 0.662528 sg = 30 non demand time = 1.27606
h_total: 3147770 output_estimate: 6291456 sg: 12
Filter Kernel time CPU: 1.877024 Transfer size: 3147770 sg: 12
Transfer Time : 0.484352 h_total: 624634 output_estimate: 1259108 sg: 12
Filter Probe Kernel time GPU: 0.184320 Transfer size: 624634 sg: 12
Transfer Time : 0.217088 Aggr Kernel time CPU: 0.462880 sg = 12 non demand time = 3.44266
Probe time 3.48672
Merge time 0.002752
Result:
Res count = 0
Query Execution Time: 3.91021
CPU Time: 2.3399
GPU Time: 0.323456
Transfer Time: 0.70144
Malloc Time: 0.015392

12

 Query: 12 19940101 19940131
Query Prepare Time: 0.13872
 Query Prepare Time using cpu 0.000135899

Query Optimization Time: 1.88029

d_datekey
sg = 1
h_total: 31 output_estimate: 1048576 sg: 1
Filter Kernel time CPU: 0.205824 Transfer size: 31 sg: 1
Transfer Time: 0.031744 sg: 1
Build Kernel time GPU: 0.015392 Build time 0.351232
h_total: 49676 output_estimate: 457560 sg: 30
Filter Probe Kernel time GPU: 0.152576 Transfer size: 49676 sg: 30
Transfer Time : 0.039808 Aggr Kernel time CPU: 0.667648 sg = 30 non demand time = 1.07008
h_total: 3147770 output_estimate: 6291456 sg: 12
Filter Kernel time CPU: 1.849344 Transfer size: 3147770 sg: 12
Transfer Time : 0.486400 h_total: 624634 output_estimate: 1259108 sg: 12
Filter Probe Kernel time GPU: 0.193440 Transfer size: 624634 sg: 12
Transfer Time : 0.226304 Aggr Kernel time CPU: 0.438272 sg = 12 non demand time = 3.31571
Probe time 3.35565
Merge time 0.002528
Result:
Res count = 0
Query Execution Time: 3.76112
CPU Time: 2.28762
GPU Time: 0.19344
Transfer Time: 0.712704
Malloc Time: 0.01616

13

 Query: 13 19940204 19940210
Query Prepare Time: 0.090784
 Query Prepare Time using cpu 8.91685e-05

Query Optimization Time: 1.97312

d_datekey
sg = 3
Filter Build Kernel time GPU: 0.028672 Build time 0.073664
h_total: 152125 output_estimate: 514755 sg: 30
Filter Probe Kernel time GPU: 0.105632 Transfer size: 152125 sg: 30
Transfer Time : 0.063488 Aggr Kernel time CPU: 0.224160 sg = 30 non demand time = 0.49152
Probe time 0.525312
Merge time 0.002304
Result:
Res count = 0
Query Execution Time: 0.658592
CPU Time: 0.22416
GPU Time: 0.105632
Transfer Time: 0.063488
Malloc Time: 0.00496

Cached segment: 4999 Cache total: 5000
Successfully cached

Query 11 fraction: 0.337411 total: 5068 cached: 1710
Query 12 fraction: 0.289266 total: 5068 cached: 1466
Query 13 fraction: 0.337411 total: 5068 cached: 1710
Query 21 fraction: 0.755322 total: 4369 cached: 3300
Query 22 fraction: 0.801431 total: 4613 cached: 3697
Query 23 fraction: 0.801431 total: 4613 cached: 3697
Query 31 fraction: 0.763603 total: 4852 cached: 3705
Query 32 fraction: 0.763603 total: 4852 cached: 3705
Query 33 fraction: 0.732481 total: 4852 cached: 3554
Query 34 fraction: 0.682193 total: 4852 cached: 3310
Query 41 fraction: 0.694144 total: 6745 cached: 4682
Query 42 fraction: 0.683066 total: 6992 cached: 4776
Query 43 fraction: 0.683066 total: 6992 cached: 4776

 epoch end
 epoch start 
21

 Query: 21 1 19981231
Query Prepare Time: 98.1401
 Query Prepare Time using cpu 0.0980749

Query Optimization Time: 2.83853

s_suppkey
sg = 3
Filter Build Kernel time GPU: 0.040960 p_partkey
sg = 1
Build Kernel time GPU: 60.101631 d_datekey
sg = 1
Build Kernel time GPU: 46.626816 Build time 107.023
h_total: 818438639 output_estimate: 960495616 sg: 14
Probe Kernel time GPU: 112.576515 Transfer size: 818438639 sg: 14
Transfer Time : 506.736633 Group Kernel time CPU: 18391.476562 sg = 14 non demand time = 19011
Probe time 19011.1
Merge time 0.500576
Result:
Res count = 0
Query Execution Time: 19120.5
CPU Time: 18391.5
GPU Time: 112.577
Transfer Time: 506.737
Malloc Time: 0.005248

31

 Query: 31 19920101 19971231
Query Prepare Time: 37.279
 Query Prepare Time using cpu 0.0372756

Query Optimization Time: 2.52938

s_suppkey
sg = 3
Filter Build Kernel time GPU: 0.034848 d_datekey
sg = 3
Filter Build Kernel time GPU: 0.023552 Build time 0.16608
h_total: 0 output_estimate: 876609536 sg: 14
Probe Kernel time GPU: 35.017727 Transfer size: 0 sg: 14
Transfer Time : 0.004096 Group Kernel time CPU: 0.002048 sg = 14 non demand time = 35.1181
Probe time 35.1457
Merge time 0.024832
Result:
Res count = 0
Query Execution Time: 35.3927
CPU Time: 0.002048
GPU Time: 35.0177
Transfer Time: 0.004096
Malloc Time: 0.005376

43

 Query: 43 19970101 19981231
Query Prepare Time: 75.6669
 Query Prepare Time using cpu 0.0756111

Query Optimization Time: 2.57242

s_suppkey
sg = 3
Filter Build Kernel time GPU: 0.040960 d_datekey
sg = 3
Filter Build Kernel time GPU: 0.025760 Build time 0.20992
h_total: 0 output_estimate: 83886080 sg: 44
Probe Kernel time GPU: 2.051072 Transfer size: 0 sg: 44
Transfer Time : 0.010304 h_total: 0 output_estimate: 147849216 sg: 60
Probe Kernel time GPU: 3.801088 Probe Group Kernel time CPU: 0.002048 sg = 44 non demand time = 5.95763
Transfer size: 0 sg: 60
Transfer Time : 0.009216 Group Kernel time CPU: 0.002048 sg = 60 non demand time = 3.98643
Probe time 6.09587
Merge time 0.919904
Result:
Res count = 0
Query Execution Time: 9.00989
CPU Time: 0.002048
GPU Time: 3.80109
Transfer Time: 0.010304
Malloc Time: 0.007008

23

 Query: 23 1 19981231
Query Prepare Time: 98.984
 Query Prepare Time using cpu 0.0989192

Query Optimization Time: 2.61018

s_suppkey
sg = 3
Filter Build Kernel time GPU: 0.040800 d_datekey
sg = 1
Build Kernel time GPU: 95.558464 Build time 95.7778
h_total: 0 output_estimate: 960495616 sg: 14
Probe Kernel time GPU: 26.864704 Transfer size: 0 sg: 14
Transfer Time : 0.004096 Group Kernel time CPU: 0.001024 sg = 14 non demand time = 26.9967
Probe time 27.0368
Merge time 0.600288
Result:
Res count = 0
Query Execution Time: 125.452
CPU Time: 0.001024
GPU Time: 95.5585
Transfer Time: 0.004096
Malloc Time: 0.00512

34

 Query: 34 19971201 19971231
Query Prepare Time: 40.0266
 Query Prepare Time using cpu 0.0400126

Query Optimization Time: 2.45965

s_suppkey
sg = 3
Filter Build Kernel time GPU: 0.027488 d_datekey
sg = 1
h_total: 31 output_estimate: 1048576 sg: 1
Filter Kernel time CPU: 0.319616 Transfer size: 31 sg: 1
Transfer Time: 0.008192 sg: 1
Build Kernel time GPU: 0.013312 Build time 0.505856
h_total: 0 output_estimate: 14680064 sg: 14
Probe Kernel time GPU: 0.352256 Transfer size: 0 sg: 14
Transfer Time : 0.006144 Group Kernel time CPU: 0.002048 sg = 14 non demand time = 0.452608
Probe time 0.47536
Merge time 0.426528
Result:
Res count = 0
Query Execution Time: 1.89251
CPU Time: 0.319616
GPU Time: 0.352256
Transfer Time: 0.008192
Malloc Time: 0.014336

21

 Query: 21 1 19981231
Query Prepare Time: 98.648
 Query Prepare Time using cpu 0.098583

Query Optimization Time: 2.52518

s_suppkey
sg = 3
Filter Build Kernel time GPU: 0.032768 p_partkey
sg = 1
Build Kernel time GPU: 60.097534 d_datekey
sg = 1
Build Kernel time GPU: 46.601376 Build time 106.957
h_total: 818438441 output_estimate: 960495616 sg: 14
Probe Kernel time GPU: 112.621567 Transfer size: 818438441 sg: 14
Transfer Time : 506.698792 Group Kernel time CPU: 18389.808594 sg = 14 non demand time = 19009.3
Probe time 19009.4
Merge time 0.517408
Result:
Res count = 0
Query Execution Time: 19118.9
CPU Time: 18389.8
GPU Time: 112.622
Transfer Time: 506.699
Malloc Time: 0.006048

41

 Query: 41 19920101 19981231
Query Prepare Time: 73.6335
 Query Prepare Time using cpu 0.0736287

Query Optimization Time: 2.68902

s_suppkey
sg = 3
Filter Build Kernel time GPU: 0.040960 p_partkey
sg = 3
Filter Build Kernel time GPU: 31.727615 d_datekey
sg = 1
Build Kernel time GPU: 11.670464 Build time 43.7053
h_total: 3994550 output_estimate: 83886080 sg: 44
Probe Kernel time GPU: 2.690048 Transfer size: 3994550 sg: 44
h_total: 0 output_estimate: 876609536 sg: 60
Probe Kernel time GPU: 26.117920 Transfer size: 0 sg: 60
Transfer Time : 0.002048 Group Kernel time CPU: 0.001024 sg = 60 non demand time = Transfer Time : 3.298304 29.4523
Probe Group Kernel time CPU: 1.594368 sg = 44 non demand time = 33.7961
Probe time 33.8606
Merge time 0.004032
Result:
Res count = 0
Query Execution Time: 77.6452
CPU Time: 1.59437
GPU Time: 31.7686
Transfer Time: 3.2983
Malloc Time: 0.006944

33

 Query: 33 19920101 19971231
Query Prepare Time: 39.9123
 Query Prepare Time using cpu 0.0399005

Query Optimization Time: 2.57034

s_suppkey
sg = 3
Filter Build Kernel time GPU: 0.035808 d_datekey
sg = 3
Filter Build Kernel time GPU: 0.025600 Build time 0.197632
h_total: 0 output_estimate: 876609536 sg: 14
Probe Kernel time GPU: 20.786177 Transfer size: 0 sg: 14
Transfer Time : 0.004288 Group Kernel time CPU: 0.002048 sg = 14 non demand time = 20.9111
Probe time 20.9388
Merge time 0.383488
Result:
Res count = 0
Query Execution Time: 22.0074
CPU Time: 0.002048
GPU Time: 20.7862
Transfer Time: 0.004288
Malloc Time: 0.005152

41

 Query: 41 19920101 19981231
Query Prepare Time: 73.7121
 Query Prepare Time using cpu 0.073709

Query Optimization Time: 2.61962

s_suppkey
sg = 3
Filter Build Kernel time GPU: 0.029472 p_partkey
sg = 3
Filter Build Kernel time GPU: 31.714304 d_datekey
sg = 1
Build Kernel time GPU: 11.094016 Build time 43.0449
h_total: 3994550 output_estimate: 83886080 sg: 44
Probe Kernel time GPU: 2.609984 Transfer size: 3994550 sg: 44
h_total: 0 output_estimate: 876609536 sg: 60
Probe Kernel time GPU: 26.021889 Transfer size: 0 sg: 60
Transfer Time : 0.001024 Transfer Time : 3.292160 Group Kernel time CPU: 0.001024 sg = 60 non demand time = 28.7939
Probe Group Kernel time CPU: 2.053120 sg = 44 non demand time = 33.4766
Probe time 33.5544
Merge time 0.005152
Result:
Res count = 0
Query Execution Time: 76.6863
CPU Time: 2.05312
GPU Time: 31.7438
Transfer Time: 3.29216
Malloc Time: 0.02544

12

 Query: 12 19940101 19940131
Query Prepare Time: 0.15584
 Query Prepare Time using cpu 0.000150681

Query Optimization Time: 2.0448

d_datekey
sg = 1
h_total: 31 output_estimate: 1048576 sg: 1
Filter Kernel time CPU: 0.193536 Transfer size: 31 sg: 1
Transfer Time: 0.010144 sg: 1
Build Kernel time GPU: 0.020512 Build time 0.329728
h_total: 49676 output_estimate: 457560 sg: 30
Filter Probe Kernel time GPU: 0.144384 Transfer size: 49676 sg: 30
Transfer Time : 0.041984 Aggr Kernel time CPU: 0.876544 sg = 30 non demand time = 1.2585
h_total: 3147770 output_estimate: 6291456 sg: 12
Filter Kernel time CPU: 2.018304 Transfer size: 3147770 sg: 12
Transfer Time : 0.485376 h_total: 624634 output_estimate: 1259108 sg: 12
Filter Probe Kernel time GPU: 0.192608 Transfer size: 624634 sg: 12
Transfer Time : 0.219136 Aggr Kernel time CPU: 0.459712 sg = 12 non demand time = 3.48467
Probe time 3.52749
Merge time 0.002272
Result:
Res count = 0
Query Execution Time: 3.9169
CPU Time: 2.47802
GPU Time: 0.192608
Transfer Time: 0.704512
Malloc Time: 0.019456

21

 Query: 21 1 19981231
Query Prepare Time: 101.912
 Query Prepare Time using cpu 0.101849

Query Optimization Time: 2.59379

s_suppkey
sg = 3
Filter Build Kernel time GPU: 0.041984 p_partkey
sg = 1
Build Kernel time GPU: 60.064510 d_datekey
sg = 1
Build Kernel time GPU: 46.623745 Build time 106.949
h_total: 818984208 output_estimate: 960495616 sg: 14
Probe Kernel time GPU: 112.616447 Transfer size: 818984208 sg: 14
Transfer Time : 506.972321 Group Kernel time CPU: 18405.572266 sg = 14 non demand time = 19025.3
Probe time 19025.4
Merge time 0.506176
Result:
Res count = 0
Query Execution Time: 19134.8
CPU Time: 18405.6
GPU Time: 112.616
Transfer Time: 506.972
Malloc Time: 0.005888

13

 Query: 13 19940204 19940210
Query Prepare Time: 0.198752
 Query Prepare Time using cpu 0.000195265

Query Optimization Time: 2.03981

d_datekey
sg = 3
Filter Build Kernel time GPU: 0.035968 Build time 0.09648
h_total: 152125 output_estimate: 514755 sg: 30
Filter Probe Kernel time GPU: 0.118784 Transfer size: 152125 sg: 30
Transfer Time : 0.080064 Aggr Kernel time CPU: 0.154624 sg = 30 non demand time = 0.452608
Probe time 0.483328
Merge time 0.00224
Result:
Res count = 0
Query Execution Time: 0.64112
CPU Time: 0.154624
GPU Time: 0.118784
Transfer Time: 0.080064
Malloc Time: 0.006144

33

 Query: 33 19920101 19971231
Query Prepare Time: 39.4229
 Query Prepare Time using cpu 0.0394115

Query Optimization Time: 2.49856

s_suppkey
sg = 3
Filter Build Kernel time GPU: 0.034816 d_datekey
sg = 3
Filter Build Kernel time GPU: 0.024640 Build time 0.191456
h_total: 0 output_estimate: 876609536 sg: 14
Probe Kernel time GPU: 20.864000 Transfer size: 0 sg: 14
Transfer Time : 0.007168 Group Kernel time CPU: 0.002048 sg = 14 non demand time = 21.0074
Probe time 21.043
Merge time 0.391424
Result:
Res count = 0
Query Execution Time: 22.1192
CPU Time: 0.002048
GPU Time: 20.864
Transfer Time: 0.007168
Malloc Time: 0.006144

13

 Query: 13 19940204 19940210
Query Prepare Time: 0.097632
 Query Prepare Time using cpu 9.58443e-05

Query Optimization Time: 2.03971

d_datekey
sg = 3
Filter Build Kernel time GPU: 0.023648 Build time 0.062464
h_total: 152125 output_estimate: 514755 sg: 30
Filter Probe Kernel time GPU: 0.107520 Transfer size: 152125 sg: 30
Transfer Time : 0.080896 Aggr Kernel time CPU: 0.188416 sg = 30 non demand time = 0.454752
Probe time 0.487424
Merge time 0.002048
Result:
Res count = 0
Query Execution Time: 0.606144
CPU Time: 0.188416
GPU Time: 0.10752
Transfer Time: 0.080896
Malloc Time: 0.00416

34

 Query: 34 19971201 19971231
Query Prepare Time: 38.9106
 Query Prepare Time using cpu 0.038898

Query Optimization Time: 2.46886

s_suppkey
sg = 3
Filter Build Kernel time GPU: 0.034816 d_datekey
sg = 1
h_total: 31 output_estimate: 1048576 sg: 1
Filter Kernel time CPU: 0.281632 Transfer size: 31 sg: 1
Transfer Time: 0.01024 sg: 1
Build Kernel time GPU: 0.015424 Build time 0.50272
h_total: 0 output_estimate: 14680064 sg: 14
Probe Kernel time GPU: 0.363520 Transfer size: 0 sg: 14
Transfer Time : 0.004096 Group Kernel time CPU: 0.001024 sg = 14 non demand time = 0.454656
Probe time 0.477184
Merge time 0.436224
Result:
Res count = 0
Query Execution Time: 1.89795
CPU Time: 0.281632
GPU Time: 0.36352
Transfer Time: 0.01024
Malloc Time: 0.016384

41

 Query: 41 19920101 19981231
Query Prepare Time: 74.3019
 Query Prepare Time using cpu 0.0742974

Query Optimization Time: 2.62554

s_suppkey
sg = 3
Filter Build Kernel time GPU: 0.027648 p_partkey
sg = 3
Filter Build Kernel time GPU: 31.717377 d_datekey
sg = 1
Build Kernel time GPU: 11.670720 Build time 43.6427
h_total: 3994550 output_estimate: 83886080 sg: 44
Probe Kernel time GPU: 2.712544 Transfer size: 3994550 sg: 44
h_total: 0 output_estimate: 876609536 sg: 60
Probe Kernel time GPU: 26.803200 Transfer size: 0 sg: 60
Transfer Time : 0.001024 Group Kernel time CPU: 0.002048 Transfer Time : 3.314688 sg = 60 non demand time = 29.569
Probe Group Kernel time CPU: 2.317312 sg = 44 non demand time = 34.6347
Probe time 34.7361
Merge time 0.004384
Result:
Res count = 0
Query Execution Time: 78.4638
CPU Time: 2.31731
GPU Time: 31.745
Transfer Time: 3.31469
Malloc Time: 0.037888

32

 Query: 32 19920101 19971231
Query Prepare Time: 40.9155
 Query Prepare Time using cpu 0.0409043

Query Optimization Time: 2.66867

s_suppkey
sg = 3
Filter Build Kernel time GPU: 0.045024 d_datekey
sg = 3
Filter Build Kernel time GPU: 0.025632 Build time 0.207712
h_total: 0 output_estimate: 876609536 sg: 14
Probe Kernel time GPU: 21.144672 Transfer size: 0 sg: 14
Transfer Time : 0.007072 Group Kernel time CPU: 0.002048 sg = 14 non demand time = 21.2849
Probe time 21.3187
Merge time 0.528704
Result:
Res count = 0
Query Execution Time: 22.5509
CPU Time: 0.002048
GPU Time: 21.1447
Transfer Time: 0.007072
Malloc Time: 0.005888

33

 Query: 33 19920101 19971231
Query Prepare Time: 39.6573
 Query Prepare Time using cpu 0.0396457

Query Optimization Time: 2.55283

s_suppkey
sg = 3
Filter Build Kernel time GPU: 0.032768 d_datekey
sg = 3
Filter Build Kernel time GPU: 0.024576 Build time 0.170848
h_total: 0 output_estimate: 876609536 sg: 14
Probe Kernel time GPU: 20.773888 Transfer size: 0 sg: 14
Transfer Time : 0.007168 Group Kernel time CPU: 0.002080 sg = 14 non demand time = 20.8855
Probe time 20.9193
Merge time 0.457696
Result:
Res count = 0
Query Execution Time: 22.0356
CPU Time: 0.00208
GPU Time: 20.7739
Transfer Time: 0.007168
Malloc Time: 0.004224

11

 Query: 11 19930101 19931231
Query Prepare Time: 0.156704
 Query Prepare Time using cpu 0.000154734

Query Optimization Time: 1.97101

d_datekey
sg = 3
Filter Build Kernel time GPU: 0.036928 Build time 0.100352
h_total: 291981 output_estimate: 1286888 sg: 30
Filter Probe Kernel time GPU: 0.356192 Transfer size: 291981 sg: 30
Transfer Time : 0.121856 Aggr Kernel time CPU: 3.572736 sg = 30 non demand time = 4.352
h_total: 68960179 output_estimate: 107741184 sg: 22
Filter Kernel time CPU: 20.645887 Transfer size: 68960179 sg: 22
Transfer Time : 10.331200 h_total: 18773093 output_estimate: 28210980 sg: 22
Filter Probe Kernel time GPU: 2.311040 Transfer size: 18773093 sg: 22
Transfer Time : 5.834752 Aggr Kernel time CPU: 5.957632 sg = 22 non demand time = 45.2321
Probe time 45.3161
Merge time 0.00448
Result:
Res count = 0
Query Execution Time: 45.4909
CPU Time: 26.6035
GPU Time: 2.31104
Transfer Time: 16.166
Malloc Time: 0.009216

21

 Query: 21 1 19981231
Query Prepare Time: 90.3918
 Query Prepare Time using cpu 0.0903287

Query Optimization Time: 2.49446

s_suppkey
sg = 3
Filter Build Kernel time GPU: 0.040064 p_partkey
sg = 1
Build Kernel time GPU: 60.080128 d_datekey
sg = 1
Build Kernel time GPU: 46.621696 Build time 106.996
h_total: 818985092 output_estimate: 960495616 sg: 14
Probe Kernel time GPU: 112.433151 Transfer size: 818985092 sg: 14
Transfer Time : 507.033813 Group Kernel time CPU: 18360.302734 sg = 14 non demand time = 18979.9
Probe time 18980.1
Merge time 0.510336
Result:
Res count = 0
Query Execution Time: 19089.5
CPU Time: 18360.3
GPU Time: 112.433
Transfer Time: 507.034
Malloc Time: 0.003296

33

 Query: 33 19920101 19971231
Query Prepare Time: 39.3174
 Query Prepare Time using cpu 0.0393043

Query Optimization Time: 2.57434

s_suppkey
sg = 3
Filter Build Kernel time GPU: 0.037984 d_datekey
sg = 3
Filter Build Kernel time GPU: 0.026624 Build time 0.2048
h_total: 0 output_estimate: 876609536 sg: 14
Probe Kernel time GPU: 20.790272 Transfer size: 0 sg: 14
Transfer Time : 0.007168 Group Kernel time CPU: 0.001024 sg = 14 non demand time = 20.9347
Probe time 20.9745
Merge time 0.394272
Result:
Res count = 0
Query Execution Time: 22.0737
CPU Time: 0.001024
GPU Time: 20.7903
Transfer Time: 0.007168
Malloc Time: 0.005984

22

 Query: 22 1 19981231
Query Prepare Time: 97.3735
 Query Prepare Time using cpu 0.0973079

Query Optimization Time: 2.59482

s_suppkey
sg = 3
Filter Build Kernel time GPU: 0.038912 d_datekey
sg = 1
Build Kernel time GPU: 95.557632 Build time 95.7503
h_total: 0 output_estimate: 960495616 sg: 14
Probe Kernel time GPU: 62.052383 Transfer size: 0 sg: 14
Transfer Time : 0.007168 Group Kernel time CPU: 0.001984 sg = 14 non demand time = 62.1978
Probe time 62.2356
Merge time 0.644608
Result:
Res count = 0
Query Execution Time: 160.67
CPU Time: 0.001984
GPU Time: 95.5576
Transfer Time: 0.007168
Malloc Time: 0.005056

41

 Query: 41 19920101 19981231
Query Prepare Time: 74.6714
 Query Prepare Time using cpu 0.0746682

Query Optimization Time: 2.67674

s_suppkey
sg = 3
Filter Build Kernel time GPU: 0.040928 p_partkey
sg = 3
Filter Build Kernel time GPU: 31.730495 d_datekey
sg = 1
Build Kernel time GPU: 11.099136 Build time 43.1215
h_total: 3994550 output_estimate: 83886080 sg: 44
Probe Kernel time GPU: 2.632704 Transfer size: 3994550 sg: 44
h_total: 0 output_estimate: 876609536 sg: 60
Probe Kernel time GPU: 26.128384 Transfer size: 0 sg: 60
Transfer Time : 0.001024 Group Kernel time CPU: 0.001024 Transfer Time : 3.301536 sg = 60 non demand time = 28.8429
Probe Group Kernel time CPU: 1.770496 sg = 44 non demand time = 33.2748
Probe time 33.371
Merge time 0.004416
Result:
Res count = 0
Query Execution Time: 76.5703
CPU Time: 1.7705
GPU Time: 31.7714
Transfer Time: 3.30154
Malloc Time: 0.007168

43

 Query: 43 19970101 19981231
Query Prepare Time: 78.4804
 Query Prepare Time using cpu 0.0784242

Query Optimization Time: 2.56118

s_suppkey
sg = 3
Filter Build Kernel time GPU: 0.041216 d_datekey
sg = 3
Filter Build Kernel time GPU: 0.022528 Build time 0.188416
h_total: 0 output_estimate: 83886080 sg: 44
Probe Kernel time GPU: 1.926144 Transfer size: 0 sg: 44
Transfer Time : 0.001824 Probe Group Kernel time CPU: 0.038944 sg = 44 non demand time = 5.64941
h_total: 0 output_estimate: 147849216 sg: 60
Probe Kernel time GPU: 3.662848 Transfer size: 0 sg: 60
Transfer Time : 0.015136 Group Kernel time CPU: 0.002048 sg = 60 non demand time = 3.87994
Probe time 5.90438
Merge time 0.924992
Result:
Res count = 0
Query Execution Time: 8.78563
CPU Time: 0.038944
GPU Time: 3.66285
Transfer Time: 0.015136
Malloc Time: 0.00832

33

 Query: 33 19920101 19971231
Query Prepare Time: 39.9496
 Query Prepare Time using cpu 0.039937

Query Optimization Time: 2.53318

s_suppkey
sg = 3
Filter Build Kernel time GPU: 0.026624 d_datekey
sg = 3
Filter Build Kernel time GPU: 0.021504 Build time 0.140128
h_total: 0 output_estimate: 876609536 sg: 14
Probe Kernel time GPU: 19.828735 Transfer size: 0 sg: 14
Transfer Time : 0.007168 Group Kernel time CPU: 0.001024 sg = 14 non demand time = 19.9608
Probe time 19.9967
Merge time 0.510304
Result:
Res count = 0
Query Execution Time: 21.1316
CPU Time: 0.001024
GPU Time: 19.8287
Transfer Time: 0.007168
Malloc Time: 0.006144

12

 Query: 12 19940101 19940131
Query Prepare Time: 0.143104
 Query Prepare Time using cpu 0.000138998

Query Optimization Time: 1.9937

d_datekey
sg = 1
h_total: 31 output_estimate: 1048576 sg: 1
Filter Kernel time CPU: 0.314368 Transfer size: 31 sg: 1
Transfer Time: 0.009408 sg: 1
Build Kernel time GPU: 0.017408 Build time 0.435136
h_total: 49676 output_estimate: 457560 sg: 30
Filter Probe Kernel time GPU: 0.277504 Transfer size: 49676 sg: 30
Transfer Time : 0.043008 Aggr Kernel time CPU: 0.472064 sg = 30 non demand time = 1.0455
h_total: 3147770 output_estimate: 6291456 sg: 12
Filter Kernel time CPU: 1.850368 Transfer size: 3147770 sg: 12
Transfer Time : 0.486400 h_total: 624634 output_estimate: 1259108 sg: 12
Filter Probe Kernel time GPU: 0.188416 Transfer size: 624634 sg: 12
Transfer Time : 0.223232 Aggr Kernel time CPU: 0.478208 sg = 12 non demand time = 3.33696
Probe time 3.37814
Merge time 0.002464
Result:
Res count = 0
Query Execution Time: 3.86845
CPU Time: 2.32858
GPU Time: 0.277504
Transfer Time: 0.709632
Malloc Time: 0.016384

21

 Query: 21 1 19981231
Query Prepare Time: 99.1723
 Query Prepare Time using cpu 0.0991085

Query Optimization Time: 2.51002

s_suppkey
sg = 3
Filter Build Kernel time GPU: 0.031616 p_partkey
sg = 1
Build Kernel time GPU: 60.093376 d_datekey
sg = 1
Build Kernel time GPU: 46.620480 Build time 106.96
h_total: 818470981 output_estimate: 960495616 sg: 14
Probe Kernel time GPU: 112.406525 Transfer size: 818470981 sg: 14
Transfer Time : 506.729706 Group Kernel time CPU: 18371.753906 sg = 14 non demand time = 18991.1
Probe time 18991.2
Merge time 0.511168
Result:
Res count = 0
Query Execution Time: 19100.6
CPU Time: 18371.8
GPU Time: 112.407
Transfer Time: 506.73
Malloc Time: 0.004192

22

 Query: 22 1 19981231
Query Prepare Time: 99.0951
 Query Prepare Time using cpu 0.0990291

Query Optimization Time: 2.67469

s_suppkey
sg = 3
Filter Build Kernel time GPU: 0.040960 d_datekey
sg = 1
Build Kernel time GPU: 95.550461 Build time 95.7575
h_total: 0 output_estimate: 960495616 sg: 14
Probe Kernel time GPU: 62.047424 Transfer size: 0 sg: 14
Transfer Time : 0.007168 Group Kernel time CPU: 0.001024 sg = 14 non demand time = 62.2255
Probe time 62.2818
Merge time 0.57872
Result:
Res count = 0
Query Execution Time: 160.673
CPU Time: 0.001024
GPU Time: 95.5505
Transfer Time: 0.007168
Malloc Time: 0.013344

13

 Query: 13 19940204 19940210
Query Prepare Time: 0.118304
 Query Prepare Time using cpu 0.000114918

Query Optimization Time: 2.08077

d_datekey
sg = 3
Filter Build Kernel time GPU: 0.036864 Build time 0.09632
h_total: 152125 output_estimate: 514755 sg: 30
Filter Probe Kernel time GPU: 0.111520 Transfer size: 152125 sg: 30
Transfer Time : 0.076800 Aggr Kernel time CPU: 0.167904 sg = 30 non demand time = 0.446464
Probe time 0.481216
Merge time 0.001984
Result:
Res count = 0
Query Execution Time: 0.637824
CPU Time: 0.167904
GPU Time: 0.11152
Transfer Time: 0.0768
Malloc Time: 0.004032

22

 Query: 22 1 19981231
Query Prepare Time: 98.0086
 Query Prepare Time using cpu 0.097945

Query Optimization Time: 2.61741

s_suppkey
sg = 3
Filter Build Kernel time GPU: 0.038912 d_datekey
sg = 1
Build Kernel time GPU: 95.565826 Build time 95.7745
h_total: 0 output_estimate: 960495616 sg: 14
Probe Kernel time GPU: 61.423454 Transfer size: 0 sg: 14
Transfer Time : 0.008192 Group Kernel time CPU: 0.002048 sg = 14 non demand time = 61.6008
Probe time 61.654
Merge time 0.638848
Result:
Res count = 0
Query Execution Time: 160.119
CPU Time: 0.002048
GPU Time: 95.5658
Transfer Time: 0.008192
Malloc Time: 0.006048

33

 Query: 33 19920101 19971231
Query Prepare Time: 39.6596
 Query Prepare Time using cpu 0.0396459

Query Optimization Time: 2.66445

s_suppkey
sg = 3
Filter Build Kernel time GPU: 0.035872 d_datekey
sg = 3
Filter Build Kernel time GPU: 0.024736 Build time 0.195584
h_total: 0 output_estimate: 876609536 sg: 14
Probe Kernel time GPU: 19.829760 Transfer size: 0 sg: 14
Transfer Time : 0.007168 Group Kernel time CPU: 0.002048 sg = 14 non demand time = 19.9679
Probe time 20.0008
Merge time 0.40016
Result:
Res count = 0
Query Execution Time: 21.0857
CPU Time: 0.002048
GPU Time: 19.8298
Transfer Time: 0.007168
Malloc Time: 0.005952

33

 Query: 33 19920101 19971231
Query Prepare Time: 39.1583
 Query Prepare Time using cpu 0.0391436

Query Optimization Time: 2.56

s_suppkey
sg = 3
Filter Build Kernel time GPU: 0.026624 d_datekey
sg = 3
Filter Build Kernel time GPU: 0.021312 Build time 0.1392
h_total: 0 output_estimate: 876609536 sg: 14
Probe Kernel time GPU: 19.820415 Transfer size: 0 sg: 14
Transfer Time : 0.007168 Group Kernel time CPU: 0.002048 sg = 14 non demand time = 19.9404
Probe time 19.9721
Merge time 0.394912
Result:
Res count = 0
Query Execution Time: 20.9908
CPU Time: 0.002048
GPU Time: 19.8204
Transfer Time: 0.007168
Malloc Time: 0.006144

43

 Query: 43 19970101 19981231
Query Prepare Time: 76.9154
 Query Prepare Time using cpu 0.0768602

Query Optimization Time: 2.61325

s_suppkey
sg = 3
Filter Build Kernel time GPU: 0.040960 d_datekey
sg = 3
Filter Build Kernel time GPU: 0.026624 Build time 0.210944
h_total: 0 output_estimate: 83886080 sg: 44
Probe Kernel time GPU: 1.928032 Transfer size: 0 sg: 44
Transfer Time : 0.002048 Probe Group Kernel time CPU: 0.041824 sg = 44 non demand time = 5.69549
h_total: 0 output_estimate: 147849216 sg: 60
Probe Kernel time GPU: 3.691520 Transfer size: 0 sg: 60
Transfer Time : 0.016320 Group Kernel time CPU: 0.005120 sg = 60 non demand time = 3.91578
Probe time 5.95059
Merge time 0.941472
Result:
Res count = 0
Query Execution Time: 8.88966
CPU Time: 0.041824
GPU Time: 3.69152
Transfer Time: 0.01632
Malloc Time: 0.038944

33

 Query: 33 19920101 19971231
Query Prepare Time: 39.6027
 Query Prepare Time using cpu 0.0395889

Query Optimization Time: 2.56

s_suppkey
sg = 3
Filter Build Kernel time GPU: 0.028672 d_datekey
sg = 3
Filter Build Kernel time GPU: 0.021504 Build time 0.141312
h_total: 0 output_estimate: 876609536 sg: 14
Probe Kernel time GPU: 19.826689 Transfer size: 0 sg: 14
Transfer Time : 0.007040 Group Kernel time CPU: 0.002048 sg = 14 non demand time = 19.9475
Probe time 19.9782
Merge time 0.527488
Result:
Res count = 0
Query Execution Time: 21.1287
CPU Time: 0.002048
GPU Time: 19.8267
Transfer Time: 0.00704
Malloc Time: 0.007168

11

 Query: 11 19930101 19931231
Query Prepare Time: 0.09808
 Query Prepare Time using cpu 9.53674e-05

Query Optimization Time: 2.08486

d_datekey
sg = 3
Filter Build Kernel time GPU: 0.027648 Build time 0.069632
h_total: 291981 output_estimate: 1286888 sg: 30
Filter Probe Kernel time GPU: 0.350208 Transfer size: 291981 sg: 30
Transfer Time : 0.118592 Aggr Kernel time CPU: 1.599488 sg = 30 non demand time = 2.34598
h_total: 68960179 output_estimate: 107741184 sg: 22
Filter Kernel time CPU: 18.921473 Transfer size: 68960179 sg: 22
Transfer Time : 10.333184 h_total: 18773093 output_estimate: 28210980 sg: 22
Filter Probe Kernel time GPU: 2.319360 Transfer size: 18773093 sg: 22
Transfer Time : 5.833728 Aggr Kernel time CPU: 5.774432 sg = 22 non demand time = 43.3254
Probe time 43.4125
Merge time 0.003456
Result:
Res count = 0
Query Execution Time: 43.5516
CPU Time: 24.6959
GPU Time: 2.31936
Transfer Time: 16.1669
Malloc Time: 0.007264

33

 Query: 33 19920101 19971231
Query Prepare Time: 37.291
 Query Prepare Time using cpu 0.0372775

Query Optimization Time: 2.66534

s_suppkey
sg = 3
Filter Build Kernel time GPU: 0.036928 d_datekey
sg = 3
Filter Build Kernel time GPU: 0.025664 Build time 0.192512
h_total: 0 output_estimate: 876609536 sg: 14
Probe Kernel time GPU: 19.823616 Transfer size: 0 sg: 14
Transfer Time : 0.007040 Group Kernel time CPU: 0.002048 sg = 14 non demand time = 19.9404
Probe time 19.9699
Merge time 0.396128
Result:
Res count = 0
Query Execution Time: 21.0478
CPU Time: 0.002048
GPU Time: 19.8236
Transfer Time: 0.00704
Malloc Time: 0.00512

42

 Query: 42 19970101 19981231
Query Prepare Time: 73.5986
 Query Prepare Time using cpu 0.0735946

Query Optimization Time: 2.62963

s_suppkey
sg = 3
Filter Build Kernel time GPU: 0.028544 p_partkey
sg = 3
Filter Build Kernel time GPU: 31.721472 d_datekey
sg = 3
Filter Build Kernel time GPU: 0.040704 Build time 31.9816
h_total: 3994550 output_estimate: 83886080 sg: 44
Probe Kernel time GPU: 2.617472 Transfer size: 3994550 sg: 44
Transfer Time : 3.645280 h_total: 0 output_estimate: 147849216 sg: 60
Probe Kernel time GPU: 3.677184 Transfer size: 0 sg: 60
Transfer Time : 0.009216 Group Kernel time CPU: 0.002048 sg = 60 non demand time = 3.94342
Probe Group Kernel time CPU: 2.424832 sg = 44 non demand time = 8.84224
Probe time 8.91494
Merge time 0.020672
Result:
Res count = 0
Query Execution Time: 40.9974
CPU Time: 2.42483
GPU Time: 31.7907
Transfer Time: 3.64528
Malloc Time: 0.032736

41

 Query: 41 19920101 19981231
Query Prepare Time: 76.5444
 Query Prepare Time using cpu 0.0765388

Query Optimization Time: 2.76166

s_suppkey
sg = 3
Filter Build Kernel time GPU: 0.036768 p_partkey
sg = 3
Filter Build Kernel time GPU: 31.714399 d_datekey
sg = 1
Build Kernel time GPU: 11.077408 Build time 43.0266
h_total: 3994550 output_estimate: 83886080 sg: 44
Probe Kernel time GPU: 2.610112 Transfer size: 3994550 sg: 44
h_total: 0 output_estimate: 876609536 sg: 60
Probe Kernel time GPU: 26.212255 Transfer size: 0 sg: 60
Transfer Time : 0.001024 Group Kernel time CPU: 0.001024 Transfer Time : 3.293184 sg = 60 non demand time = 28.9393
Probe Group Kernel time CPU: 2.158592 sg = 44 non demand time = 33.7521
Probe time 33.8412
Merge time 0.006144
Result:
Res count = 0
Query Execution Time: 76.9448
CPU Time: 2.15859
GPU Time: 31.7512
Transfer Time: 3.29318
Malloc Time: 0.033792

23

 Query: 23 1 19981231
Query Prepare Time: 101.416
 Query Prepare Time using cpu 0.10135

Query Optimization Time: 2.59264

s_suppkey
sg = 3
Filter Build Kernel time GPU: 0.039936 d_datekey
sg = 1
Build Kernel time GPU: 95.600830 Build time 95.8075
h_total: 0 output_estimate: 960495616 sg: 14
Probe Kernel time GPU: 26.876928 Transfer size: 0 sg: 14
Transfer Time : 0.007168 Group Kernel time CPU: 0.001024 sg = 14 non demand time = 27.0223
Probe time 27.0705
Merge time 0.703456
Result:
Res count = 0
Query Execution Time: 125.632
CPU Time: 0.001024
GPU Time: 95.6008
Transfer Time: 0.007168
Malloc Time: 0.004896

42

 Query: 42 19970101 19981231
Query Prepare Time: 73.8189
 Query Prepare Time using cpu 0.0738144

Query Optimization Time: 2.66138

s_suppkey
sg = 3
Filter Build Kernel time GPU: 0.037888 p_partkey
sg = 3
Filter Build Kernel time GPU: 31.733761 d_datekey
sg = 3
Filter Build Kernel time GPU: 0.028928 Build time 32.0196
h_total: 3994550 output_estimate: 83886080 sg: 44
Probe Kernel time GPU: 2.604096 Transfer size: 3994550 sg: 44
h_total: 0 output_estimate: 147849216 sg: 60
Probe Kernel time GPU: 4.250720 Transfer size: 0 sg: 60
Transfer Time : 0.001024 Group Kernel time CPU: 0.001024 Transfer Time : 3.287040 sg = 60 non demand time = 6.97651
Probe Group Kernel time CPU: 2.494464 sg = 44 non demand time = 12.1201
Probe time 12.1825
Merge time 0.024288
Result:
Res count = 0
Query Execution Time: 44.2945
CPU Time: 2.49446
GPU Time: 31.8006
Transfer Time: 3.28704
Malloc Time: 0.024576

11

 Query: 11 19930101 19931231
Query Prepare Time: 0.100544
 Query Prepare Time using cpu 9.799e-05

Query Optimization Time: 2.14717

d_datekey
sg = 3
Filter Build Kernel time GPU: 0.028672 Build time 0.071712
h_total: 291981 output_estimate: 1286888 sg: 30
Filter Probe Kernel time GPU: 0.344064 Transfer size: 291981 sg: 30
Transfer Time : 0.114688 Aggr Kernel time CPU: 3.090304 sg = 30 non demand time = 3.73862
h_total: 68960179 output_estimate: 107741184 sg: 22
Filter Kernel time CPU: 19.346432 Transfer size: 68960179 sg: 22
Transfer Time : 10.328896 h_total: 18773093 output_estimate: 28210980 sg: 22
Filter Probe Kernel time GPU: 2.314112 Transfer size: 18773093 sg: 22
Transfer Time : 5.832704 Aggr Kernel time CPU: 5.829472 sg = 22 non demand time = 43.8037
Probe time 43.8845
Merge time 0.004992
Result:
Res count = 0
Query Execution Time: 44.0196
CPU Time: 25.1759
GPU Time: 2.31411
Transfer Time: 16.1616
Malloc Time: 0.009216

41

 Query: 41 19920101 19981231
Query Prepare Time: 74.2971
 Query Prepare Time using cpu 0.0742924

Query Optimization Time: 2.68698

s_suppkey
sg = 3
Filter Build Kernel time GPU: 0.027648 p_partkey
sg = 3
Filter Build Kernel time GPU: 31.709185 d_datekey
sg = 1
Build Kernel time GPU: 11.076608 Build time 43.0244
h_total: 3994550 output_estimate: 83886080 sg: 44
Probe Kernel time GPU: 2.610176 Transfer size: 3994550 sg: 44
h_total: 0 output_estimate: 876609536 sg: 60
Probe Kernel time GPU: 26.489824 Transfer size: 0 sg: 60
Transfer Time : 0.001824 Group Kernel time CPU: 0.001024 Transfer Time : 3.282944 sg = 60 non demand time = 29.1789
Probe Group Kernel time CPU: 2.183168 sg = 44 non demand time = 34.0164
Probe time 34.0851
Merge time 0.005856
Result:
Res count = 0
Query Execution Time: 77.1896
CPU Time: 2.18317
GPU Time: 31.7368
Transfer Time: 3.28294
Malloc Time: 0.0056

13

 Query: 13 19940204 19940210
Query Prepare Time: 0.152736
 Query Prepare Time using cpu 0.000149727

Query Optimization Time: 2.10125

d_datekey
sg = 3
Filter Build Kernel time GPU: 0.035840 Build time 0.094176
h_total: 152125 output_estimate: 514755 sg: 30
Filter Probe Kernel time GPU: 0.133120 Transfer size: 152125 sg: 30
Transfer Time : 0.068608 Aggr Kernel time CPU: 0.434272 sg = 30 non demand time = 0.73296
Probe time 0.765952
Merge time 0.001984
Result:
Res count = 0
Query Execution Time: 0.917728
CPU Time: 0.434272
GPU Time: 0.13312
Transfer Time: 0.068608
Malloc Time: 0.006016

42

 Query: 42 19970101 19981231
Query Prepare Time: 76.8222
 Query Prepare Time using cpu 0.076818

Query Optimization Time: 2.63987

s_suppkey
sg = 3
Filter Build Kernel time GPU: 0.037952 p_partkey
sg = 3
Filter Build Kernel time GPU: 31.713057 d_datekey
sg = 3
Filter Build Kernel time GPU: 0.036928 Build time 32.0152
h_total: 3994550 output_estimate: 83886080 sg: 44
Probe Kernel time GPU: 2.608128 Transfer size: 3994550 sg: 44
h_total: 0 output_estimate: 147849216 sg: 60
Probe Kernel time GPU: 4.249568 Transfer size: 0 sg: 60
Transfer Time : 0.001024 Group Kernel time CPU: 0.001024 Transfer Time : 3.286112 sg = 60 non demand time = 6.96218
Probe Group Kernel time CPU: 2.625536 sg = 44 non demand time = 12.2339
Probe time 12.3116
Merge time 0.019168
Result:
Res count = 0
Query Execution Time: 44.4208
CPU Time: 2.62554
GPU Time: 31.7879
Transfer Time: 3.28611
Malloc Time: 0.007168

43

 Query: 43 19970101 19981231
Query Prepare Time: 78.9014
 Query Prepare Time using cpu 0.0788453

Query Optimization Time: 2.608

s_suppkey
sg = 3
Filter Build Kernel time GPU: 0.039936 d_datekey
sg = 3
Filter Build Kernel time GPU: 0.025600 Build time 0.207872
h_total: 0 output_estimate: 83886080 sg: 44
Probe Kernel time GPU: 1.925120 Transfer size: 0 sg: 44
Transfer Time : 0.002048 h_total: 0 output_estimate: 147849216 sg: 60Probe Group Kernel time CPU: 0.002048 
Probe Kernel time GPU: 3.641344 sg = 44 non demand time = 5.66682
Transfer size: 0 sg: 60
Transfer Time : 0.016384 Group Kernel time CPU: 0.005120 sg = 60 non demand time = 3.92909
Probe time 5.95357
Merge time 0.940544
Result:
Res count = 0
Query Execution Time: 8.88368
CPU Time: 0.00512
GPU Time: 3.64134
Transfer Time: 0.016384
Malloc Time: 0.016224

12

 Query: 12 19940101 19940131
Query Prepare Time: 0.181312
 Query Prepare Time using cpu 0.000179052

Query Optimization Time: 1.95085

d_datekey
sg = 1
h_total: 31 output_estimate: 1048576 sg: 1
Filter Kernel time CPU: 0.196832 Transfer size: 31 sg: 1
Transfer Time: 0.01024 sg: 1
Build Kernel time GPU: 0.017536 Build time 0.31744
h_total: 49676 output_estimate: 457560 sg: 30
Filter Probe Kernel time GPU: 0.159616 Transfer size: 49676 sg: 30
Transfer Time : 0.047104 Aggr Kernel time CPU: 0.479232 sg = 30 non demand time = 0.88576
h_total: 3147770 output_estimate: 6291456 sg: 12
Filter Kernel time CPU: 1.824768 Transfer size: 3147770 sg: 12
Transfer Time : 0.486400 h_total: 624634 output_estimate: 1259108 sg: 12
Filter Probe Kernel time GPU: 0.194560 Transfer size: 624634 sg: 12
Transfer Time : 0.294016 Aggr Kernel time CPU: 0.748608 sg = 12 non demand time = 3.6608
Probe time 3.69766
Merge time 0.001632
Result:
Res count = 0
Query Execution Time: 4.06867
CPU Time: 2.57338
GPU Time: 0.19456
Transfer Time: 0.780416
Malloc Time: 0.014336

33

 Query: 33 19920101 19971231
Query Prepare Time: 35.0957
 Query Prepare Time using cpu 0.0350835

Query Optimization Time: 2.59789

s_suppkey
sg = 3
Filter Build Kernel time GPU: 0.027552 d_datekey
sg = 3
Filter Build Kernel time GPU: 0.021504 Build time 0.145408
h_total: 0 output_estimate: 876609536 sg: 14
Probe Kernel time GPU: 19.831776 Transfer size: 0 sg: 14
Transfer Time : 0.005248 Group Kernel time CPU: 0.001024 sg = 14 non demand time = 19.969
Probe time 20.0028
Merge time 0.455552
Result:
Res count = 0
Query Execution Time: 21.0931
CPU Time: 0.001024
GPU Time: 19.8318
Transfer Time: 0.005248
Malloc Time: 0.004096

31

 Query: 31 19920101 19971231
Query Prepare Time: 37.3771
 Query Prepare Time using cpu 0.0373743

Query Optimization Time: 2.60496

s_suppkey
sg = 3
Filter Build Kernel time GPU: 0.036768 d_datekey
sg = 3
Filter Build Kernel time GPU: 0.022528 Build time 0.182272
h_total: 0 output_estimate: 876609536 sg: 14
Probe Kernel time GPU: 34.925407 Transfer size: 0 sg: 14
Transfer Time : 0.004096 Group Kernel time CPU: 0.002048 sg = 14 non demand time = 35.0536
Probe time 35.0811
Merge time 0.035584
Result:
Res count = 0
Query Execution Time: 35.3638
CPU Time: 0.002048
GPU Time: 34.9254
Transfer Time: 0.004096
Malloc Time: 0.003104

34

 Query: 34 19971201 19971231
Query Prepare Time: 29.9112
 Query Prepare Time using cpu 0.0298994

Query Optimization Time: 2.36221

s_suppkey
sg = 3
Filter Build Kernel time GPU: 0.027808 d_datekey
sg = 1
h_total: 31 output_estimate: 1048576 sg: 1
Filter Kernel time CPU: 0.363424 Transfer size: 31 sg: 1
Transfer Time: 0.01024 sg: 1
Build Kernel time GPU: 0.013312 Build time 0.553984
h_total: 0 output_estimate: 14680064 sg: 14
Probe Kernel time GPU: 0.348160 Transfer size: 0 sg: 14
Transfer Time : 0.003264 Group Kernel time CPU: 0.001952 sg = 14 non demand time = 0.446464
Probe time 0.47712
Merge time 0.472704
Result:
Res count = 0
Query Execution Time: 1.98624
CPU Time: 0.363424
GPU Time: 0.34816
Transfer Time: 0.01024
Malloc Time: 0.013088

41

 Query: 41 19920101 19981231
Query Prepare Time: 74.0259
 Query Prepare Time using cpu 0.0740221

Query Optimization Time: 2.74842

s_suppkey
sg = 3
Filter Build Kernel time GPU: 0.041984 p_partkey
sg = 3
Filter Build Kernel time GPU: 31.716352 d_datekey
sg = 1
Build Kernel time GPU: 11.082752 Build time 43.0551
h_total: 3994550 output_estimate: 83886080 sg: 44
Probe Kernel time GPU: 2.607104 Transfer size: 3994550 sg: 44
Transfer Time : 26.083328 h_total: 0 output_estimate: 876609536 sg: 60
Probe Kernel time GPU: 25.519104 Transfer size: 0 sg: 60
Transfer Time : 0.014336 Group Kernel time CPU: 0.002048 sg = 60 non demand time = 26.4387
Probe Group Kernel time CPU: 2.314240 sg = 44 non demand time = 31.1972
Probe time 31.2801
Merge time 0.005152
Result:
Res count = 0
Query Execution Time: 74.4326
CPU Time: 2.31424
GPU Time: 31.7583
Transfer Time: 26.0833
Malloc Time: 0.034944

42

 Query: 42 19970101 19981231
Query Prepare Time: 76.0274
 Query Prepare Time using cpu 0.0760243

Query Optimization Time: 2.58458

s_suppkey
sg = 3
Filter Build Kernel time GPU: 0.028672 p_partkey
sg = 3
Filter Build Kernel time GPU: 31.714176 d_datekey
sg = 3
Filter Build Kernel time GPU: 0.034912 Build time 31.9652
h_total: 3994550 output_estimate: 83886080 sg: 44
Probe Kernel time GPU: 2.612288 Transfer size: 3994550 sg: 44
h_total: 0 output_estimate: 147849216 sg: 60
Probe Kernel time GPU: 4.934656 Transfer size: 0 sg: 60
Transfer Time : 0.001024 Transfer Time : 3.266560 Group Kernel time CPU: 0.002048 sg = 60 non demand time = 7.04819
Probe Group Kernel time CPU: 2.484224 sg = 44 non demand time = 12.1242
Probe time 12.1928
Merge time 0.01648
Result:
Res count = 0
Query Execution Time: 44.2431
CPU Time: 2.48422
GPU Time: 31.7778
Transfer Time: 3.26656
Malloc Time: 0.039744

22

 Query: 22 1 19981231
Query Prepare Time: 100.737
 Query Prepare Time using cpu 0.100674

Query Optimization Time: 2.66854

s_suppkey
sg = 3
Filter Build Kernel time GPU: 0.039936 d_datekey
sg = 1
Build Kernel time GPU: 95.565826 Build time 95.7859
h_total: 0 output_estimate: 960495616 sg: 14
Probe Kernel time GPU: 61.421570 Transfer size: 0 sg: 14
Transfer Time : 0.006144 Group Kernel time CPU: 0.002912 sg = 14 non demand time = 61.6142
Probe time 61.6909
Merge time 0.739552
Result:
Res count = 0
Query Execution Time: 160.264
CPU Time: 0.002912
GPU Time: 95.5658
Transfer Time: 0.006144
Malloc Time: 0.006944

12

 Query: 12 19940101 19940131
Query Prepare Time: 0.136832
 Query Prepare Time using cpu 0.000133276

Query Optimization Time: 2.15347

d_datekey
sg = 1
h_total: 31 output_estimate: 1048576 sg: 1
Filter Kernel time CPU: 0.192512 Transfer size: 31 sg: 1
Transfer Time: 0.009216 sg: 1
Build Kernel time GPU: 0.018432 Build time 0.308352
h_total: 49676 output_estimate: 457560 sg: 30
Filter Probe Kernel time GPU: 0.151392 Transfer size: 49676 sg: 30
Transfer Time : 0.045856 Aggr Kernel time CPU: 0.631808 sg = 30 non demand time = 1.06086
h_total: 3147770 output_estimate: 6291456 sg: 12
Filter Kernel time CPU: 1.826880 Transfer size: 3147770 sg: 12
Transfer Time : 0.486400 h_total: 624634 output_estimate: 1259108 sg: 12
Filter Probe Kernel time GPU: 0.196608 Transfer size: 624634 sg: 12
Transfer Time : 0.286720 Aggr Kernel time CPU: 0.756736 sg = 12 non demand time = 3.69971
Probe time 3.7376
Merge time 0.002464
Result:
Res count = 0
Query Execution Time: 4.11011
CPU Time: 2.58362
GPU Time: 0.196608
Transfer Time: 0.77312
Malloc Time: 0.025824

33

 Query: 33 19920101 19971231
Query Prepare Time: 34.2512
 Query Prepare Time using cpu 0.0342383

Query Optimization Time: 2.51187

s_suppkey
sg = 3
Filter Build Kernel time GPU: 0.034816 d_datekey
sg = 3
Filter Build Kernel time GPU: 0.026464 Build time 0.206848
h_total: 0 output_estimate: 876609536 sg: 14
Probe Kernel time GPU: 19.829760 Transfer size: 0 sg: 14
Transfer Time : 0.006304 Group Kernel time CPU: 0.001024 sg = 14 non demand time = 19.9537
Probe time 19.9855
Merge time 0.508448
Result:
Res count = 0
Query Execution Time: 21.1913
CPU Time: 0.001024
GPU Time: 19.8298
Transfer Time: 0.006304
Malloc Time: 0.005984

23

 Query: 23 1 19981231
Query Prepare Time: 98.9932
 Query Prepare Time using cpu 0.0989277

Query Optimization Time: 2.64496

s_suppkey
sg = 3
Filter Build Kernel time GPU: 0.040960 d_datekey
sg = 1
Build Kernel time GPU: 95.589378 Build time 95.8403
h_total: 0 output_estimate: 960495616 sg: 14
Probe Kernel time GPU: 26.897472 Transfer size: 0 sg: 14
Transfer Time : 0.011264 Group Kernel time CPU: 0.003904 sg = 14 non demand time = 27.1043
Probe time 27.1731
Merge time 0.769408
Result:
Res count = 0
Query Execution Time: 125.846
CPU Time: 0.003904
GPU Time: 95.5894
Transfer Time: 0.011264
Malloc Time: 0.005696

42

 Query: 42 19970101 19981231
Query Prepare Time: 74.0927
 Query Prepare Time using cpu 0.0740869

Query Optimization Time: 2.65011

s_suppkey
sg = 3
Filter Build Kernel time GPU: 0.044032 p_partkey
sg = 3
Filter Build Kernel time GPU: 31.727680 d_datekey
sg = 3
Filter Build Kernel time GPU: 0.031744 Build time 32.0563
h_total: 3994550 output_estimate: 83886080 sg: 44
Probe Kernel time GPU: 2.616320 Transfer size: 3994550 sg: 44
h_total: 0 output_estimate: 147849216 sg: 60
Probe Kernel time GPU: 4.887552 Transfer size: 0 sg: 60
Transfer Time : 0.001024 Transfer Time : 3.271680 Group Kernel time CPU: 0.007040 sg = 60 non demand time = 7.00109
Probe Group Kernel time CPU: 2.604032 sg = 44 non demand time = 12.2296
Probe time 12.3055
Merge time 0.019712
Result:
Res count = 0
Query Execution Time: 44.4788
CPU Time: 2.60403
GPU Time: 31.8035
Transfer Time: 3.27168
Malloc Time: 0.006944

41

 Query: 41 19920101 19981231
Query Prepare Time: 77.4521
 Query Prepare Time using cpu 0.0774479

Query Optimization Time: 2.75046

s_suppkey
sg = 3
Filter Build Kernel time GPU: 0.032768 p_partkey
sg = 3
Filter Build Kernel time GPU: 31.726591 d_datekey
sg = 1
Build Kernel time GPU: 11.088896 Build time 43.1145
h_total: 3994550 output_estimate: 83886080 sg: 44
Probe Kernel time GPU: 2.630656 Transfer size: 3994550 sg: 44
h_total: 0 output_estimate: 876609536 sg: 60
Probe Kernel time GPU: 26.331903 Transfer size: 0 sg: 60
Transfer Time : 0.001024 Group Kernel time CPU: 0.001024 Transfer Time : 3.301376 sg = 60 non demand time = 29.1185
Probe Group Kernel time CPU: 2.210752 sg = 44 non demand time = 34.0081
Probe time 34.092
Merge time 0.004992
Result:
Res count = 0
Query Execution Time: 77.2789
CPU Time: 2.21075
GPU Time: 31.7594
Transfer Time: 3.30138
Malloc Time: 0.032992

33

 Query: 33 19920101 19971231
Query Prepare Time: 40.586
 Query Prepare Time using cpu 0.0405736

Query Optimization Time: 2.65933

s_suppkey
sg = 3
Filter Build Kernel time GPU: 0.037920 d_datekey
sg = 3
Filter Build Kernel time GPU: 0.026624 Build time 0.19968
h_total: 0 output_estimate: 876609536 sg: 14
Probe Kernel time GPU: 19.821665 Transfer size: 0 sg: 14
Transfer Time : 0.004256 Group Kernel time CPU: 0.002048 sg = 14 non demand time = 19.9424
Probe time 19.9782
Merge time 0.45008
Result:
Res count = 0
Query Execution Time: 21.1112
CPU Time: 0.002048
GPU Time: 19.8217
Transfer Time: 0.004256
Malloc Time: 0.00528

22

 Query: 22 1 19981231
Query Prepare Time: 98.4368
 Query Prepare Time using cpu 0.098371

Query Optimization Time: 2.70742

s_suppkey
sg = 3
Filter Build Kernel time GPU: 0.037888 d_datekey
sg = 1
Build Kernel time GPU: 95.531105 Build time 95.7244
h_total: 0 output_estimate: 960495616 sg: 14
Probe Kernel time GPU: 61.417473 Transfer size: 0 sg: 14
Transfer Time : 0.004096 Group Kernel time CPU: 0.001824 sg = 14 non demand time = 61.5711
Probe time 61.611
Merge time 0.691392
Result:
Res count = 0
Query Execution Time: 160.051
CPU Time: 0.001824
GPU Time: 95.5311
Transfer Time: 0.004096
Malloc Time: 0.005216

12

 Query: 12 19940101 19940131
Query Prepare Time: 0.132928
 Query Prepare Time using cpu 0.000131607

Query Optimization Time: 2.16806

d_datekey
sg = 1
h_total: 31 output_estimate: 1048576 sg: 1
Filter Kernel time CPU: 0.194560 Transfer size: 31 sg: 1
Transfer Time: 0.009344 sg: 1
Build Kernel time GPU: 0.018432 Build time 0.31536
h_total: 49676 output_estimate: 457560 sg: 30
Filter Probe Kernel time GPU: 0.142336 Transfer size: 49676 sg: 30
Transfer Time : 0.047904 Aggr Kernel time CPU: 0.695296 sg = 30 non demand time = 1.08749
h_total: 3147770 output_estimate: 6291456 sg: 12
Filter Kernel time CPU: 1.839296 Transfer size: 3147770 sg: 12
Transfer Time : 0.486400 h_total: 624634 output_estimate: 1259108 sg: 12
Filter Probe Kernel time GPU: 0.217088 Transfer size: 624634 sg: 12
Transfer Time : 0.281600 Aggr Kernel time CPU: 0.487424 sg = 12 non demand time = 3.4345
Probe time 3.47027
Merge time 0.001632
Result:
Res count = 0
Query Execution Time: 3.83814
CPU Time: 2.32672
GPU Time: 0.217088
Transfer Time: 0.768
Malloc Time: 0.01744

12

 Query: 12 19940101 19940131
Query Prepare Time: 0.110432
 Query Prepare Time using cpu 0.000108957

Query Optimization Time: 1.97126

d_datekey
sg = 1
h_total: 31 output_estimate: 1048576 sg: 1
Filter Kernel time CPU: 0.208896 Transfer size: 31 sg: 1
Transfer Time: 0.009216 sg: 1
Build Kernel time GPU: 0.015328 Build time 0.3328
h_total: 49676 output_estimate: 457560 sg: 30
Filter Probe Kernel time GPU: 0.115712 Transfer size: 49676 sg: 30
Transfer Time : 0.042816 Aggr Kernel time CPU: 0.979968 sg = 30 non demand time = 1.39376
h_total: 3147770 output_estimate: 6291456 sg: 12
Filter Kernel time CPU: 1.923072 Transfer size: 3147770 sg: 12
Transfer Time : 0.485376 h_total: 624634 output_estimate: 1259108 sg: 12
Filter Probe Kernel time GPU: 0.187392 Transfer size: 624634 sg: 12
Transfer Time : 0.223136 Aggr Kernel time CPU: 0.420864 sg = 12 non demand time = 3.38749
Probe time 3.47664
Merge time 0.002016
Result:
Res count = 0
Query Execution Time: 3.86736
CPU Time: 2.34394
GPU Time: 0.187392
Transfer Time: 0.708512
Malloc Time: 0.015488

11

 Query: 11 19930101 19931231
Query Prepare Time: 0.140512
 Query Prepare Time using cpu 0.000138521

Query Optimization Time: 1.94253

d_datekey
sg = 3
Filter Build Kernel time GPU: 0.034816 Build time 0.100288
h_total: 291981 output_estimate: 1286888 sg: 30
Filter Probe Kernel time GPU: 0.200512 Transfer size: 291981 sg: 30
Transfer Time : 0.116704 Aggr Kernel time CPU: 2.587648 sg = 30 non demand time = 3.10989
h_total: 68960179 output_estimate: 107741184 sg: 22
Filter Kernel time CPU: 19.205120 Transfer size: 68960179 sg: 22
Transfer Time : 10.334112 h_total: 18773093 output_estimate: 28210980 sg: 22
Filter Probe Kernel time GPU: 2.307872 Transfer size: 18773093 sg: 22
Transfer Time : 5.833536 Aggr Kernel time CPU: 5.666016 sg = 22 non demand time = 43.515
Probe time 43.5968
Merge time 0.00432
Result:
Res count = 0
Query Execution Time: 43.7715
CPU Time: 24.8711
GPU Time: 2.30787
Transfer Time: 16.1676
Malloc Time: 0.008192

34

 Query: 34 19971201 19971231
Query Prepare Time: 37.2013
 Query Prepare Time using cpu 0.0371895

Query Optimization Time: 2.56605

s_suppkey
sg = 3
Filter Build Kernel time GPU: 0.034816 d_datekey
sg = 1
h_total: 31 output_estimate: 1048576 sg: 1
Filter Kernel time CPU: 0.417792 Transfer size: 31 sg: 1
Transfer Time: 0.009216 sg: 1
Build Kernel time GPU: 0.014336 Build time 0.65024
h_total: 0 output_estimate: 14680064 sg: 14
Probe Kernel time GPU: 0.349184 Transfer size: 0 sg: 14
Transfer Time : 0.004096 Group Kernel time CPU: 0.001024 sg = 14 non demand time = 0.458784
Probe time 0.483456
Merge time 0.483712
Result:
Res count = 0
Query Execution Time: 2.10502
CPU Time: 0.417792
GPU Time: 0.349184
Transfer Time: 0.009216
Malloc Time: 0.012288

11

 Query: 11 19930101 19931231
Query Prepare Time: 0.092128
 Query Prepare Time using cpu 9.05991e-05

Query Optimization Time: 2.05005

d_datekey
sg = 3
Filter Build Kernel time GPU: 0.026624 Build time 0.067584
h_total: 291981 output_estimate: 1286888 sg: 30
Filter Probe Kernel time GPU: 0.192512 Transfer size: 291981 sg: 30
Transfer Time : 0.115680 Aggr Kernel time CPU: 3.101664 sg = 30 non demand time = 3.63827
h_total: 68960179 output_estimate: 107741184 sg: 22
Filter Kernel time CPU: 19.103745 Transfer size: 68960179 sg: 22
Transfer Time : 10.331136 h_total: 18773093 output_estimate: 28210980 sg: 22
Filter Probe Kernel time GPU: 2.302880 Transfer size: 18773093 sg: 22
Transfer Time : 5.832704 Aggr Kernel time CPU: 5.959680 sg = 22 non demand time = 43.6899
Probe time 43.7944
Merge time 0.00384
Result:
Res count = 0
Query Execution Time: 43.9329
CPU Time: 25.0634
GPU Time: 2.30288
Transfer Time: 16.1638
Malloc Time: 0.006944

41

 Query: 41 19920101 19981231
Query Prepare Time: 73.664
 Query Prepare Time using cpu 0.0736606

Query Optimization Time: 2.71958

s_suppkey
sg = 3
Filter Build Kernel time GPU: 0.028672 p_partkey
sg = 3
Filter Build Kernel time GPU: 31.700993 d_datekey
sg = 1
Build Kernel time GPU: 11.111456 Build time 43.0172
h_total: 3994550 output_estimate: 83886080 sg: 44
Probe Kernel time GPU: 2.616576 Transfer size: 3994550 sg: 44
h_total: 0 output_estimate: 876609536 sg: 60
Probe Kernel time GPU: 26.087200 Transfer size: 0 sg: 60
Transfer Time : 0.001024 Group Kernel time CPU: 0.001024 Transfer Time : 3.299328 sg = 60 non demand time = 28.7982
Probe Group Kernel time CPU: 2.120704 sg = 44 non demand time = 33.5882
Probe time 33.6679
Merge time 0.003968
Result:
Res count = 0
Query Execution Time: 76.7565
CPU Time: 2.1207
GPU Time: 31.7297
Transfer Time: 3.29933
Malloc Time: 0.007296

43

 Query: 43 19970101 19981231
Query Prepare Time: 78.603
 Query Prepare Time using cpu 0.0785441

Query Optimization Time: 2.60506

s_suppkey
sg = 3
Filter Build Kernel time GPU: 0.040960 d_datekey
sg = 3
Filter Build Kernel time GPU: 0.025600 Build time 0.19968
h_total: 0 output_estimate: 83886080 sg: 44
Probe Kernel time GPU: 1.947648 Transfer size: 0 sg: 44
Transfer Time : 0.024576 Probe Group Kernel time CPU: 0.001024 sg = 44 non demand time = 5.70163
h_total: 0 output_estimate: 147849216 sg: 60
Probe Kernel time GPU: 3.679232 Transfer size: 0 sg: 60
Transfer Time : 0.015360 Group Kernel time CPU: 0.004960 sg = 60 non demand time = 3.95264
Probe time 5.98944
Merge time 1.03437
Result:
Res count = 0
Query Execution Time: 8.9999
CPU Time: 0.00496
GPU Time: 3.67923
Transfer Time: 0.024576
Malloc Time: 0.016352

41

 Query: 41 19920101 19981231
Query Prepare Time: 74.0003
 Query Prepare Time using cpu 0.0739961

Query Optimization Time: 2.77907

s_suppkey
sg = 3
Filter Build Kernel time GPU: 0.036864 p_partkey
sg = 3
Filter Build Kernel time GPU: 31.723295 d_datekey
sg = 1
Build Kernel time GPU: 11.123712 Build time 43.1043
h_total: 3994550 output_estimate: 83886080 sg: 44
Probe Kernel time GPU: 2.608128 Transfer size: 3994550 sg: 44
h_total: 0 output_estimate: 876609536 sg: 60
Probe Kernel time GPU: 26.536961 Transfer size: 0 sg: 60
Transfer Time : 0.001024 Group Kernel time CPU: 0.001024 Transfer Time : 3.298432 sg = 60 non demand time = 29.2884
Probe Group Kernel time CPU: 2.164736 sg = 44 non demand time = 34.1271
Probe time 34.2118
Merge time 0.004832
Result:
Res count = 0
Query Execution Time: 77.3939
CPU Time: 2.16474
GPU Time: 31.7602
Transfer Time: 3.29843
Malloc Time: 0.011392

41

 Query: 41 19920101 19981231
Query Prepare Time: 77.199
 Query Prepare Time using cpu 0.0771954

Query Optimization Time: 2.80064

s_suppkey
sg = 3
Filter Build Kernel time GPU: 0.036864 p_partkey
sg = 3
Filter Build Kernel time GPU: 31.717377 d_datekey
sg = 1
Build Kernel time GPU: 11.120640 Build time 43.1288
h_total: 3994550 output_estimate: 83886080 sg: 44
Probe Kernel time GPU: 2.607104 Transfer size: 3994550 sg: 44
h_total: 0 output_estimate: 876609536 sg: 60
Probe Kernel time GPU: 26.364927 Transfer size: 0 sg: 60
Transfer Time : 0.001024 Group Kernel time CPU: 0.001024 Transfer Time : 3.309568 sg = 60 non demand time = 29.1041
Probe Group Kernel time CPU: 2.295808 sg = 44 non demand time = 34.0593
Probe time 34.142
Merge time 0.009216
Result:
Res count = 0
Query Execution Time: 77.3612
CPU Time: 2.29581
GPU Time: 31.7542
Transfer Time: 3.30957
Malloc Time: 0.027648

42

 Query: 42 19970101 19981231
Query Prepare Time: 76.632
 Query Prepare Time using cpu 0.0766287

Query Optimization Time: 2.54976

s_suppkey
sg = 3
Filter Build Kernel time GPU: 0.035840 p_partkey
sg = 3
Filter Build Kernel time GPU: 31.721632 d_datekey
sg = 3
Filter Build Kernel time GPU: 0.034624 Build time 31.9827
h_total: 3994550 output_estimate: 83886080 sg: 44
Probe Kernel time GPU: 2.610176 Transfer size: 3994550 sg: 44
h_total: 0 output_estimate: 147849216 sg: 60
Probe Kernel time GPU: 4.934656 Transfer size: 0 sg: 60
Transfer Time : 0.001024 Transfer Time : 3.275712 Group Kernel time CPU: 0.006144 sg = 60 non demand time = 7.02877
Probe Group Kernel time CPU: 2.444192 sg = 44 non demand time = 12.1047
Probe time 12.1856
Merge time 0.021536
Result:
Res count = 0
Query Execution Time: 44.262
CPU Time: 2.44419
GPU Time: 31.7921
Transfer Time: 3.27571
Malloc Time: 0.041984

13

 Query: 13 19940204 19940210
Query Prepare Time: 0.1456
 Query Prepare Time using cpu 0.000141859

Query Optimization Time: 2.08083

d_datekey
sg = 3
Filter Build Kernel time GPU: 0.034880 Build time 0.09728
h_total: 152125 output_estimate: 514755 sg: 30
Filter Probe Kernel time GPU: 0.114688 Transfer size: 152125 sg: 30
Transfer Time : 0.070816 Aggr Kernel time CPU: 0.222208 sg = 30 non demand time = 0.516896
Probe time 0.548064
Merge time 0.002016
Result:
Res count = 0
Query Execution Time: 0.703456
CPU Time: 0.222208
GPU Time: 0.114688
Transfer Time: 0.070816
Malloc Time: 0.006976

33

 Query: 33 19920101 19971231
Query Prepare Time: 38.1628
 Query Prepare Time using cpu 0.0381515

Query Optimization Time: 2.61222

s_suppkey
sg = 3
Filter Build Kernel time GPU: 0.027488 d_datekey
sg = 3
Filter Build Kernel time GPU: 0.020544 Build time 0.152576
h_total: 0 output_estimate: 876609536 sg: 14
Probe Kernel time GPU: 19.848192 Transfer size: 0 sg: 14
Transfer Time : 0.004096 Group Kernel time CPU: 0.002048 sg = 14 non demand time = 19.9517
Probe time 19.9802
Merge time 0.520768
Result:
Res count = 0
Query Execution Time: 21.1308
CPU Time: 0.002048
GPU Time: 19.8482
Transfer Time: 0.004096
Malloc Time: 0.004096

12

 Query: 12 19940101 19940131
Query Prepare Time: 0.141632
 Query Prepare Time using cpu 0.000138998

Query Optimization Time: 1.97098

d_datekey
sg = 1
h_total: 31 output_estimate: 1048576 sg: 1
Filter Kernel time CPU: 0.206848 Transfer size: 31 sg: 1
Transfer Time: 0.009216 sg: 1
Build Kernel time GPU: 0.016576 Build time 0.326656
h_total: 49676 output_estimate: 457560 sg: 30
Filter Probe Kernel time GPU: 0.169984 Transfer size: 49676 sg: 30
Transfer Time : 0.039936 Aggr Kernel time CPU: 0.870400 sg = 30 non demand time = 1.31379
h_total: 3147770 output_estimate: 6291456 sg: 12
Filter Kernel time CPU: 2.102272 Transfer size: 3147770 sg: 12
Transfer Time : 0.486400 h_total: 624634 output_estimate: 1259108 sg: 12
Filter Probe Kernel time GPU: 0.190464 Transfer size: 624634 sg: 12
Transfer Time : 0.221024 Aggr Kernel time CPU: 0.476160 sg = 12 non demand time = 3.59738
Probe time 3.64237
Merge time 0.00224
Result:
Res count = 0
Query Execution Time: 4.02771
CPU Time: 2.57843
GPU Time: 0.190464
Transfer Time: 0.707424
Malloc Time: 0.014336

12

 Query: 12 19940101 19940131
Query Prepare Time: 0.0928
 Query Prepare Time using cpu 9.08375e-05

Query Optimization Time: 2.03149

d_datekey
sg = 1
h_total: 31 output_estimate: 1048576 sg: 1
Filter Kernel time CPU: 0.201728 Transfer size: 31 sg: 1
Transfer Time: 0.01024 sg: 1
Build Kernel time GPU: 0.015552 Build time 0.324608
h_total: 49676 output_estimate: 457560 sg: 30
Filter Probe Kernel time GPU: 0.165824 Transfer size: 49676 sg: 30
Transfer Time : 0.039936 Aggr Kernel time CPU: 0.765952 sg = 30 non demand time = 1.20934
h_total: 3147770 output_estimate: 6291456 sg: 12
Filter Kernel time CPU: 1.898496 Transfer size: 3147770 sg: 12
Transfer Time : 0.486400 h_total: 624634 output_estimate: 1259108 sg: 12
Filter Probe Kernel time GPU: 0.193728 Transfer size: 624634 sg: 12
Transfer Time : 0.228320 Aggr Kernel time CPU: 0.439296 sg = 12 non demand time = 3.48262
Probe time 3.52269
Merge time 0.001856
Result:
Res count = 0
Query Execution Time: 3.89795
CPU Time: 2.33779
GPU Time: 0.193728
Transfer Time: 0.71472
Malloc Time: 0.015584

42

 Query: 42 19970101 19981231
Query Prepare Time: 74.2811
 Query Prepare Time using cpu 0.0742784

Query Optimization Time: 2.60794

s_suppkey
sg = 3
Filter Build Kernel time GPU: 0.035840 p_partkey
sg = 3
Filter Build Kernel time GPU: 31.724545 d_datekey
sg = 3
Filter Build Kernel time GPU: 0.034816 Build time 32.0225
h_total: 3994550 output_estimate: 83886080 sg: 44
Probe Kernel time GPU: 2.647168 Transfer size: 3994550 sg: 44
h_total: 0 output_estimate: 147849216 sg: 60
Probe Kernel time GPU: 4.291584 Transfer size: 0 sg: 60
Transfer Time : 0.001024 Group Kernel time CPU: 0.001024 Transfer Time : 3.272704 sg = 60 non demand time = 7.00013
Probe Group Kernel time CPU: 2.511840 sg = 44 non demand time = 12.1864
Probe time 12.2665
Merge time 0.017568
Result:
Res count = 0
Query Execution Time: 44.3756
CPU Time: 2.51184
GPU Time: 31.7952
Transfer Time: 3.2727
Malloc Time: 0.01136

43

 Query: 43 19970101 19981231
Query Prepare Time: 78.2566
 Query Prepare Time using cpu 0.0782006

Query Optimization Time: 2.58355

s_suppkey
sg = 3
Filter Build Kernel time GPU: 0.030720 d_datekey
sg = 3
Filter Build Kernel time GPU: 0.024576 Build time 0.172832
h_total: 0 output_estimate: 83886080 sg: 44
Probe Kernel time GPU: 1.929216 Transfer size: 0 sg: 44
Transfer Time : 0.002048 h_total: 0 output_estimate: 147849216 sg: 60
Probe Kernel time GPU: 3.668992 Probe Group Kernel time CPU: 0.004896 sg = 44 non demand time = 5.80506
Transfer size: 0 sg: 60
Transfer Time : 0.015136 Group Kernel time CPU: 0.002048 sg = 60 non demand time = 3.97926
Probe time 6.02003
Merge time 1.00685
Result:
Res count = 0
Query Execution Time: 8.98189
CPU Time: 0.004896
GPU Time: 3.66899
Transfer Time: 0.015136
Malloc Time: 0.01312

11

 Query: 11 19930101 19931231
Query Prepare Time: 0.165024
 Query Prepare Time using cpu 0.00016284

Query Optimization Time: 1.93741

d_datekey
sg = 3
Filter Build Kernel time GPU: 0.034816 Build time 0.105472
h_total: 291981 output_estimate: 1286888 sg: 30
Filter Probe Kernel time GPU: 0.176160 Transfer size: 291981 sg: 30
Transfer Time : 0.114688 Aggr Kernel time CPU: 3.290112 sg = 30 non demand time = 3.75312
h_total: 68960179 output_estimate: 107741184 sg: 22
Filter Kernel time CPU: 18.913153 Transfer size: 68960179 sg: 22
Transfer Time : 10.330944 h_total: 18773093 output_estimate: 28210980 sg: 22
Filter Probe Kernel time GPU: 2.310240 Transfer size: 18773093 sg: 22
Transfer Time : 5.832704 Aggr Kernel time CPU: 5.999616 sg = 22 non demand time = 43.5538
Probe time 43.6583
Merge time 0.003552
Result:
Res count = 0
Query Execution Time: 43.8432
CPU Time: 24.9128
GPU Time: 2.31024
Transfer Time: 16.1636
Malloc Time: 0.00704

43

 Query: 43 19970101 19981231
Query Prepare Time: 75.8177
 Query Prepare Time using cpu 0.0757601

Query Optimization Time: 2.59891

s_suppkey
sg = 3
Filter Build Kernel time GPU: 0.031744 d_datekey
sg = 3
Filter Build Kernel time GPU: 0.022528 Build time 0.165952
h_total: 0 output_estimate: 83886080 sg: 44
Probe Kernel time GPU: 1.930016 Transfer size: 0 sg: 44
Transfer Time : 0.020256 Probe Group Kernel time CPU: 0.004096 sg = 44 non demand time = 5.6617
h_total: 0 output_estimate: 147849216 sg: 60
Probe Kernel time GPU: 3.676160 Transfer size: 0 sg: 60
Transfer Time : 0.013312 Group Kernel time CPU: 0.005120 sg = 60 non demand time = 3.96698
Probe time 6.03763
Merge time 0.996736
Result:
Res count = 0
Query Execution Time: 8.98291
CPU Time: 0.00512
GPU Time: 3.67616
Transfer Time: 0.020256
Malloc Time: 0.011264

34

 Query: 34 19971201 19971231
Query Prepare Time: 39.6567
 Query Prepare Time using cpu 0.039643

Query Optimization Time: 2.54976

s_suppkey
sg = 3
Filter Build Kernel time GPU: 0.026528 d_datekey
sg = 1
h_total: 31 output_estimate: 1048576 sg: 1
Filter Kernel time CPU: 0.383840 Transfer size: 31 sg: 1
Transfer Time: 0.007328 sg: 1
Build Kernel time GPU: 0.014336 Build time 0.572416
h_total: 0 output_estimate: 14680064 sg: 14
Probe Kernel time GPU: 0.351328 Transfer size: 0 sg: 14
Transfer Time : 0.006144 Group Kernel time CPU: 0.002048 sg = 14 non demand time = 0.463872
Probe time 0.49152
Merge time 0.43552
Result:
Res count = 0
Query Execution Time: 2.00579
CPU Time: 0.38384
GPU Time: 0.351328
Transfer Time: 0.007328
Malloc Time: 0.012288

34

 Query: 34 19971201 19971231
Query Prepare Time: 37.76
 Query Prepare Time using cpu 0.0377481

Query Optimization Time: 2.54976

s_suppkey
sg = 3
Filter Build Kernel time GPU: 0.039936 d_datekey
sg = 1
h_total: 31 output_estimate: 1048576 sg: 1
Filter Kernel time CPU: 0.388960 Transfer size: 31 sg: 1
Transfer Time: 0.008448 sg: 1
Build Kernel time GPU: 0.013312 Build time 0.642048
h_total: 0 output_estimate: 14680064 sg: 14
Probe Kernel time GPU: 0.354176 Transfer size: 0 sg: 14
Transfer Time : 0.005120 Group Kernel time CPU: 0.002048 sg = 14 non demand time = 0.457728
Probe time 0.48128
Merge time 0.412416
Result:
Res count = 0
Query Execution Time: 2.01741
CPU Time: 0.38896
GPU Time: 0.354176
Transfer Time: 0.008448
Malloc Time: 0.013376

33

 Query: 33 19920101 19971231
Query Prepare Time: 38.1018
 Query Prepare Time using cpu 0.0380883

Query Optimization Time: 2.60403

s_suppkey
sg = 3
Filter Build Kernel time GPU: 0.027552 d_datekey
sg = 3
Filter Build Kernel time GPU: 0.021504 Build time 0.139264
h_total: 0 output_estimate: 876609536 sg: 14
Probe Kernel time GPU: 19.858656 Transfer size: 0 sg: 14
Transfer Time : 0.007168 Group Kernel time CPU: 0.002208 sg = 14 non demand time = 19.9875
Probe time 20.0213
Merge time 0.503872
Result:
Res count = 0
Query Execution Time: 21.1524
CPU Time: 0.002208
GPU Time: 19.8587
Transfer Time: 0.007168
Malloc Time: 0.004096

34

 Query: 34 19971201 19971231
Query Prepare Time: 38.6583
 Query Prepare Time using cpu 0.0386443

Query Optimization Time: 2.53949

s_suppkey
sg = 3
Filter Build Kernel time GPU: 0.034816 d_datekey
sg = 1
h_total: 31 output_estimate: 1048576 sg: 1
Filter Kernel time CPU: 0.358400 Transfer size: 31 sg: 1
Transfer Time: 0.009184 sg: 1
Build Kernel time GPU: 0.013408 Build time 0.557984
h_total: 0 output_estimate: 14680064 sg: 14
Probe Kernel time GPU: 0.351232 Transfer size: 0 sg: 14
Transfer Time : 0.007104 Group Kernel time CPU: 0.001024 sg = 14 non demand time = 0.458592
Probe time 0.489472
Merge time 0.441056
Result:
Res count = 0
Query Execution Time: 1.9783
CPU Time: 0.3584
GPU Time: 0.351232
Transfer Time: 0.009184
Malloc Time: 0.013312

32

 Query: 32 19920101 19971231
Query Prepare Time: 38.0892
 Query Prepare Time using cpu 0.0380776

Query Optimization Time: 2.67571

s_suppkey
sg = 3
Filter Build Kernel time GPU: 0.039936 d_datekey
sg = 3
Filter Build Kernel time GPU: 0.027392 Build time 0.214016
h_total: 0 output_estimate: 876609536 sg: 14
Probe Kernel time GPU: 20.230145 Transfer size: 0 sg: 14
Transfer Time : 0.007136 Group Kernel time CPU: 0.002912 sg = 14 non demand time = 20.3848
Probe time 20.4227
Merge time 0.4896
Result:
Res count = 0
Query Execution Time: 21.6241
CPU Time: 0.002912
GPU Time: 20.2301
Transfer Time: 0.007136
Malloc Time: 0.007104

12

 Query: 12 19940101 19940131
Query Prepare Time: 0.102368
 Query Prepare Time using cpu 0.000100851

Query Optimization Time: 2.09408

d_datekey
sg = 1
h_total: 31 output_estimate: 1048576 sg: 1
Filter Kernel time CPU: 0.198784 Transfer size: 31 sg: 1
Transfer Time: 0.01024 sg: 1
Build Kernel time GPU: 0.017408 Build time 0.320512
h_total: 3147770 output_estimate: 6291456 sg: 12
h_total: 49676 output_estimate: 457560 sg: 30
Filter Probe Kernel time GPU: 0.076800 Transfer size: 49676 sg: 30
Transfer Time : 0.031744 Filter Kernel time CPU: 2.042880 Transfer size: 3147770 sg: 12
Aggr Kernel time CPU: 0.545792 Transfer Time : 0.484352 sg = 30 non demand time = 0.746496
h_total: 624634 output_estimate: 1259108 sg: 12
Filter Probe Kernel time GPU: 0.203808 Transfer size: 624634 sg: 12
Transfer Time : 0.219936 Aggr Kernel time CPU: 0.481280 sg = 12 non demand time = 3.55328
Probe time 3.59632
Merge time 0.003808
Result:
Res count = 0
Query Execution Time: 3.98038
CPU Time: 2.52416
GPU Time: 0.203808
Transfer Time: 0.704288
Malloc Time: 0.014336

43

 Query: 43 19970101 19981231
Query Prepare Time: 75.9328
 Query Prepare Time using cpu 0.0758786

Query Optimization Time: 2.67366

s_suppkey
sg = 3
Filter Build Kernel time GPU: 0.042176 d_datekey
sg = 3
Filter Build Kernel time GPU: 0.027648 Build time 0.217216
h_total: 0 output_estimate: 83886080 sg: 44
Probe Kernel time GPU: 1.980416 Transfer size: 0 sg: 44
Transfer Time : 0.008032 h_total: 0 output_estimate: 147849216 sg: 60
Probe Kernel time GPU: 3.621888 Probe Group Kernel time CPU: 0.002048 sg = 44 non demand time = 5.7344
Transfer size: 0 sg: 60
Transfer Time : 0.009216 Group Kernel time CPU: 0.001888 sg = 60 non demand time = 3.85434
Probe time 5.87882
Merge time 1.01891
Result:
Res count = 0
Query Execution Time: 8.8953
CPU Time: 0.002048
GPU Time: 3.62189
Transfer Time: 0.009216
Malloc Time: 0.009376

23

 Query: 23 1 19981231
Query Prepare Time: 98.7154
 Query Prepare Time using cpu 0.0986586

Query Optimization Time: 2.65136

s_suppkey
sg = 3
Filter Build Kernel time GPU: 0.039744 d_datekey
sg = 1
Build Kernel time GPU: 95.576065 Build time 95.7899
h_total: 0 output_estimate: 960495616 sg: 14
Probe Kernel time GPU: 26.904736 Transfer size: 0 sg: 14
Transfer Time : 0.005120 Group Kernel time CPU: 0.001024 sg = 14 non demand time = 27.0439
Probe time 27.0828
Merge time 0.735424
Result:
Res count = 0
Query Execution Time: 125.649
CPU Time: 0.001024
GPU Time: 95.5761
Transfer Time: 0.00512
Malloc Time: 0.004896

33

 Query: 33 19920101 19971231
Query Prepare Time: 39.7858
 Query Prepare Time using cpu 0.039773

Query Optimization Time: 2.64093

s_suppkey
sg = 3
Filter Build Kernel time GPU: 0.038912 d_datekey
sg = 3
Filter Build Kernel time GPU: 0.027648 Build time 0.202752
h_total: 0 output_estimate: 876609536 sg: 14
Probe Kernel time GPU: 19.853312 Transfer size: 0 sg: 14
Transfer Time : 0.005120 Group Kernel time CPU: 0.001024 sg = 14 non demand time = 19.9731
Probe time 20.0159
Merge time 0.468032
Result:
Res count = 0
Query Execution Time: 21.1775
CPU Time: 0.001024
GPU Time: 19.8533
Transfer Time: 0.00512
Malloc Time: 0.005152

11

 Query: 11 19930101 19931231
Query Prepare Time: 0.155648
 Query Prepare Time using cpu 0.000154018

Query Optimization Time: 1.99162

d_datekey
sg = 3
Filter Build Kernel time GPU: 0.034816 Build time 0.098304
h_total: 291981 output_estimate: 1286888 sg: 30
Filter Probe Kernel time GPU: 0.196608 Transfer size: 291981 sg: 30
Transfer Time : 0.114752 Aggr Kernel time CPU: 2.296832 sg = 30 non demand time = 2.82739
h_total: 68960179 output_estimate: 107741184 sg: 22
Filter Kernel time CPU: 19.381472 Transfer size: 68960179 sg: 22
Transfer Time : 10.338304 h_total: 18773093 output_estimate: 28210980 sg: 22
Filter Probe Kernel time GPU: 2.312192 Transfer size: 18773093 sg: 22
Transfer Time : 5.833824 Aggr Kernel time CPU: 5.646496 sg = 22 non demand time = 43.6879
Probe time 43.7852
Merge time 0.004032
Result:
Res count = 0
Query Execution Time: 43.9792
CPU Time: 25.028
GPU Time: 2.31219
Transfer Time: 16.1721
Malloc Time: 0.01216

22

 Query: 22 1 19981231
Query Prepare Time: 98.3993
 Query Prepare Time using cpu 0.0983319

Query Optimization Time: 2.61638

s_suppkey
sg = 3
Filter Build Kernel time GPU: 0.038912 d_datekey
sg = 1
Build Kernel time GPU: 95.583229 Build time 95.8095
h_total: 0 output_estimate: 960495616 sg: 14
Probe Kernel time GPU: 61.438110 Transfer size: 0 sg: 14
Transfer Time : 0.006144 Group Kernel time CPU: 0.001024 sg = 14 non demand time = 61.6233
Probe time 61.6724
Merge time 0.913728
Result:
Res count = 0
Query Execution Time: 160.439
CPU Time: 0.001024
GPU Time: 95.5832
Transfer Time: 0.006144
Malloc Time: 0.00512

21

 Query: 21 1 19981231
Query Prepare Time: 98.567
 Query Prepare Time using cpu 0.0985034

Query Optimization Time: 2.71053

s_suppkey
sg = 3
Filter Build Kernel time GPU: 0.041984 p_partkey
sg = 1
Build Kernel time GPU: 60.129280 d_datekey
sg = 1
Build Kernel time GPU: 46.608383 Build time 107.043
h_total: 818478541 output_estimate: 960495616 sg: 14
Probe Kernel time GPU: 112.422913 Transfer size: 818478541 sg: 14
Transfer Time : 506.704834 Group Kernel time CPU: 18387.322266 sg = 14 non demand time = 19006.6
Probe time 19006.8
Merge time 0.5096
Result:
Res count = 0
Query Execution Time: 19116.3
CPU Time: 18387.3
GPU Time: 112.423
Transfer Time: 506.705
Malloc Time: 0.00704

22

 Query: 22 1 19981231
Query Prepare Time: 98.0282
 Query Prepare Time using cpu 0.0979631

Query Optimization Time: 2.66854

s_suppkey
sg = 3
Filter Build Kernel time GPU: 0.038784 d_datekey
sg = 1
Build Kernel time GPU: 95.543297 Build time 95.7389
h_total: 0 output_estimate: 960495616 sg: 14
Probe Kernel time GPU: 62.030849 Transfer size: 0 sg: 14
Transfer Time : 0.007168 Group Kernel time CPU: 0.002048 sg = 14 non demand time = 62.2009
Probe time 62.26
Merge time 0.597312
Result:
Res count = 0
Query Execution Time: 160.641
CPU Time: 0.002048
GPU Time: 95.5433
Transfer Time: 0.007168
Malloc Time: 0.005088

23

 Query: 23 1 19981231
Query Prepare Time: 98.5142
 Query Prepare Time using cpu 0.0984492

Query Optimization Time: 2.57232

s_suppkey
sg = 3
Filter Build Kernel time GPU: 0.029568 d_datekey
sg = 1
Build Kernel time GPU: 95.581215 Build time 95.7493
h_total: 0 output_estimate: 960495616 sg: 14
Probe Kernel time GPU: 26.910561 Transfer size: 0 sg: 14
Transfer Time : 0.006400 Group Kernel time CPU: 0.002048 sg = 14 non demand time = 27.0909
Probe time 27.14
Merge time 0.612416
Result:
Res count = 0
Query Execution Time: 125.552
CPU Time: 0.002048
GPU Time: 95.5812
Transfer Time: 0.0064
Malloc Time: 0.006144

31

 Query: 31 19920101 19971231
Query Prepare Time: 36.7316
 Query Prepare Time using cpu 0.0367289

Query Optimization Time: 2.66058

s_suppkey
sg = 3
Filter Build Kernel time GPU: 0.044032 d_datekey
sg = 3
Filter Build Kernel time GPU: 0.026688 Build time 0.222208
h_total: 0 output_estimate: 876609536 sg: 14
Probe Kernel time GPU: 34.931713 Transfer size: 0 sg: 14
Transfer Time : 0.003968 Group Kernel time CPU: 0.001920 sg = 14 non demand time = 35.0679
Probe time 35.1037
Merge time 0.02224
Result:
Res count = 0
Query Execution Time: 35.4127
CPU Time: 0.00192
GPU Time: 34.9317
Transfer Time: 0.003968
Malloc Time: 0.005024

31

 Query: 31 19920101 19971231
Query Prepare Time: 37.1178
 Query Prepare Time using cpu 0.0371151

Query Optimization Time: 2.66854

s_suppkey
sg = 3
Filter Build Kernel time GPU: 0.043872 d_datekey
sg = 3
Filter Build Kernel time GPU: 0.027648 Build time 0.214016
h_total: 0 output_estimate: 876609536 sg: 14
Probe Kernel time GPU: 34.935616 Transfer size: 0 sg: 14
Transfer Time : 0.006368 Group Kernel time CPU: 0.001024 sg = 14 non demand time = 35.0925
Probe time 35.1375
Merge time 0.03616
Result:
Res count = 0
Query Execution Time: 35.4684
CPU Time: 0.001024
GPU Time: 34.9356
Transfer Time: 0.006368
Malloc Time: 0.005888

22

 Query: 22 1 19981231
Query Prepare Time: 94.8191
 Query Prepare Time using cpu 0.0947561

Query Optimization Time: 2.63453

s_suppkey
sg = 3
Filter Build Kernel time GPU: 0.038816 d_datekey
sg = 1
Build Kernel time GPU: 95.584259 Build time 95.7962
h_total: 0 output_estimate: 960495616 sg: 14
Probe Kernel time GPU: 61.423454 Transfer size: 0 sg: 14
Transfer Time : 0.007200 Group Kernel time CPU: 0.002976 sg = 14 non demand time = 61.604
Probe time 61.6764
Merge time 0.878752
Result:
Res count = 0
Query Execution Time: 160.404
CPU Time: 0.002976
GPU Time: 95.5843
Transfer Time: 0.0072
Malloc Time: 0.006144

31

 Query: 31 19920101 19971231
Query Prepare Time: 36.9479
 Query Prepare Time using cpu 0.0369446

Query Optimization Time: 2.57658

s_suppkey
sg = 3
Filter Build Kernel time GPU: 0.041984 d_datekey
sg = 3
Filter Build Kernel time GPU: 0.025696 Build time 0.187264
h_total: 0 output_estimate: 876609536 sg: 14
Probe Kernel time GPU: 34.938881 Transfer size: 0 sg: 14
Transfer Time : 0.007008 Group Kernel time CPU: 0.002048 sg = 14 non demand time = 35.0751
Probe time 35.119
Merge time 0.034944
Result:
Res count = 0
Query Execution Time: 35.4206
CPU Time: 0.002048
GPU Time: 34.9389
Transfer Time: 0.007008
Malloc Time: 0.006048

21

 Query: 21 1 19981231
Query Prepare Time: 84.3363
 Query Prepare Time using cpu 0.0842702

Query Optimization Time: 2.51494

s_suppkey
sg = 3
Filter Build Kernel time GPU: 0.037888 p_partkey
sg = 1
Build Kernel time GPU: 60.128258 d_datekey
sg = 1
Build Kernel time GPU: 46.609440 Build time 107.01
h_total: 818967971 output_estimate: 960495616 sg: 14
Probe Kernel time GPU: 112.850945 Transfer size: 818967971 sg: 14
Transfer Time : 507.014130 Group Kernel time CPU: 18416.257812 sg = 14 non demand time = 19036.3
Probe time 19036.4
Merge time 0.732896
Result:
Res count = 0
Query Execution Time: 19146.1
CPU Time: 18416.3
GPU Time: 112.851
Transfer Time: 507.014
Malloc Time: 0.004064

21

 Query: 21 1 19981231
Query Prepare Time: 102.497
 Query Prepare Time using cpu 0.102433

Query Optimization Time: 2.81997

s_suppkey
sg = 3
Filter Build Kernel time GPU: 0.045056 p_partkey
sg = 1
Build Kernel time GPU: 60.106750 d_datekey
sg = 1
Build Kernel time GPU: 46.616417 Build time 107.023
h_total: 818947498 output_estimate: 960495616 sg: 14
Probe Kernel time GPU: 113.491837 Transfer size: 818947498 sg: 14
Transfer Time : 506.984436 Group Kernel time CPU: 18417.791016 sg = 14 non demand time = 19038.4
Probe time 19038.5
Merge time 0.504416
Result:
Res count = 0
Query Execution Time: 19148
CPU Time: 18417.8
GPU Time: 113.492
Transfer Time: 506.984
Malloc Time: 0.00416

23

 Query: 23 1 19981231
Query Prepare Time: 101.63
 Query Prepare Time using cpu 0.101568

Query Optimization Time: 2.7688

s_suppkey
sg = 3
Filter Build Kernel time GPU: 0.039936 d_datekey
sg = 1
Build Kernel time GPU: 95.528061 Build time 95.7553
h_total: 0 output_estimate: 960495616 sg: 14
Probe Kernel time GPU: 27.610945 Transfer size: 0 sg: 14
Transfer Time : 0.007040 Group Kernel time CPU: 0.001024 sg = 14 non demand time = 27.7903
Probe time 27.8437
Merge time 0.598752
Result:
Res count = 0
Query Execution Time: 126.258
CPU Time: 0.001024
GPU Time: 95.5281
Transfer Time: 0.00704
Malloc Time: 0.006144

12

 Query: 12 19940101 19940131
Query Prepare Time: 0.154144
 Query Prepare Time using cpu 0.000152588

Query Optimization Time: 2.24973

d_datekey
sg = 1
h_total: 31 output_estimate: 1048576 sg: 1
Filter Kernel time CPU: 0.126976 Transfer size: 31 sg: 1
Transfer Time: 0.009216 sg: 1
Build Kernel time GPU: 0.019456 Build time 0.247936
h_total: 49676 output_estimate: 457560 sg: 30
Filter Probe Kernel time GPU: 0.146656 Transfer size: 49676 sg: 30
Transfer Time : 0.039872 Aggr Kernel time CPU: 0.348160 sg = 30 non demand time = 0.692288
h_total: 3147770 output_estimate: 6291456 sg: 12
Filter Kernel time CPU: 1.090560 Transfer size: 3147770 sg: 12
Transfer Time : 0.486400 h_total: 624634 output_estimate: 1259108 sg: 12
Filter Probe Kernel time GPU: 0.192384 Transfer size: 624634 sg: 12
Transfer Time : 0.256000 Aggr Kernel time CPU: 0.657408 sg = 12 non demand time = 2.944
Probe time 2.98688
Merge time 0.001632
Result:
Res count = 0
Query Execution Time: 3.28966
CPU Time: 1.74797
GPU Time: 0.192384
Transfer Time: 0.7424
Malloc Time: 0.013472

12

 Query: 12 19940101 19940131
Query Prepare Time: 0.142144
 Query Prepare Time using cpu 0.000139236

Query Optimization Time: 1.91795

d_datekey
sg = 1
h_total: 31 output_estimate: 1048576 sg: 1
Filter Kernel time CPU: 0.172160 Transfer size: 31 sg: 1
Transfer Time: 0.009312 sg: 1
Build Kernel time GPU: 0.017408 Build time 0.297984
h_total: 49676 output_estimate: 457560 sg: 30
Filter Probe Kernel time GPU: 0.116736 Transfer size: 49676 sg: 30
Transfer Time : 0.043008 Aggr Kernel time CPU: 0.533440 sg = 30 non demand time = 0.826368
h_total: 3147770 output_estimate: 6291456 sg: 12
Filter Kernel time CPU: 1.494016 Transfer size: 3147770 sg: 12
Transfer Time : 0.485376 h_total: 624634 output_estimate: 1259108 sg: 12
Filter Probe Kernel time GPU: 0.187392 Transfer size: 624634 sg: 12
Transfer Time : 0.225280 Aggr Kernel time CPU: 0.446400 sg = 12 non demand time = 2.97062
Probe time 3.01363
Merge time 0.001984
Result:
Res count = 0
Query Execution Time: 3.3728
CPU Time: 1.94042
GPU Time: 0.187392
Transfer Time: 0.710656
Malloc Time: 0.017408

Cached segment: 4999 Cache total: 5000
Successfully cached

Query 11 fraction: 0.335241 total: 5068 cached: 1699
Query 12 fraction: 0.287096 total: 5068 cached: 1455
Query 13 fraction: 0.335241 total: 5068 cached: 1699
Query 21 fraction: 0.757153 total: 4369 cached: 3308
Query 22 fraction: 0.801431 total: 4613 cached: 3697
Query 23 fraction: 0.801431 total: 4613 cached: 3697
Query 31 fraction: 0.763603 total: 4852 cached: 3705
Query 32 fraction: 0.763603 total: 4852 cached: 3705
Query 33 fraction: 0.732481 total: 4852 cached: 3554
Query 34 fraction: 0.682193 total: 4852 cached: 3310
Query 41 fraction: 0.694144 total: 6745 cached: 4682
Query 42 fraction: 0.684211 total: 6992 cached: 4784
Query 43 fraction: 0.684211 total: 6992 cached: 4784

 epoch end
 epoch start 
34

 Query: 34 19971201 19971231
Query Prepare Time: 38.4598
 Query Prepare Time using cpu 0.0384476

Query Optimization Time: 2.88259

s_suppkey
sg = 3
Filter Build Kernel time GPU: 0.037920 d_datekey
sg = 1
h_total: 31 output_estimate: 1048576 sg: 1
Filter Kernel time CPU: 0.408576 Transfer size: 31 sg: 1
Transfer Time: 0.008192 sg: 1
Build Kernel time GPU: 0.012352 Build time 0.643072
h_total: 0 output_estimate: 14680064 sg: 14
Probe Kernel time GPU: 0.351232 Transfer size: 0 sg: 14
Transfer Time : 0.004096 Group Kernel time CPU: 0.001024 sg = 14 non demand time = 0.442368
Probe time 0.462656
Merge time 0.4272
Result:
Res count = 0
Query Execution Time: 2.01334
CPU Time: 0.408576
GPU Time: 0.351232
Transfer Time: 0.008192
Malloc Time: 0.014336

42

 Query: 42 19970101 19981231
Query Prepare Time: 76.4404
 Query Prepare Time using cpu 0.0764346

Query Optimization Time: 2.7136

s_suppkey
sg = 3
Filter Build Kernel time GPU: 0.036864 p_partkey
sg = 3
Filter Build Kernel time GPU: 31.722496 d_datekey
sg = 3
Filter Build Kernel time GPU: 0.034816 Build time 32.0133
h_total: 3994550 output_estimate: 83886080 sg: 44
Probe Kernel time GPU: 2.607104 Transfer size: 3994550 sg: 44
h_total: 0 output_estimate: 147849216 sg: 60
Probe Kernel time GPU: 4.899840 Transfer size: 0 sg: 60
Transfer Time : 0.001024 Transfer Time : 3.263488 Group Kernel time CPU: 0.010112 sg = 60 non demand time = 7.00928
Probe Group Kernel time CPU: 2.490368 sg = 44 non demand time = 12.1405
Probe time 12.2162
Merge time 0.017888
Result:
Res count = 0
Query Execution Time: 44.3166
CPU Time: 2.49037
GPU Time: 31.7942
Transfer Time: 3.26349
Malloc Time: 0.013088

22

 Query: 22 1 19981231
Query Prepare Time: 102.768
 Query Prepare Time using cpu 0.102702

Query Optimization Time: 2.77402

s_suppkey
sg = 3
Filter Build Kernel time GPU: 0.037888 d_datekey
sg = 1
Build Kernel time GPU: 95.493248 Build time 95.7031
h_total: 0 output_estimate: 960495616 sg: 14
Probe Kernel time GPU: 61.832191 Transfer size: 0 sg: 14
Transfer Time : 0.004096 Group Kernel time CPU: 0.002048 sg = 14 non demand time = 61.9786
Probe time 62.0237
Merge time 1.04125
Result:
Res count = 0
Query Execution Time: 160.812
CPU Time: 0.002048
GPU Time: 95.4932
Transfer Time: 0.004096
Malloc Time: 0.004928

41

 Query: 41 19920101 19981231
Query Prepare Time: 76.3109
 Query Prepare Time using cpu 0.076308

Query Optimization Time: 2.82726

s_suppkey
sg = 3
Filter Build Kernel time GPU: 0.040768 p_partkey
sg = 3
Filter Build Kernel time GPU: 31.711231 d_datekey
sg = 1
Build Kernel time GPU: 11.083904 Build time 43.092
h_total: 3994550 output_estimate: 83886080 sg: 44
Probe Kernel time GPU: 2.624512 Transfer size: 3994550 sg: 44
h_total: 0 output_estimate: 876609536 sg: 60
Probe Kernel time GPU: 25.952255 Transfer size: 0 sg: 60
Transfer Time : 0.001024 Group Kernel time CPU: 0.001024 Transfer Time : 3.275776 sg = 60 non demand time = 28.6648
Probe Group Kernel time CPU: 2.110464 sg = 44 non demand time = 33.4356
Probe time 33.5135
Merge time 0.0048
Result:
Res count = 0
Query Execution Time: 76.6915
CPU Time: 2.11046
GPU Time: 31.752
Transfer Time: 3.27578
Malloc Time: 0.006144

34

 Query: 34 19971201 19971231
Query Prepare Time: 41.011
 Query Prepare Time using cpu 0.0409987

Query Optimization Time: 2.69318

s_suppkey
sg = 3
Filter Build Kernel time GPU: 0.036832 d_datekey
sg = 1
h_total: 31 output_estimate: 1048576 sg: 1
Filter Kernel time CPU: 0.361472 Transfer size: 31 sg: 1
Transfer Time: 0.008192 sg: 1
Build Kernel time GPU: 0.013312 Build time 0.62464
h_total: 0 output_estimate: 14680064 sg: 14
Probe Kernel time GPU: 0.359392 Transfer size: 0 sg: 14
Transfer Time : 0.005184 Group Kernel time CPU: 0.002048 sg = 14 non demand time = 0.457568
Probe time 0.480256
Merge time 0.457984
Result:
Res count = 0
Query Execution Time: 2.05088
CPU Time: 0.361472
GPU Time: 0.359392
Transfer Time: 0.008192
Malloc Time: 0.01536

21

 Query: 21 1 19981231
Query Prepare Time: 101.888
 Query Prepare Time using cpu 0.101825

Query Optimization Time: 2.7177

s_suppkey
sg = 3
Filter Build Kernel time GPU: 0.033792 p_partkey
sg = 1
p_partkey
sg = 3
Build Kernel time GPU: 60.196865 Filter Build Kernel time GPU: 3.494976 d_datekey
sg = 1
Build Kernel time GPU: 46.602242 Build time 107.128
h_total: 818452366 output_estimate: 960495616 sg: 14
Probe Kernel time GPU: 112.522179 Transfer size: 818452366 sg: 14
Transfer Time : 506.800140 Group Kernel time CPU: 18415.720703 sg = 14 non demand time = 19035.2
Probe time 19035.3
Merge time 0.495776
Result:
Res count = 0
Query Execution Time: 19144.9
CPU Time: 18415.7
GPU Time: 112.522
Transfer Time: 506.8
Malloc Time: 0.006144

43

 Query: 43 19970101 19981231
Query Prepare Time: 78.7367
 Query Prepare Time using cpu 0.0786808

Query Optimization Time: 2.67139

s_suppkey
sg = 3
Filter Build Kernel time GPU: 0.041984 d_datekey
sg = 3
Filter Build Kernel time GPU: 0.021664 Build time 0.189408
h_total: 0 output_estimate: 83886080 sg: 44
Probe Kernel time GPU: 2.029408 Transfer size: 0 sg: 44
h_total: 0 output_estimate: 147849216 sg: 60
Probe Kernel time GPU: 3.772576 Transfer Time : 0.010048 Transfer size: 0 sg: 60
Probe Group Kernel time CPU: 0.001024 sg = 44 non demand time = 5.89312
Transfer Time : 0.007168 Group Kernel time CPU: 0.001024 sg = 60 non demand time = 3.8912
Probe time 5.96787
Merge time 0.939872
Result:
Res count = 0
Query Execution Time: 8.87027
CPU Time: 0.001024
GPU Time: 3.77258
Transfer Time: 0.010048
Malloc Time: 0.00512

33

 Query: 33 19920101 19971231
Query Prepare Time: 40.4143
 Query Prepare Time using cpu 0.0404019

Query Optimization Time: 2.61533

s_suppkey
sg = 3
Filter Build Kernel time GPU: 0.027488 d_datekey
sg = 3
Filter Build Kernel time GPU: 0.021504 Build time 0.141312
h_total: 0 output_estimate: 876609536 sg: 14
Probe Kernel time GPU: 20.692064 Transfer size: 0 sg: 14
Transfer Time : 0.007168 Group Kernel time CPU: 0.002912 sg = 14 non demand time = 20.821
Probe time 20.8538
Merge time 0.324096
Result:
Res count = 0
Query Execution Time: 21.7998
CPU Time: 0.002912
GPU Time: 20.6921
Transfer Time: 0.007168
Malloc Time: 0.007584

13

 Query: 13 19940204 19940210
Query Prepare Time: 0.1464
 Query Prepare Time using cpu 0.000143051

Query Optimization Time: 2.02355

d_datekey
sg = 3
Filter Build Kernel time GPU: 0.031744 Build time 0.089088
h_total: 0 output_estimate: 128688 sg: 30
Filter Probe Kernel time GPU: 0.083744 Transfer size: 0 sg: 30
Transfer Time : 0.008192 Aggr Kernel time CPU: 0.001024 sg = 30 non demand time = 0.241664
h_total: 171384 output_estimate: 386066 sg: 4
Filter Kernel time CPU: 0.596128 Transfer size: 171384 sg: 4
Transfer Time : 0.039840 h_total: 152125 output_estimate: 171384 sg: 4
Probe Kernel time GPU: 0.035840 Transfer size: 152125 sg: 4
Transfer Time : 0.077824 Aggr Kernel time CPU: 0.135168 sg = 4 non demand time = 1.00355
Probe time 1.04733
Merge time 0.002208
Result:
Res count = 0
Query Execution Time: 1.19584
CPU Time: 0.731296
GPU Time: 0.083744
Transfer Time: 0.117664
Malloc Time: 0.008

33

 Query: 33 19920101 19971231
Query Prepare Time: 38.8652
 Query Prepare Time using cpu 0.0388536

Query Optimization Time: 2.69722

s_suppkey
sg = 3
Filter Build Kernel time GPU: 0.037888 d_datekey
sg = 3
Filter Build Kernel time GPU: 0.026624 Build time 0.19456
h_total: 0 output_estimate: 876609536 sg: 14
Probe Kernel time GPU: 20.675585 Transfer size: 0 sg: 14
Transfer Time : 0.004096 Group Kernel time CPU: 0.001984 sg = 14 non demand time = 20.7892
Probe time 20.8169
Merge time 0.439424
Result:
Res count = 0
Query Execution Time: 21.9378
CPU Time: 0.001984
GPU Time: 20.6756
Transfer Time: 0.004096
Malloc Time: 0.004128

23

 Query: 23 1 19981231
Query Prepare Time: 101.293
 Query Prepare Time using cpu 0.101227

Query Optimization Time: 2.66138

s_suppkey
sg = 3
Filter Build Kernel time GPU: 0.037888 d_datekey
sg = 1
Build Kernel time GPU: 95.539200 Build time 95.746
h_total: 0 output_estimate: 960495616 sg: 14
Probe Kernel time GPU: 27.642784 Transfer size: 0 sg: 14
Transfer Time : 0.004096 Group Kernel time CPU: 0.002048 sg = 14 non demand time = 27.7812
Probe time 27.8211
Merge time 0.736224
Result:
Res count = 0
Query Execution Time: 126.351
CPU Time: 0.002048
GPU Time: 95.5392
Transfer Time: 0.004096
Malloc Time: 0.004992

42

 Query: 42 19970101 19981231
Query Prepare Time: 76.2527
 Query Prepare Time using cpu 0.0762484

Query Optimization Time: 2.73613

s_suppkey
sg = 3
Filter Build Kernel time GPU: 0.038912 p_partkey
sg = 3
Filter Build Kernel time GPU: 31.722496 d_datekey
sg = 3
Filter Build Kernel time GPU: 0.025824 Build time 31.9653
h_total: 3994550 output_estimate: 83886080 sg: 44
Probe Kernel time GPU: 2.604032 Transfer size: 3994550 sg: 44
Transfer Time : 3.646464 h_total: 0 output_estimate: 147849216 sg: 60
Probe Kernel time GPU: 3.682528 Transfer size: 0 sg: 60
Transfer Time : 0.016480 Group Kernel time CPU: 0.003008 sg = 60 non demand time = 3.99462
Probe Group Kernel time CPU: 2.578528 sg = 44 non demand time = 8.99584
Probe time 9.05827
Merge time 0.016768
Result:
Res count = 0
Query Execution Time: 41.1117
CPU Time: 2.57853
GPU Time: 31.7872
Transfer Time: 3.64646
Malloc Time: 0.036928

23

 Query: 23 1 19981231
Query Prepare Time: 104.392
 Query Prepare Time using cpu 0.104326

Query Optimization Time: 2.66013

s_suppkey
sg = 3
Filter Build Kernel time GPU: 0.037888 d_datekey
sg = 1
Build Kernel time GPU: 95.490082 Build time 95.6836
h_total: 0 output_estimate: 960495616 sg: 14
Probe Kernel time GPU: 26.686560 Transfer size: 0 sg: 14
Transfer Time : 0.007168 Group Kernel time CPU: 0.002016 sg = 14 non demand time = 26.8247
Probe time 26.8657
Merge time 0.660768
Result:
Res count = 0
Query Execution Time: 125.249
CPU Time: 0.002016
GPU Time: 95.4901
Transfer Time: 0.007168
Malloc Time: 0.006208

33

 Query: 33 19920101 19971231
Query Prepare Time: 40.163
 Query Prepare Time using cpu 0.0401514

Query Optimization Time: 2.74637

s_suppkey
sg = 3
Filter Build Kernel time GPU: 0.038912 d_datekey
sg = 3
Filter Build Kernel time GPU: 0.026624 Build time 0.205664
h_total: 0 output_estimate: 876609536 sg: 14
Probe Kernel time GPU: 19.724224 Transfer size: 0 sg: 14
Transfer Time : 0.004096 Group Kernel time CPU: 0.002048 sg = 14 non demand time = 19.8288
Probe time 19.8625
Merge time 0.511488
Result:
Res count = 0
Query Execution Time: 21.0722
CPU Time: 0.002048
GPU Time: 19.7242
Transfer Time: 0.004096
Malloc Time: 0.006144

43

 Query: 43 19970101 19981231
Query Prepare Time: 77.7541
 Query Prepare Time using cpu 0.0776982

Query Optimization Time: 2.62246

s_suppkey
sg = 3
Filter Build Kernel time GPU: 0.031584 d_datekey
sg = 3
Filter Build Kernel time GPU: 0.022464 Build time 0.151648
h_total: 0 output_estimate: 83886080 sg: 44
Probe Kernel time GPU: 1.961728 Transfer size: 0 sg: 44
Transfer Time : 0.010432 h_total: 0 output_estimate: 147849216 sg: 60
Probe Kernel time GPU: 3.668992 Probe Group Kernel time CPU: 0.004096 sg = 44 non demand time = 5.96582
Transfer size: 0 sg: 60
Transfer Time : 0.015424 Group Kernel time CPU: 0.004896 sg = 60 non demand time = 4.12262
Probe time 6.13693
Merge time 0.988608
Result:
Res count = 0
Query Execution Time: 9.052
CPU Time: 0.004896
GPU Time: 3.66899
Transfer Time: 0.015424
Malloc Time: 3.56867

41

 Query: 41 19920101 19981231
Query Prepare Time: 75.0432
 Query Prepare Time using cpu 0.0750394

Query Optimization Time: 2.75354

s_suppkey
sg = 3
Filter Build Kernel time GPU: 0.027648 p_partkey
sg = 3
Filter Build Kernel time GPU: 31.712255 d_datekey
sg = 1
Build Kernel time GPU: 11.076608 Build time 43.0272
h_total: 3994550 output_estimate: 83886080 sg: 44
Probe Kernel time GPU: 2.633728 Transfer size: 3994550 sg: 44
h_total: 0 output_estimate: 876609536 sg: 60
Probe Kernel time GPU: 25.407488 Transfer size: 0 sg: 60
Transfer Time : 0.001024 Group Kernel time CPU: 0.001024 sg = 60 non demand time = Transfer Time : 3.289088 28.7345
Probe Group Kernel time CPU: 2.212864 sg = 44 non demand time = 33.621
Probe time 33.706
Merge time 0.005376
Result:
Res count = 0
Query Execution Time: 76.8101
CPU Time: 2.21286
GPU Time: 31.7399
Transfer Time: 3.28909
Malloc Time: 0.008224

21

 Query: 21 1 19981231
Query Prepare Time: 104.037
 Query Prepare Time using cpu 0.103971

Query Optimization Time: 2.68698

s_suppkey
sg = 3
Filter Build Kernel time GPU: 0.031744 p_partkey
sg = 1
p_partkey
sg = 3
Build Kernel time GPU: 60.187424 Filter Build Kernel time GPU: 3.495936 d_datekey
sg = 1
Build Kernel time GPU: 46.603394 Build time 107.106
h_total: 818429996 output_estimate: 960495616 sg: 14
Probe Kernel time GPU: 112.372643 Transfer size: 818429996 sg: 14
Transfer Time : 506.827789 Group Kernel time CPU: 18403.689453 sg = 14 non demand time = 19023.1
Probe time 19023.2
Merge time 0.51072
Result:
Res count = 0
Query Execution Time: 19132.7
CPU Time: 18403.7
GPU Time: 112.373
Transfer Time: 506.828
Malloc Time: 0.007008

43

 Query: 43 19970101 19981231
Query Prepare Time: 79.0852
 Query Prepare Time using cpu 0.0790291

Query Optimization Time: 2.74944

s_suppkey
sg = 3
Filter Build Kernel time GPU: 0.030816 d_datekey
sg = 3
Filter Build Kernel time GPU: 0.026624 Build time 0.176128
h_total: 0 output_estimate: 83886080 sg: 44
Probe Kernel time GPU: 2.054144 Transfer size: 0 sg: 44
h_total: 0 output_estimate: 147849216 sg: 60
Probe Kernel time GPU: 3.795808 Transfer Time : 0.008192 Probe Group Kernel time CPU: 0.002048 sg = 44 non demand time = 6.00797
Transfer size: 0 sg: 60
Transfer Time : 0.007104 Group Kernel time CPU: 0.001024 sg = 60 non demand time = 5.98221
Probe time 6.12672
Merge time 0.900512
Result:
Res count = 0
Query Execution Time: 8.99178
CPU Time: 0.002048
GPU Time: 3.79581
Transfer Time: 0.008192
Malloc Time: 0.005216

12

 Query: 12 19940101 19940131
Query Prepare Time: 0.175488
 Query Prepare Time using cpu 0.000174046

Query Optimization Time: 1.96304

d_datekey
sg = 1
h_total: 31 output_estimate: 1048576 sg: 1
Filter Kernel time CPU: 0.140288 Transfer size: 31 sg: 1
Transfer Time: 0.01024 sg: 1
Build Kernel time GPU: 0.019456 Build time 0.28352
h_total: 49676 output_estimate: 457560 sg: 30
Filter Probe Kernel time GPU: 0.131200 Transfer size: 49676 sg: 30
Transfer Time : 0.039744 Aggr Kernel time CPU: 0.355328 sg = 30 non demand time = 0.715744
h_total: 3147770 output_estimate: 6291456 sg: 12
Filter Kernel time CPU: 1.215488 Transfer size: 3147770 sg: 12
Transfer Time : 0.485600 h_total: 624634 output_estimate: 1259108 sg: 12
Filter Probe Kernel time GPU: 0.195584 Transfer size: 624634 sg: 12
Transfer Time : 0.259008 Aggr Kernel time CPU: 0.749568 sg = 12 non demand time = 3.1375
Probe time 3.17642
Merge time 0.001952
Result:
Res count = 0
Query Execution Time: 3.52659
CPU Time: 1.96506
GPU Time: 0.195584
Transfer Time: 0.744608
Malloc Time: 0.059488

33

 Query: 33 19920101 19971231
Query Prepare Time: 34.0855
 Query Prepare Time using cpu 0.0340729

Query Optimization Time: 2.5303

s_suppkey
sg = 3
Filter Build Kernel time GPU: 0.035968 d_datekey
sg = 3
Filter Build Kernel time GPU: 0.025760 Build time 0.2152
h_total: 0 output_estimate: 876609536 sg: 14
Probe Kernel time GPU: 20.983809 Transfer size: 0 sg: 14
Transfer Time : 0.006112 Group Kernel time CPU: 0.003040 sg = 14 non demand time = 21.1046
Probe time 21.1343
Merge time 0.387232
Result:
Res count = 0
Query Execution Time: 22.2268
CPU Time: 0.00304
GPU Time: 20.9838
Transfer Time: 0.006112
Malloc Time: 0.004352

31

 Query: 31 19920101 19971231
Query Prepare Time: 37.8926
 Query Prepare Time using cpu 0.0378883

Query Optimization Time: 2.71462

s_suppkey
sg = 3
Filter Build Kernel time GPU: 0.045280 d_datekey
sg = 3
Filter Build Kernel time GPU: 0.026432 Build time 0.213088
h_total: 0 output_estimate: 876609536 sg: 14
Probe Kernel time GPU: 35.021824 Transfer size: 0 sg: 14
Transfer Time : 0.004096 Group Kernel time CPU: 0.001024 sg = 14 non demand time = 35.1406
Probe time 35.1684
Merge time 0.022048
Result:
Res count = 0
Query Execution Time: 35.4639
CPU Time: 0.001024
GPU Time: 35.0218
Transfer Time: 0.004096
Malloc Time: 0.005024

33

 Query: 33 19920101 19971231
Query Prepare Time: 32.945
 Query Prepare Time using cpu 0.0329316

Query Optimization Time: 2.50778

s_suppkey
sg = 3
Filter Build Kernel time GPU: 0.034816 d_datekey
sg = 3
Filter Build Kernel time GPU: 0.025600 Build time 0.18416
h_total: 0 output_estimate: 876609536 sg: 14
Probe Kernel time GPU: 20.686785 Transfer size: 0 sg: 14
Transfer Time : 0.006272 Group Kernel time CPU: 0.001024 sg = 14 non demand time = 20.8159
Probe time 20.8516
Merge time 0.491904
Result:
Res count = 0
Query Execution Time: 22.0115
CPU Time: 0.001024
GPU Time: 20.6868
Transfer Time: 0.006272
Malloc Time: 0.006656

12

 Query: 12 19940101 19940131
Query Prepare Time: 0.122464
 Query Prepare Time using cpu 0.000120401

Query Optimization Time: 2.04083

d_datekey
sg = 1
h_total: 31 output_estimate: 1048576 sg: 1
Filter Kernel time CPU: 0.207744 Transfer size: 31 sg: 1
Transfer Time: 0.010048 sg: 1
Build Kernel time GPU: 0.018432 Build time 0.32768
h_total: 49676 output_estimate: 457560 sg: 30
Filter Probe Kernel time GPU: 0.158528 Transfer size: 49676 sg: 30
Transfer Time : 0.045056 Aggr Kernel time CPU: 0.583456 sg = 30 non demand time = 0.987264
h_total: 3147770 output_estimate: 6291456 sg: 12
Filter Kernel time CPU: 1.843200 Transfer size: 3147770 sg: 12
Transfer Time : 0.485408 h_total: 624634 output_estimate: 1259108 sg: 12
Filter Probe Kernel time GPU: 0.195520 Transfer size: 624634 sg: 12
Transfer Time : 0.219136 Aggr Kernel time CPU: 0.492544 sg = 12 non demand time = 3.33824
Probe time 3.38022
Merge time 0.002208
Result:
Res count = 0
Query Execution Time: 3.76541
CPU Time: 2.33574
GPU Time: 0.19552
Transfer Time: 0.704544
Malloc Time: 0.01536

43

 Query: 43 19970101 19981231
Query Prepare Time: 78.3557
 Query Prepare Time using cpu 0.0783002

Query Optimization Time: 2.77094

s_suppkey
sg = 3
Filter Build Kernel time GPU: 0.039936 d_datekey
sg = 3
Filter Build Kernel time GPU: 0.027616 Build time 0.212992
h_total: 0 output_estimate: 83886080 sg: 44
Probe Kernel time GPU: 1.941504 Transfer size: 0 sg: 44
Transfer Time : 0.001024 h_total: 0 output_estimate: 147849216 sg: 60
Probe Group Kernel time CPU: 0.004096 Probe Kernel time GPU: 3.659776 sg = 44 non demand time = 5.74048
Transfer size: 0 sg: 60
Transfer Time : 0.014144 Group Kernel time CPU: 0.002080 sg = 60 non demand time = 3.8912
Probe time 5.94022
Merge time 1.03885
Result:
Res count = 0
Query Execution Time: 8.97574
CPU Time: 0.004096
GPU Time: 3.65978
Transfer Time: 0.014144
Malloc Time: 0.013312

43

 Query: 43 19970101 19981231
Query Prepare Time: 78.7923
 Query Prepare Time using cpu 0.078738

Query Optimization Time: 2.69926

s_suppkey
sg = 3
Filter Build Kernel time GPU: 0.030720 d_datekey
sg = 3
Filter Build Kernel time GPU: 0.022336 Build time 0.151488
h_total: 0 output_estimate: 83886080 sg: 44
Probe Kernel time GPU: 1.937408 Transfer size: 0 sg: 44
Transfer Time : 0.001024 Probe Group Kernel time CPU: 0.004096 sg = 44 non demand time = 5.69446
h_total: 0 output_estimate: 147849216 sg: 60
Probe Kernel time GPU: 3.681280 Transfer size: 0 sg: 60
Transfer Time : 0.014272 Group Kernel time CPU: 0.002080 sg = 60 non demand time = 3.95469
Probe time 5.98099
Merge time 0.929472
Result:
Res count = 0
Query Execution Time: 8.83254
CPU Time: 0.004096
GPU Time: 3.68128
Transfer Time: 0.014272
Malloc Time: 0.022624

34

 Query: 34 19971201 19971231
Query Prepare Time: 41.0801
 Query Prepare Time using cpu 0.0410652

Query Optimization Time: 2.60787

s_suppkey
sg = 3
Filter Build Kernel time GPU: 0.026784 d_datekey
sg = 1
h_total: 31 output_estimate: 1048576 sg: 1
Filter Kernel time CPU: 0.413472 Transfer size: 31 sg: 1
Transfer Time: 0.009056 sg: 1
Build Kernel time GPU: 0.014336 Build time 0.607232
h_total: 0 output_estimate: 14680064 sg: 14
Probe Kernel time GPU: 0.350240 Transfer size: 0 sg: 14
Transfer Time : 0.006016 Group Kernel time CPU: 0.002016 sg = 14 non demand time = 0.46592
Probe time 0.494592
Merge time 0.414624
Result:
Res count = 0
Query Execution Time: 2.0073
CPU Time: 0.413472
GPU Time: 0.35024
Transfer Time: 0.009056
Malloc Time: 0.013312

23

 Query: 23 1 19981231
Query Prepare Time: 101.425
 Query Prepare Time using cpu 0.101362

Query Optimization Time: 2.66342

s_suppkey
sg = 3
Filter Build Kernel time GPU: 0.028672 d_datekey
sg = 1
Build Kernel time GPU: 95.552353 Build time 95.7164
h_total: 0 output_estimate: 960495616 sg: 14
Probe Kernel time GPU: 26.854143 Transfer size: 0 sg: 14
Transfer Time : 0.005120 Group Kernel time CPU: 0.001952 sg = 14 non demand time = 27.0123
Probe time 27.0776
Merge time 0.757472
Result:
Res count = 0
Query Execution Time: 125.603
CPU Time: 0.001952
GPU Time: 95.5524
Transfer Time: 0.00512
Malloc Time: 0.00496

22

 Query: 22 1 19981231
Query Prepare Time: 101.021
 Query Prepare Time using cpu 0.100955

Query Optimization Time: 2.79859

s_suppkey
sg = 3
Filter Build Kernel time GPU: 0.041920 d_datekey
sg = 1
Build Kernel time GPU: 95.543266 Build time 95.744
h_total: 0 output_estimate: 960495616 sg: 14
Probe Kernel time GPU: 61.872128 Transfer size: 0 sg: 14
Transfer Time : 0.007168 Group Kernel time CPU: 0.002048 sg = 14 non demand time = 62.0307
Probe time 62.0802
Merge time 0.775584
Result:
Res count = 0
Query Execution Time: 160.646
CPU Time: 0.002048
GPU Time: 95.5433
Transfer Time: 0.007168
Malloc Time: 0.005088

12

 Query: 12 19940101 19940131
Query Prepare Time: 0.105344
 Query Prepare Time using cpu 0.000103474

Query Optimization Time: 2.23965

d_datekey
sg = 1
h_total: 31 output_estimate: 1048576 sg: 1
Filter Kernel time CPU: 0.195584 Transfer size: 31 sg: 1
Transfer Time: 0.00944 sg: 1
Build Kernel time GPU: 0.019424 Build time 0.313472
h_total: 49676 output_estimate: 457560 sg: 30
Filter Probe Kernel time GPU: 0.136256 Transfer size: 49676 sg: 30
Transfer Time : 0.050336 Aggr Kernel time CPU: 0.699392 sg = 30 non demand time = 1.09478
h_total: 3147770 output_estimate: 6291456 sg: 12
Filter Kernel time CPU: 1.851392 Transfer size: 3147770 sg: 12
Transfer Time : 0.489472 h_total: 624634 output_estimate: 1259108 sg: 12
Filter Probe Kernel time GPU: 0.192512 Transfer size: 624634 sg: 12
Transfer Time : 0.287552 Aggr Kernel time CPU: 0.887808 sg = 12 non demand time = 3.81565
Probe time 3.85536
Merge time 0.003648
Result:
Res count = 0
Query Execution Time: 4.22675
CPU Time: 2.7392
GPU Time: 0.192512
Transfer Time: 0.777024
Malloc Time: 0.014336

31

 Query: 31 19920101 19971231
Query Prepare Time: 32.5473
 Query Prepare Time using cpu 0.0325439

Query Optimization Time: 2.60381

s_suppkey
sg = 3
Filter Build Kernel time GPU: 0.035840 d_datekey
sg = 3
Filter Build Kernel time GPU: 0.022528 Build time 0.156672
h_total: 0 output_estimate: 876609536 sg: 14
Probe Kernel time GPU: 34.933601 Transfer size: 0 sg: 14
Transfer Time : 0.005952 Group Kernel time CPU: 0.001024 sg = 14 non demand time = 35.0597
Probe time 35.0945
Merge time 0.032704
Result:
Res count = 0
Query Execution Time: 35.3442
CPU Time: 0.001024
GPU Time: 34.9336
Transfer Time: 0.005952
Malloc Time: 0.004896

33

 Query: 33 19920101 19971231
Query Prepare Time: 34.1441
 Query Prepare Time using cpu 0.0341318

Query Optimization Time: 2.53952

s_suppkey
sg = 3
Filter Build Kernel time GPU: 0.035840 d_datekey
sg = 3
Filter Build Kernel time GPU: 0.025600 Build time 0.182208
h_total: 0 output_estimate: 876609536 sg: 14
Probe Kernel time GPU: 19.723265 Transfer size: 0 sg: 14
Transfer Time : 0.006144 Group Kernel time CPU: 0.001024 sg = 14 non demand time = 19.8523
Probe time 19.882
Merge time 0.544928
Result:
Res count = 0
Query Execution Time: 21.097
CPU Time: 0.001024
GPU Time: 19.7233
Transfer Time: 0.006144
Malloc Time: 0.00512

41

 Query: 41 19920101 19981231
Query Prepare Time: 75.9606
 Query Prepare Time using cpu 0.0759556

Query Optimization Time: 2.80166

s_suppkey
sg = 3
Filter Build Kernel time GPU: 0.029696 p_partkey
sg = 3
Filter Build Kernel time GPU: 31.712065 d_datekey
sg = 1
Build Kernel time GPU: 11.073536 Build time 42.9916
h_total: 3994550 output_estimate: 83886080 sg: 44
Probe Kernel time GPU: 2.612224 Transfer size: 3994550 sg: 44
Transfer Time : 25.202688 h_total: 0 output_estimate: 876609536 sg: 60
Probe Kernel time GPU: 25.248640 Transfer size: 0 sg: 60
Transfer Time : 0.013408 Group Kernel time CPU: 0.002048 sg = 60 non demand time = 25.514
Probe Group Kernel time CPU: 2.121824 sg = 44 non demand time = 30.1128
Probe time 30.1895
Merge time 0.004672
Result:
Res count = 0
Query Execution Time: 73.2648
CPU Time: 2.12182
GPU Time: 31.7418
Transfer Time: 25.2027
Malloc Time: 0.015296

22

 Query: 22 1 19981231
Query Prepare Time: 104.133
 Query Prepare Time using cpu 0.104069

Query Optimization Time: 2.69722

s_suppkey
sg = 3
Filter Build Kernel time GPU: 0.027648 d_datekey
sg = 1
Build Kernel time GPU: 95.561729 Build time 95.7246
h_total: 0 output_estimate: 960495616 sg: 14
Probe Kernel time GPU: 61.876225 Transfer size: 0 sg: 14
Transfer Time : 0.007168 Group Kernel time CPU: 0.001024 sg = 14 non demand time = 62.0542
Probe time 62.1097
Merge time 0.75664
Result:
Res count = 0
Query Execution Time: 160.639
CPU Time: 0.001024
GPU Time: 95.5617
Transfer Time: 0.007168
Malloc Time: 0.006208

43

 Query: 43 19970101 19981231
Query Prepare Time: 78.8994
 Query Prepare Time using cpu 0.0788426

Query Optimization Time: 2.65645

s_suppkey
sg = 3
Filter Build Kernel time GPU: 0.037888 d_datekey
sg = 3
Filter Build Kernel time GPU: 0.021600 Build time 0.1792
h_total: 0 output_estimate: 83886080 sg: 44
Probe Kernel time GPU: 1.925120 Transfer size: 0 sg: 44
Transfer Time : 0.002048 Probe Group Kernel time CPU: 0.040800 sg = 44 non demand time = 5.69651
h_total: 0 output_estimate: 147849216 sg: 60
Probe Kernel time GPU: 3.676160 Transfer size: 0 sg: 60
Transfer Time : 0.024576 Group Kernel time CPU: 0.003072 sg = 60 non demand time = 3.99667
Probe time 6.04262
Merge time 1.00848
Result:
Res count = 0
Query Execution Time: 9.01123
CPU Time: 0.0408
GPU Time: 3.67616
Transfer Time: 0.024576
Malloc Time: 0.0256

32

 Query: 32 19920101 19971231
Query Prepare Time: 40.5938
 Query Prepare Time using cpu 0.0405805

Query Optimization Time: 2.63475

s_suppkey
sg = 3
Filter Build Kernel time GPU: 0.026624 d_datekey
sg = 3
Filter Build Kernel time GPU: 0.021408 Build time 0.144384
h_total: 0 output_estimate: 876609536 sg: 14
Probe Kernel time GPU: 20.078625 Transfer size: 0 sg: 14
Transfer Time : 0.007168 Group Kernel time CPU: 0.003072 sg = 14 non demand time = 20.2004
Probe time 20.2322
Merge time 0.502272
Result:
Res count = 0
Query Execution Time: 21.3666
CPU Time: 0.003072
GPU Time: 20.0786
Transfer Time: 0.007168
Malloc Time: 0.00608

21

 Query: 21 1 19981231
Query Prepare Time: 100.406
 Query Prepare Time using cpu 0.100344

Query Optimization Time: 2.76074

s_suppkey
sg = 3
Filter Build Kernel time GPU: 0.043008 p_partkey
sg = 1
p_partkey
sg = 3
Build Kernel time GPU: 60.133377 Filter Build Kernel time GPU: 3.510272 d_datekey
sg = 1
Build Kernel time GPU: 46.599232 Build time 107.102
h_total: 818970335 output_estimate: 960495616 sg: 14
Probe Kernel time GPU: 112.523132 Transfer size: 818970335 sg: 14
Transfer Time : 507.108337 Group Kernel time CPU: 18437.169922 sg = 14 non demand time = 19057
Probe time 19057.1
Merge time 0.501472
Result:
Res count = 0
Query Execution Time: 19166.6
CPU Time: 18437.2
GPU Time: 112.523
Transfer Time: 507.108
Malloc Time: 0.004128

23

 Query: 23 1 19981231
Query Prepare Time: 101.901
 Query Prepare Time using cpu 0.101837

Query Optimization Time: 2.74205

s_suppkey
sg = 3
Filter Build Kernel time GPU: 0.040768 d_datekey
sg = 1
Build Kernel time GPU: 95.455231 Build time 95.6877
h_total: 0 output_estimate: 960495616 sg: 14
Probe Kernel time GPU: 27.649952 Transfer size: 0 sg: 14
Transfer Time : 0.007968 Group Kernel time CPU: 0.002976 sg = 14 non demand time = 27.7946
Probe time 27.8383
Merge time 0.57792
Result:
Res count = 0
Query Execution Time: 126.146
CPU Time: 0.002976
GPU Time: 95.4552
Transfer Time: 0.007968
Malloc Time: 0.003584

32

 Query: 32 19920101 19971231
Query Prepare Time: 40.3619
 Query Prepare Time using cpu 0.0403481

Query Optimization Time: 2.69824

s_suppkey
sg = 3
Filter Build Kernel time GPU: 0.037984 d_datekey
sg = 3
Filter Build Kernel time GPU: 0.026496 Build time 0.201728
h_total: 0 output_estimate: 876609536 sg: 14
Probe Kernel time GPU: 20.084736 Transfer size: 0 sg: 14
Transfer Time : 0.008000 Group Kernel time CPU: 0.002944 sg = 14 non demand time = 20.2344
Probe time 20.2752
Merge time 0.378848
Result:
Res count = 0
Query Execution Time: 21.3406
CPU Time: 0.002944
GPU Time: 20.0847
Transfer Time: 0.008
Malloc Time: 0.008096

11

 Query: 11 19930101 19931231
Query Prepare Time: 0.12864
 Query Prepare Time using cpu 0.000126839

Query Optimization Time: 2.12272

d_datekey
sg = 3
Filter Build Kernel time GPU: 0.028512 Build time 0.070656
h_total: 17716 output_estimate: 643444 sg: 30
Filter Probe Kernel time GPU: 0.160992 Transfer size: 17716 sg: 30
Transfer Time : 0.030528 Aggr Kernel time CPU: 0.196672 sg = 30 non demand time = 0.603136
h_total: 69967188 output_estimate: 109314048 sg: 22
Filter Kernel time CPU: 12.925024 Transfer size: 69967188 sg: 22
Transfer Time : 10.483712 h_total: 19047358 output_estimate: 28622938 sg: 22
Filter Probe Kernel time GPU: 2.341888 Transfer size: 19047358 sg: 22
Transfer Time : 5.921792 Aggr Kernel time CPU: 5.603488 sg = 22 non demand time = 37.4313
Probe time 37.5142
Merge time 0.003616
Result:
Res count = 0
Query Execution Time: 37.654
CPU Time: 18.5285
GPU Time: 2.34189
Transfer Time: 16.4055
Malloc Time: 0.008704

32

 Query: 32 19920101 19971231
Query Prepare Time: 38.0876
 Query Prepare Time using cpu 0.0380743

Query Optimization Time: 2.67981

s_suppkey
sg = 3
Filter Build Kernel time GPU: 0.028608 d_datekey
sg = 3
Filter Build Kernel time GPU: 0.025824 Build time 0.152576
h_total: 0 output_estimate: 876609536 sg: 14
Probe Kernel time GPU: 20.083712 Transfer size: 0 sg: 14
Transfer Time : 0.007168 Group Kernel time CPU: 0.002048 sg = 14 non demand time = 20.2262
Probe time 20.2621
Merge time 0.451584
Result:
Res count = 0
Query Execution Time: 21.3559
CPU Time: 0.002048
GPU Time: 20.0837
Transfer Time: 0.007168
Malloc Time: 0.006144

22

 Query: 22 1 19981231
Query Prepare Time: 101.044
 Query Prepare Time using cpu 0.10098

Query Optimization Time: 2.71565

s_suppkey
sg = 3
Filter Build Kernel time GPU: 0.039936 d_datekey
sg = 1
Build Kernel time GPU: 95.527939 Build time 95.745
h_total: 0 output_estimate: 960495616 sg: 14
Probe Kernel time GPU: 62.155777 Transfer size: 0 sg: 14
Transfer Time : 0.004096 Group Kernel time CPU: 0.001888 sg = 14 non demand time = 62.3032
Probe time 62.3493
Merge time 0.735488
Result:
Res count = 0
Query Execution Time: 160.87
CPU Time: 0.001888
GPU Time: 95.5279
Transfer Time: 0.004096
Malloc Time: 0.005216

33

 Query: 33 19920101 19971231
Query Prepare Time: 40.9505
 Query Prepare Time using cpu 0.0409379

Query Optimization Time: 2.75046

s_suppkey
sg = 3
Filter Build Kernel time GPU: 0.037696 d_datekey
sg = 3
Filter Build Kernel time GPU: 0.025600 Build time 0.19984
h_total: 0 output_estimate: 876609536 sg: 14
Probe Kernel time GPU: 19.729471 Transfer size: 0 sg: 14
Transfer Time : 0.006336 Group Kernel time CPU: 0.002048 sg = 14 non demand time = 19.8605
Probe time 19.9136
Merge time 0.475296
Result:
Res count = 0
Query Execution Time: 21.0842
CPU Time: 0.002048
GPU Time: 19.7295
Transfer Time: 0.006336
Malloc Time: 0.006144

32

 Query: 32 19920101 19971231
Query Prepare Time: 40.2044
 Query Prepare Time using cpu 0.0401933

Query Optimization Time: 2.73203

s_suppkey
sg = 3
Filter Build Kernel time GPU: 0.038720 d_datekey
sg = 3
Filter Build Kernel time GPU: 0.026464 Build time 0.19968
h_total: 0 output_estimate: 876609536 sg: 14
Probe Kernel time GPU: 20.081823 Transfer size: 0 sg: 14
Transfer Time : 0.007168 Group Kernel time CPU: 0.003072 sg = 14 non demand time = 20.2353
Probe time 20.2711
Merge time 0.416288
Result:
Res count = 0
Query Execution Time: 21.3854
CPU Time: 0.003072
GPU Time: 20.0818
Transfer Time: 0.007168
Malloc Time: 0.006144

34

 Query: 34 19971201 19971231
Query Prepare Time: 39.7792
 Query Prepare Time using cpu 0.0397663

Query Optimization Time: 2.66762

s_suppkey
sg = 3
Filter Build Kernel time GPU: 0.045888 d_datekey
sg = 1
h_total: 31 output_estimate: 1048576 sg: 1
Filter Kernel time CPU: 0.406528 Transfer size: 31 sg: 1
Transfer Time: 0.008192 sg: 1
Build Kernel time GPU: 0.014336 Build time 0.649248
h_total: 0 output_estimate: 14680064 sg: 14
Probe Kernel time GPU: 0.347136 Transfer size: 0 sg: 14
Transfer Time : 0.005120 Group Kernel time CPU: 0.002048 sg = 14 non demand time = 0.456768
Probe time 0.480256
Merge time 0.435712
Result:
Res count = 0
Query Execution Time: 2.04394
CPU Time: 0.406528
GPU Time: 0.347136
Transfer Time: 0.008192
Malloc Time: 0.01344

21

 Query: 21 1 19981231
Query Prepare Time: 100.838
 Query Prepare Time using cpu 0.100772

Query Optimization Time: 2.75878

s_suppkey
sg = 3
Filter Build Kernel time GPU: 0.043008 p_partkey
sg = 1
p_partkey
sg = 3
Build Kernel time GPU: 60.211201 Filter Build Kernel time GPU: 3.520512 d_datekey
sg = 1
Build Kernel time GPU: 46.610432 Build time 107.213
h_total: 818995388 output_estimate: 960495616 sg: 14
Probe Kernel time GPU: 112.417793 Transfer size: 818995388 sg: 14
Transfer Time : 507.154510 Group Kernel time CPU: 18395.429688 sg = 14 non demand time = 19015.2
Probe time 19015.2
Merge time 0.491296
Result:
Res count = 0
Query Execution Time: 19124.9
CPU Time: 18395.4
GPU Time: 112.418
Transfer Time: 507.155
Malloc Time: 0.00512

31

 Query: 31 19920101 19971231
Query Prepare Time: 38.0363
 Query Prepare Time using cpu 0.0380313

Query Optimization Time: 2.74739

s_suppkey
sg = 3
Filter Build Kernel time GPU: 0.045056 d_datekey
sg = 3
Filter Build Kernel time GPU: 0.027648 Build time 0.2304
h_total: 0 output_estimate: 876609536 sg: 14
Probe Kernel time GPU: 35.029953 Transfer size: 0 sg: 14
Transfer Time : 0.004096 Group Kernel time CPU: 0.002048 sg = 14 non demand time = 35.1549
Probe time 35.1989
Merge time 0.037664
Result:
Res count = 0
Query Execution Time: 35.5434
CPU Time: 0.002048
GPU Time: 35.03
Transfer Time: 0.004096
Malloc Time: 0.00496

33

 Query: 33 19920101 19971231
Query Prepare Time: 38.1513
 Query Prepare Time using cpu 0.038136

Query Optimization Time: 2.68288

s_suppkey
sg = 3
Filter Build Kernel time GPU: 0.037888 d_datekey
sg = 3
Filter Build Kernel time GPU: 0.027648 Build time 0.188416
h_total: 0 output_estimate: 876609536 sg: 14
Probe Kernel time GPU: 20.704256 Transfer size: 0 sg: 14
Transfer Time : 0.007008 Group Kernel time CPU: 0.003072 sg = 14 non demand time = 20.8548
Probe time 20.8986
Merge time 0.418144
Result:
Res count = 0
Query Execution Time: 21.9928
CPU Time: 0.003072
GPU Time: 20.7043
Transfer Time: 0.007008
Malloc Time: 0.00624

34

 Query: 34 19971201 19971231
Query Prepare Time: 39.8759
 Query Prepare Time using cpu 0.0398648

Query Optimization Time: 2.6736

s_suppkey
sg = 3
Filter Build Kernel time GPU: 0.036864 d_datekey
sg = 1
h_total: 31 output_estimate: 1048576 sg: 1
Filter Kernel time CPU: 0.202880 Transfer size: 31 sg: 1
Transfer Time: 0.009216 sg: 1
Build Kernel time GPU: 0.016288 Build time 0.464864
h_total: 0 output_estimate: 14680064 sg: 14
Probe Kernel time GPU: 0.364544 Transfer size: 0 sg: 14
Transfer Time : 0.007136 Group Kernel time CPU: 0.002048 sg = 14 non demand time = 0.489472
Probe time 0.521376
Merge time 0.386496
Result:
Res count = 0
Query Execution Time: 1.87126
CPU Time: 0.20288
GPU Time: 0.364544
Transfer Time: 0.009216
Malloc Time: 0.014528

33

 Query: 33 19920101 19971231
Query Prepare Time: 38.6327
 Query Prepare Time using cpu 0.0386178

Query Optimization Time: 2.77485

s_suppkey
sg = 3
Filter Build Kernel time GPU: 0.045056 d_datekey
sg = 3
Filter Build Kernel time GPU: 0.029696 Build time 0.228352
h_total: 0 output_estimate: 876609536 sg: 14
Probe Kernel time GPU: 20.679712 Transfer size: 0 sg: 14
Transfer Time : 0.007136 Group Kernel time CPU: 0.002944 sg = 14 non demand time = 20.8241
Probe time 20.8609
Merge time 0.3832
Result:
Res count = 0
Query Execution Time: 21.9634
CPU Time: 0.002944
GPU Time: 20.6797
Transfer Time: 0.007136
Malloc Time: 0.006144

42

 Query: 42 19970101 19981231
Query Prepare Time: 76.379
 Query Prepare Time using cpu 0.0763726

Query Optimization Time: 2.79654

s_suppkey
sg = 3
Filter Build Kernel time GPU: 0.041984 p_partkey
sg = 3
Filter Build Kernel time GPU: 31.737856 d_datekey
sg = 3
Filter Build Kernel time GPU: 0.027648 Build time 32.0338
h_total: 3994550 output_estimate: 83886080 sg: 44
Probe Kernel time GPU: 2.695168 Transfer size: 3994550 sg: 44
h_total: 0 output_estimate: 147849216 sg: 60
Probe Kernel time GPU: 4.447232 Transfer size: 0 sg: 60
Transfer Time : 0.001024 Group Kernel time CPU: 0.001024 Transfer Time : 3.290112 sg = 60 non demand time = 7.17939
Probe Group Kernel time CPU: 2.474880 sg = 44 non demand time = 12.4068
Probe time 12.4887
Merge time 0.02016
Result:
Res count = 0
Query Execution Time: 44.6104
CPU Time: 2.47488
GPU Time: 31.8075
Transfer Time: 3.29011
Malloc Time: 0.034816

22

 Query: 22 1 19981231
Query Prepare Time: 103.365
 Query Prepare Time using cpu 0.103299

Query Optimization Time: 2.81181

s_suppkey
sg = 3
Filter Build Kernel time GPU: 0.036864 d_datekey
sg = 1
Build Kernel time GPU: 95.477760 Build time 95.6766
h_total: 0 output_estimate: 960495616 sg: 14
Probe Kernel time GPU: 62.033920 Transfer size: 0 sg: 14
Transfer Time : 0.008192 Group Kernel time CPU: 0.002112 sg = 14 non demand time = 62.1763
Probe time 62.2397
Merge time 0.7472
Result:
Res count = 0
Query Execution Time: 160.703
CPU Time: 0.002112
GPU Time: 95.4778
Transfer Time: 0.008192
Malloc Time: 0.005792

12

 Query: 12 19940101 19940131
Query Prepare Time: 0.105568
 Query Prepare Time using cpu 0.000104189

Query Optimization Time: 2.26822

d_datekey
sg = 1
h_total: 31 output_estimate: 1048576 sg: 1
Filter Kernel time CPU: 0.210848 Transfer size: 31 sg: 1
Transfer Time: 0.01024 sg: 1
Build Kernel time GPU: 0.021504 Build time 0.333696
h_total: 49676 output_estimate: 457560 sg: 30
Filter Probe Kernel time GPU: 0.150528 Transfer size: 49676 sg: 30
Transfer Time : 0.050176 Aggr Kernel time CPU: 0.742400 sg = 30 non demand time = 1.15507
h_total: 3147770 output_estimate: 6291456 sg: 12
Filter Kernel time CPU: 1.844000 Transfer size: 3147770 sg: 12
Transfer Time : 0.486432 h_total: 624634 output_estimate: 1259108 sg: 12
Filter Probe Kernel time GPU: 0.189440 Transfer size: 624634 sg: 12
Transfer Time : 0.277472 Aggr Kernel time CPU: 0.475360 sg = 12 non demand time = 3.38557
Probe time 3.43347
Merge time 0.002048
Result:
Res count = 0
Query Execution Time: 3.83002
CPU Time: 2.31936
GPU Time: 0.18944
Transfer Time: 0.763904
Malloc Time: 0.015424

32

 Query: 32 19920101 19971231
Query Prepare Time: 38.6985
 Query Prepare Time using cpu 0.0386868

Query Optimization Time: 2.76394

s_suppkey
sg = 3
Filter Build Kernel time GPU: 0.037024 d_datekey
sg = 3
Filter Build Kernel time GPU: 0.026624 Build time 0.20992
h_total: 0 output_estimate: 876609536 sg: 14
Probe Kernel time GPU: 20.081663 Transfer size: 0 sg: 14
Transfer Time : 0.004128 Group Kernel time CPU: 0.001024 sg = 14 non demand time = 20.2035
Probe time 20.2301
Merge time 0.466656
Result:
Res count = 0
Query Execution Time: 21.3915
CPU Time: 0.001024
GPU Time: 20.0817
Transfer Time: 0.004128
Malloc Time: 0.004928

33

 Query: 33 19920101 19971231
Query Prepare Time: 40.2394
 Query Prepare Time using cpu 0.0402277

Query Optimization Time: 2.70643

s_suppkey
sg = 3
Filter Build Kernel time GPU: 0.036864 d_datekey
sg = 3
Filter Build Kernel time GPU: 0.021504 Build time 0.18624
h_total: 0 output_estimate: 876609536 sg: 14
Probe Kernel time GPU: 19.713951 Transfer size: 0 sg: 14
Transfer Time : 0.004096 Group Kernel time CPU: 0.001024 sg = 14 non demand time = 19.8256
Probe time 19.8656
Merge time 0.484096
Result:
Res count = 0
Query Execution Time: 21.0174
CPU Time: 0.001024
GPU Time: 19.714
Transfer Time: 0.004096
Malloc Time: 0.004736

13

 Query: 13 19940204 19940210
Query Prepare Time: 0.14672
 Query Prepare Time using cpu 0.000144958

Query Optimization Time: 2.02646

d_datekey
sg = 3
Filter Build Kernel time GPU: 0.030912 Build time 0.085824
h_total: 0 output_estimate: 128688 sg: 30
Filter Probe Kernel time GPU: 0.143552 Transfer size: 0 sg: 30
Transfer Time : 0.009216 Aggr Kernel time CPU: 0.003072 sg = 30 non demand time = 0.407552
h_total: 171384 output_estimate: 386066 sg: 4
Filter Kernel time CPU: 0.775328 Transfer size: 171384 sg: 4
Transfer Time : 0.039936 h_total: 152125 output_estimate: 171384 sg: 4
Probe Kernel time GPU: 0.035840 Transfer size: 152125 sg: 4
Transfer Time : 0.084864 Aggr Kernel time CPU: 0.138240 sg = 4 non demand time = 1.19398
Probe time 1.23802
Merge time 0.00176
Result:
Res count = 0
Query Execution Time: 1.3879
CPU Time: 0.913568
GPU Time: 0.143552
Transfer Time: 0.1248
Malloc Time: 0.007168

33

 Query: 33 19920101 19971231
Query Prepare Time: 40.0571
 Query Prepare Time using cpu 0.0400438

Query Optimization Time: 2.66534

s_suppkey
sg = 3
Filter Build Kernel time GPU: 0.035840 d_datekey
sg = 3
Filter Build Kernel time GPU: 0.024576 Build time 0.193376
h_total: 0 output_estimate: 876609536 sg: 14
Probe Kernel time GPU: 19.729408 Transfer size: 0 sg: 14
Transfer Time : 0.008128 Group Kernel time CPU: 0.002048 sg = 14 non demand time = 19.8892
Probe time 19.9268
Merge time 0.445536
Result:
Res count = 0
Query Execution Time: 21.0568
CPU Time: 0.002048
GPU Time: 19.7294
Transfer Time: 0.008128
Malloc Time: 0.00384

22

 Query: 22 1 19981231
Query Prepare Time: 100.725
 Query Prepare Time using cpu 0.100663

Query Optimization Time: 2.70643

s_suppkey
sg = 3
Filter Build Kernel time GPU: 0.028608 d_datekey
sg = 1
Build Kernel time GPU: 95.578110 Build time 95.7438
h_total: 0 output_estimate: 960495616 sg: 14
Probe Kernel time GPU: 61.853920 Transfer size: 0 sg: 14
Transfer Time : 0.004096 Group Kernel time CPU: 0.002048 sg = 14 non demand time = 62.0124
Probe time 62.0585
Merge time 0.71088
Result:
Res count = 0
Query Execution Time: 160.568
CPU Time: 0.002048
GPU Time: 95.5781
Transfer Time: 0.004096
Malloc Time: 0.003264

32

 Query: 32 19920101 19971231
Query Prepare Time: 40.6157
 Query Prepare Time using cpu 0.0406032

Query Optimization Time: 2.76563

s_suppkey
sg = 3
Filter Build Kernel time GPU: 0.028672 d_datekey
sg = 3
Filter Build Kernel time GPU: 0.020544 Build time 0.167936
h_total: 0 output_estimate: 876609536 sg: 14
Probe Kernel time GPU: 20.083712 Transfer size: 0 sg: 14
Transfer Time : 0.006272 Group Kernel time CPU: 0.002112 sg = 14 non demand time = 20.2209
Probe time 20.2537
Merge time 0.442176
Result:
Res count = 0
Query Execution Time: 21.354
CPU Time: 0.002112
GPU Time: 20.0837
Transfer Time: 0.006272
Malloc Time: 0.006432

13

 Query: 13 19940204 19940210
Query Prepare Time: 0.152704
 Query Prepare Time using cpu 0.000149965

Query Optimization Time: 2.02445

d_datekey
sg = 3
Filter Build Kernel time GPU: 0.031808 Build time 0.088064
h_total: 0 output_estimate: 128688 sg: 30
Filter Probe Kernel time GPU: 0.135168 Transfer size: 0 sg: 30
Transfer Time : 0.008192 Aggr Kernel time CPU: 0.003072 sg = 30 non demand time = 0.349184
h_total: 171384 output_estimate: 386066 sg: 4
Filter Kernel time CPU: 0.781312 Transfer size: 171384 sg: 4
Transfer Time : 0.040064 h_total: 152125 output_estimate: 171384 sg: 4
Probe Kernel time GPU: 0.034816 Transfer size: 152125 sg: 4
Transfer Time : 0.080896 Aggr Kernel time CPU: 0.135168 sg = 4 non demand time = 1.20317
Probe time 1.24922
Merge time 0.002016
Result:
Res count = 0
Query Execution Time: 1.40355
CPU Time: 0.91648
GPU Time: 0.135168
Transfer Time: 0.12096
Malloc Time: 0.009216

33

 Query: 33 19920101 19971231
Query Prepare Time: 40.0359
 Query Prepare Time using cpu 0.0400224

Query Optimization Time: 2.72077

s_suppkey
sg = 3
Filter Build Kernel time GPU: 0.037888 d_datekey
sg = 3
Filter Build Kernel time GPU: 0.026624 Build time 0.193536
h_total: 0 output_estimate: 876609536 sg: 14
Probe Kernel time GPU: 19.725121 Transfer size: 0 sg: 14
Transfer Time : 0.007168 Group Kernel time CPU: 0.002048 sg = 14 non demand time = 19.8666
Probe time 19.9066
Merge time 0.545664
Result:
Res count = 0
Query Execution Time: 21.1366
CPU Time: 0.002048
GPU Time: 19.7251
Transfer Time: 0.007168
Malloc Time: 0.003488

13

 Query: 13 19940204 19940210
Query Prepare Time: 0.096448
 Query Prepare Time using cpu 9.5129e-05

Query Optimization Time: 2.11875

d_datekey
sg = 3
Filter Build Kernel time GPU: 0.023552 Build time 0.065536
h_total: 0 output_estimate: 128688 sg: 30
Filter Probe Kernel time GPU: 0.301056 Transfer size: 0 sg: 30
Transfer Time : 0.012288 Aggr Kernel time CPU: 0.002048 sg = 30 non demand time = 0.606208
h_total: 171384 output_estimate: 386066 sg: 4
Filter Kernel time CPU: 0.943904 Transfer size: 171384 sg: 4
Transfer Time : 0.040960 h_total: 152125 output_estimate: 171384 sg: 4
Probe Kernel time GPU: 0.036800 Transfer size: 152125 sg: 4
Transfer Time : 0.082784 Aggr Kernel time CPU: 0.186400 sg = 4 non demand time = 1.408
Probe time 1.44803
Merge time 0.002304
Result:
Res count = 0
Query Execution Time: 1.56781
CPU Time: 1.1303
GPU Time: 0.301056
Transfer Time: 0.123744
Malloc Time: 0.0072

41

 Query: 41 19920101 19981231
Query Prepare Time: 76.403
 Query Prepare Time using cpu 0.0763993

Query Optimization Time: 2.90304

s_suppkey
sg = 3
Filter Build Kernel time GPU: 0.038912 p_partkey
sg = 3
Filter Build Kernel time GPU: 31.719423 d_datekey
sg = 1
Build Kernel time GPU: 11.062272 Build time 43.0418
h_total: 3994550 output_estimate: 83886080 sg: 44
Probe Kernel time GPU: 2.609152 Transfer size: 3994550 sg: 44
h_total: 0 output_estimate: 876609536 sg: 60
Probe Kernel time GPU: 25.899008 Transfer size: 0 sg: 60
Transfer Time : 0.001824 Group Kernel time CPU: 0.001024 Transfer Time : 3.293216 sg = 60 non demand time = 28.6341
Probe Group Kernel time CPU: 2.174976 sg = 44 non demand time = 33.4806
Probe time 33.5615
Merge time 0.004256
Result:
Res count = 0
Query Execution Time: 76.6902
CPU Time: 2.17498
GPU Time: 31.7583
Transfer Time: 3.29322
Malloc Time: 0.007104

23

 Query: 23 1 19981231
Query Prepare Time: 102.806
 Query Prepare Time using cpu 0.102742

Query Optimization Time: 2.78835

s_suppkey
sg = 3
Filter Build Kernel time GPU: 0.037792 d_datekey
sg = 1
Build Kernel time GPU: 95.551491 Build time 95.7747
h_total: 0 output_estimate: 960495616 sg: 14
Probe Kernel time GPU: 26.696705 Transfer size: 0 sg: 14
Transfer Time : 0.004096 Group Kernel time CPU: 0.001024 sg = 14 non demand time = 26.8339
Probe time 26.8749
Merge time 0.749792
Result:
Res count = 0
Query Execution Time: 125.45
CPU Time: 0.001024
GPU Time: 95.5515
Transfer Time: 0.004096
Malloc Time: 0.005984

34

 Query: 34 19971201 19971231
Query Prepare Time: 40.9525
 Query Prepare Time using cpu 0.0409422

Query Optimization Time: 2.688

s_suppkey
sg = 3
Filter Build Kernel time GPU: 0.047104 d_datekey
sg = 1
h_total: 31 output_estimate: 1048576 sg: 1
Filter Kernel time CPU: 0.352256 Transfer size: 31 sg: 1
Transfer Time: 0.008192 sg: 1
Build Kernel time GPU: 0.012288 Build time 0.613376
h_total: 0 output_estimate: 14680064 sg: 14
Probe Kernel time GPU: 0.350080 Transfer size: 0 sg: 14
Transfer Time : 0.006144 Group Kernel time CPU: 0.002048 sg = 14 non demand time = 0.473312
Probe time 0.50176
Merge time 0.420128
Result:
Res count = 0
Query Execution Time: 2.02192
CPU Time: 0.352256
GPU Time: 0.35008
Transfer Time: 0.008192
Malloc Time: 0.015424

42

 Query: 42 19970101 19981231
Query Prepare Time: 76.4647
 Query Prepare Time using cpu 0.0764608

Query Optimization Time: 2.75763

s_suppkey
sg = 3
Filter Build Kernel time GPU: 0.038912 p_partkey
sg = 3
Filter Build Kernel time GPU: 31.733728 d_datekey
sg = 3
Filter Build Kernel time GPU: 0.035840 Build time 32.041
h_total: 3994550 output_estimate: 83886080 sg: 44
Probe Kernel time GPU: 2.608960 Transfer size: 3994550 sg: 44
Transfer Time : 3.641344 h_total: 0 output_estimate: 147849216 sg: 60
Probe Kernel time GPU: 3.675104 Transfer size: 0 sg: 60
Transfer Time : 0.016544 Group Kernel time CPU: 0.002048 sg = 60 non demand time = 3.96493
Probe Group Kernel time CPU: 2.625536 sg = 44 non demand time = 9.0153
Probe time 9.1001
Merge time 0.045216
Result:
Res count = 0
Query Execution Time: 41.2615
CPU Time: 2.62554
GPU Time: 31.8085
Transfer Time: 3.64134
Malloc Time: 0.016384

13

 Query: 13 19940204 19940210
Query Prepare Time: 0.09872
 Query Prepare Time using cpu 9.67979e-05

Query Optimization Time: 2.22326

d_datekey
sg = 3
Filter Build Kernel time GPU: 0.025536 Build time 0.062464
h_total: 0 output_estimate: 128688 sg: 30
Filter Probe Kernel time GPU: 0.110720 Transfer size: 0 sg: 30
Transfer Time : 0.009216 Aggr Kernel time CPU: 0.002912 sg = 30 non demand time = 0.297984
h_total: 171384 output_estimate: 386066 sg: 4
Filter Kernel time CPU: 0.751616 Transfer size: 171384 sg: 4
Transfer Time : 0.039936 h_total: 152125 output_estimate: 171384 sg: 4
Probe Kernel time GPU: 0.035840 Transfer size: 152125 sg: 4
Transfer Time : 0.067584 Aggr Kernel time CPU: 0.144160 sg = 4 non demand time = 1.1479
Probe time 1.19184
Merge time 0.002144
Result:
Res count = 0
Query Execution Time: 1.30458
CPU Time: 0.895776
GPU Time: 0.11072
Transfer Time: 0.10752
Malloc Time: 0.008384

43

 Query: 43 19970101 19981231
Query Prepare Time: 79.1987
 Query Prepare Time using cpu 0.0791414

Query Optimization Time: 2.7607

s_suppkey
sg = 3
Filter Build Kernel time GPU: 0.041984 d_datekey
sg = 3
Filter Build Kernel time GPU: 0.026624 Build time 0.21296
h_total: 0 output_estimate: 83886080 sg: 44
Probe Kernel time GPU: 1.928320 Transfer size: 0 sg: 44
Transfer Time : 0.002048 Probe Group Kernel time CPU: 0.001024 h_total: 0 output_estimate: 147849216 sg: 60
Probe Kernel time GPU: 3.642368 sg = 44 non demand time = 5.66374
Transfer size: 0 sg: 60
Transfer Time : 0.009216 Group Kernel time CPU: 0.001984 sg = 60 non demand time = 3.87072
Probe time 5.89312
Merge time 0.929984
Result:
Res count = 0
Query Execution Time: 8.8159
CPU Time: 0.001984
GPU Time: 3.64237
Transfer Time: 0.009216
Malloc Time: 0.041856

21

 Query: 21 1 19981231
Query Prepare Time: 101.597
 Query Prepare Time using cpu 0.101533

Query Optimization Time: 2.75872

s_suppkey
sg = 3
Filter Build Kernel time GPU: 0.042048 p_partkey
sg = 1
p_partkey
sg = 3
Build Kernel time GPU: 60.509186 Filter Build Kernel time GPU: 3.527520 d_datekey
sg = 1
Build Kernel time GPU: 46.620670 Build time 107.552
h_total: 818458056 output_estimate: 960495616 sg: 14
Probe Kernel time GPU: 112.559105 Transfer size: 818458056 sg: 14
Transfer Time : 506.795013 Group Kernel time CPU: 18389.904297 sg = 14 non demand time = 19009.4
Probe time 19009.5
Merge time 0.49504
Result:
Res count = 0
Query Execution Time: 19119.6
CPU Time: 18389.9
GPU Time: 112.559
Transfer Time: 506.795
Malloc Time: 0.00416

42

 Query: 42 19970101 19981231
Query Prepare Time: 74.5196
 Query Prepare Time using cpu 0.0745134

Query Optimization Time: 2.68989

s_suppkey
sg = 3
Filter Build Kernel time GPU: 0.038912 p_partkey
sg = 3
Filter Build Kernel time GPU: 31.723520 d_datekey
sg = 3
Filter Build Kernel time GPU: 0.031552 Build time 32.0184
h_total: 3994550 output_estimate: 83886080 sg: 44
Probe Kernel time GPU: 2.732096 Transfer size: 3994550 sg: 44
h_total: 0 output_estimate: 147849216 sg: 60
Probe Kernel time GPU: 3.801088 Transfer size: 0 sg: 60
Transfer Time : 0.001024 Group Kernel time CPU: 0.001024 sg = 60 non demand time = Transfer Time : 3.287040 7.13318
Probe Group Kernel time CPU: 1.870976 sg = 44 non demand time = 11.7463
Probe time 11.8231
Merge time 0.012768
Result:
Res count = 0
Query Execution Time: 43.9357
CPU Time: 1.87098
GPU Time: 31.794
Transfer Time: 3.28704
Malloc Time: 0.006048

43

 Query: 43 19970101 19981231
Query Prepare Time: 77.4495
 Query Prepare Time using cpu 0.0773931

Query Optimization Time: 2.63587

s_suppkey
sg = 3
Filter Build Kernel time GPU: 0.031712 d_datekey
sg = 3
Filter Build Kernel time GPU: 0.024576 Build time 0.177152
h_total: 0 output_estimate: 83886080 sg: 44
Probe Kernel time GPU: 2.020352 Transfer size: 0 sg: 44
h_total: 0 output_estimate: 147849216 sg: 60
Probe Kernel time GPU: 3.829632 Transfer Time : 0.027552 Probe Group Kernel time CPU: 0.006144 Transfer size: 0 sg: 60
sg = 44 non demand time = 6.00474
Transfer Time : 0.011264 Group Kernel time CPU: 0.002048 sg = 60 non demand time = 4.04582
Probe time 6.19622
Merge time 0.834528
Result:
Res count = 0
Query Execution Time: 8.99213
CPU Time: 0.006144
GPU Time: 3.82963
Transfer Time: 0.027552
Malloc Time: 0.01024

43

 Query: 43 19970101 19981231
Query Prepare Time: 77.2516
 Query Prepare Time using cpu 0.0771961

Query Optimization Time: 2.67469

s_suppkey
sg = 3
Filter Build Kernel time GPU: 0.044032 d_datekey
sg = 3
Filter Build Kernel time GPU: 0.025600 Build time 0.23232
h_total: 0 output_estimate: 83886080 sg: 44
Probe Kernel time GPU: 2.018304 Transfer size: 0 sg: 44
Transfer Time : 0.014304 Probe Group Kernel time CPU: 0.001024 sg = 44 non demand time = 5.90336
h_total: 0 output_estimate: 147849216 sg: 60
Probe Kernel time GPU: 3.835040 Transfer size: 0 sg: 60
Transfer Time : 0.015360 Group Kernel time CPU: 0.004096 sg = 60 non demand time = 4.10602
Probe time 6.21875
Merge time 0.933632
Result:
Res count = 0
Query Execution Time: 9.17427
CPU Time: 0.004096
GPU Time: 3.83504
Transfer Time: 0.01536
Malloc Time: 0.0104

13

 Query: 13 19940204 19940210
Query Prepare Time: 0.129728
 Query Prepare Time using cpu 0.000126839

Query Optimization Time: 2.08691

d_datekey
sg = 3
Filter Build Kernel time GPU: 0.026624 Build time 0.069632
h_total: 0 output_estimate: 128688 sg: 30
Filter Probe Kernel time GPU: 0.140288 Transfer size: 0 sg: 30
Transfer Time : 0.010240 Aggr Kernel time CPU: 0.003072 sg = 30 non demand time = 0.359424
h_total: 171384 output_estimate: 386066 sg: 4
Filter Kernel time CPU: 0.733184 Transfer size: 171384 sg: 4
Transfer Time : 0.040960 h_total: 152125 output_estimate: 171384 sg: 4
Probe Kernel time GPU: 0.035840 Transfer size: 152125 sg: 4
Transfer Time : 0.081920 Aggr Kernel time CPU: 0.141312 sg = 4 non demand time = 1.16429
Probe time 1.20643
Merge time 0.0032
Result:
Res count = 0
Query Execution Time: 1.34208
CPU Time: 0.874496
GPU Time: 0.140288
Transfer Time: 0.12288
Malloc Time: 0.00736

34

 Query: 34 19971201 19971231
Query Prepare Time: 39.1557
 Query Prepare Time using cpu 0.0391421

Query Optimization Time: 2.65114

s_suppkey
sg = 3
Filter Build Kernel time GPU: 0.038912 d_datekey
sg = 1
h_total: 31 output_estimate: 1048576 sg: 1
Filter Kernel time CPU: 0.336896 Transfer size: 31 sg: 1
Transfer Time: 0.010368 sg: 1
Build Kernel time GPU: 0.016256 Build time 0.609344
h_total: 0 output_estimate: 14680064 sg: 14
Probe Kernel time GPU: 0.366592 Transfer size: 0 sg: 14
Transfer Time : 0.007168 Group Kernel time CPU: 0.002048 sg = 14 non demand time = 0.466944
Probe time 0.498688
Merge time 0.434016
Result:
Res count = 0
Query Execution Time: 2.03338
CPU Time: 0.336896
GPU Time: 0.366592
Transfer Time: 0.010368
Malloc Time: 0.015488

31

 Query: 31 19920101 19971231
Query Prepare Time: 37.0785
 Query Prepare Time using cpu 0.0370746

Query Optimization Time: 2.60909

s_suppkey
sg = 3
Filter Build Kernel time GPU: 0.033792 d_datekey
sg = 3
Filter Build Kernel time GPU: 0.022592 Build time 0.160672
h_total: 0 output_estimate: 876609536 sg: 14
Probe Kernel time GPU: 35.018879 Transfer size: 0 sg: 14
Transfer Time : 0.004096 Group Kernel time CPU: 0.001024 sg = 14 non demand time = 35.1212
Probe time 35.1468
Merge time 0.02288
Result:
Res count = 0
Query Execution Time: 35.3811
CPU Time: 0.001024
GPU Time: 35.0189
Transfer Time: 0.004096
Malloc Time: 0.00624

12

 Query: 12 19940101 19940131
Query Prepare Time: 0.145984
 Query Prepare Time using cpu 0.000142574

Query Optimization Time: 2.048

d_datekey
sg = 1
h_total: 31 output_estimate: 1048576 sg: 1
Filter Kernel time CPU: 0.322720 Transfer size: 31 sg: 1
Transfer Time: 0.01024 sg: 1
Build Kernel time GPU: 0.018432 Build time 0.451776
h_total: 49676 output_estimate: 457560 sg: 30
Filter Probe Kernel time GPU: 0.343008 Transfer size: 49676 sg: 30
Transfer Time : 0.039936 Aggr Kernel time CPU: 0.871424 sg = 30 non demand time = 1.50426
h_total: 3147770 output_estimate: 6291456 sg: 12
Filter Kernel time CPU: 1.919104 Transfer size: 3147770 sg: 12
Transfer Time : 0.486432 h_total: 624634 output_estimate: 1259108 sg: 12
Filter Probe Kernel time GPU: 0.195680 Transfer size: 624634 sg: 12
Transfer Time : 0.221184 Aggr Kernel time CPU: 0.498688 sg = 12 non demand time = 3.48774
Probe time 3.52563
Merge time 0.00448
Result:
Res count = 0
Query Execution Time: 4.03517
CPU Time: 2.41779
GPU Time: 0.343008
Transfer Time: 0.707616
Malloc Time: 0.055296

11

 Query: 11 19930101 19931231
Query Prepare Time: 0.096864
 Query Prepare Time using cpu 9.53674e-05

Query Optimization Time: 2.09101

d_datekey
sg = 3
Filter Build Kernel time GPU: 0.027648 Build time 0.070656
h_total: 17716 output_estimate: 643444 sg: 30
Filter Probe Kernel time GPU: 0.135168 Transfer size: 17716 sg: 30
Transfer Time : 0.030784 Aggr Kernel time CPU: 0.228128 sg = 30 non demand time = 0.565248
h_total: 69967188 output_estimate: 109314048 sg: 22
Filter Kernel time CPU: 19.526848 Transfer size: 69967188 sg: 22
Transfer Time : 10.484736 h_total: 19047358 output_estimate: 28622938 sg: 22
Filter Probe Kernel time GPU: 2.344960 Transfer size: 19047358 sg: 22
Transfer Time : 5.928896 Aggr Kernel time CPU: 5.720064 sg = 22 non demand time = 44.1773
Probe time 44.2716
Merge time 0.004608
Result:
Res count = 0
Query Execution Time: 44.4268
CPU Time: 25.2469
GPU Time: 2.34496
Transfer Time: 16.4136
Malloc Time: 0.008416

13

 Query: 13 19940204 19940210
Query Prepare Time: 0.108704
 Query Prepare Time using cpu 0.000107527

Query Optimization Time: 2.28944

d_datekey
sg = 3
Filter Build Kernel time GPU: 0.028576 Build time 0.072512
h_total: 0 output_estimate: 128688 sg: 30
Filter Probe Kernel time GPU: 0.147456 Transfer size: 0 sg: 30
Transfer Time : 0.009216 Aggr Kernel time CPU: 0.002240 sg = 30 non demand time = 0.384
h_total: 171384 output_estimate: 386066 sg: 4
Filter Kernel time CPU: 0.741376 Transfer size: 171384 sg: 4
Transfer Time : 0.040800 h_total: 152125 output_estimate: 171384 sg: 4
Probe Kernel time GPU: 0.036864 Transfer size: 152125 sg: 4
Transfer Time : 0.067584 Aggr Kernel time CPU: 0.152576 sg = 4 non demand time = 1.15718
Probe time 1.20518
Merge time 0.002112
Result:
Res count = 0
Query Execution Time: 1.33392
CPU Time: 0.893952
GPU Time: 0.147456
Transfer Time: 0.108384
Malloc Time: 0.007168

42

 Query: 42 19970101 19981231
Query Prepare Time: 73.9378
 Query Prepare Time using cpu 0.073935

Query Optimization Time: 2.70438

s_suppkey
sg = 3
Filter Build Kernel time GPU: 0.039936 p_partkey
sg = 3
Filter Build Kernel time GPU: 31.731712 d_datekey
sg = 3
Filter Build Kernel time GPU: 0.026624 Build time 32.0041
h_total: 3994550 output_estimate: 83886080 sg: 44
Probe Kernel time GPU: 2.688000 Transfer size: 3994550 sg: 44
Transfer Time : 3.820544 h_total: 0 output_estimate: 147849216 sg: 60
Probe Kernel time GPU: 3.876864 Transfer size: 0 sg: 60
Transfer Time : 0.011264 Group Kernel time CPU: 0.005120 sg = 60 non demand time = 4.17594
Probe Group Kernel time CPU: 2.501536 sg = 44 non demand time = 9.23955
Probe time 9.30611
Merge time 0.02144
Result:
Res count = 0
Query Execution Time: 41.4002
CPU Time: 2.50154
GPU Time: 31.7983
Transfer Time: 3.82054
Malloc Time: 0.013312

42

 Query: 42 19970101 19981231
Query Prepare Time: 76.1131
 Query Prepare Time using cpu 0.0761099

Query Optimization Time: 2.62861

s_suppkey
sg = 3
Filter Build Kernel time GPU: 0.028480 p_partkey
sg = 3
Filter Build Kernel time GPU: 31.741888 d_datekey
sg = 3
Filter Build Kernel time GPU: 0.034752 Build time 32.0193
h_total: 3994550 output_estimate: 83886080 sg: 44
Probe Kernel time GPU: 2.691072 Transfer size: 3994550 sg: 44
h_total: 0 output_estimate: 147849216 sg: 60
Probe Kernel time GPU: 5.108736 Transfer size: 0 sg: 60
Transfer Time : 0.001024 Transfer Time : 3.277824 Group Kernel time CPU: 0.005248 sg = 60 non demand time = 7.25197
Probe Group Kernel time CPU: 2.443264 sg = 44 non demand time = 12.4099
Probe time 12.4774
Merge time 0.019264
Result:
Res count = 0
Query Execution Time: 44.586
CPU Time: 2.44326
GPU Time: 31.8051
Transfer Time: 3.27782
Malloc Time: 0.037792

41

 Query: 41 19920101 19981231
Query Prepare Time: 72.6687
 Query Prepare Time using cpu 0.0726659

Query Optimization Time: 2.70541

s_suppkey
sg = 3
Filter Build Kernel time GPU: 0.035840 p_partkey
sg = 3
Filter Build Kernel time GPU: 31.724545 d_datekey
sg = 1
Build Kernel time GPU: 11.652256 Build time 43.5958
h_total: 3994550 output_estimate: 83886080 sg: 44
Probe Kernel time GPU: 2.702176 Transfer size: 3994550 sg: 44
h_total: 0 output_estimate: 876609536 sg: 60
Probe Kernel time GPU: 26.632193 Transfer size: 0 sg: 60
Transfer Time : 0.001024 Group Kernel time CPU: 0.001024 Transfer Time : 3.313856 sg = 60 non demand time = 29.4021
Probe Group Kernel time CPU: 2.138112 sg = 44 non demand time = 34.2948
Probe time 34.3869
Merge time 0.004832
Result:
Res count = 0
Query Execution Time: 78.0614
CPU Time: 2.13811
GPU Time: 31.7604
Transfer Time: 3.31386
Malloc Time: 0.008288

41

 Query: 41 19920101 19981231
Query Prepare Time: 75.9266
 Query Prepare Time using cpu 0.0759218

Query Optimization Time: 2.75251

s_suppkey
sg = 3
Filter Build Kernel time GPU: 0.028640 p_partkey
sg = 3
Filter Build Kernel time GPU: 31.728640 d_datekey
sg = 1
Build Kernel time GPU: 11.655168 Build time 43.6243
h_total: 3994550 output_estimate: 83886080 sg: 44
Probe Kernel time GPU: 2.698240 Transfer size: 3994550 sg: 44
Transfer Time : 25.994240 h_total: 0 output_estimate: 876609536 sg: 60
Probe Kernel time GPU: 26.086241 Transfer size: 0 sg: 60
Transfer Time : 0.013216 Group Kernel time CPU: 0.005088 sg = 60 non demand time = 26.3342
Probe Group Kernel time CPU: 2.162688 sg = 44 non demand time = 31.067
Probe time 31.1509
Merge time 0.00416
Result:
Res count = 0
Query Execution Time: 74.8586
CPU Time: 2.16269
GPU Time: 31.7573
Transfer Time: 25.9942
Malloc Time: 0.02368

22

 Query: 22 1 19981231
Query Prepare Time: 100.462
 Query Prepare Time using cpu 0.100397

Query Optimization Time: 2.71469

s_suppkey
sg = 3
Filter Build Kernel time GPU: 0.037888 d_datekey
sg = 1
Build Kernel time GPU: 95.583229 Build time 95.787
h_total: 0 output_estimate: 960495616 sg: 14
Probe Kernel time GPU: 61.866081 Transfer size: 0 sg: 14
Transfer Time : 0.007168 Group Kernel time CPU: 0.002016 sg = 14 non demand time = 62.043
Probe time 62.0933
Merge time 0.960896
Result:
Res count = 0
Query Execution Time: 160.874
CPU Time: 0.002016
GPU Time: 95.5832
Transfer Time: 0.007168
Malloc Time: 0.005952

11

 Query: 11 19930101 19931231
Query Prepare Time: 0.152128
 Query Prepare Time using cpu 0.000148535

Query Optimization Time: 2.10115

d_datekey
sg = 3
Filter Build Kernel time GPU: 0.038912 Build time 0.10752
h_total: 17716 output_estimate: 643444 sg: 30
Filter Probe Kernel time GPU: 0.147456 Transfer size: 17716 sg: 30
Transfer Time : 0.030720 Aggr Kernel time CPU: 0.195520 sg = 30 non demand time = 0.585728
h_total: 69967188 output_estimate: 109314048 sg: 22
Filter Kernel time CPU: 19.054497 Transfer size: 69967188 sg: 22
Transfer Time : 10.479616 h_total: 19047358 output_estimate: 28622938 sg: 22
Filter Probe Kernel time GPU: 2.333504 Transfer size: 19047358 sg: 22
Transfer Time : 5.918592 Aggr Kernel time CPU: 6.069248 sg = 22 non demand time = 44.0187
Probe time 44.1232
Merge time 0.003616
Result:
Res count = 0
Query Execution Time: 44.3075
CPU Time: 25.1237
GPU Time: 2.3335
Transfer Time: 16.3982
Malloc Time: 0.007296

31

 Query: 31 19920101 19971231
Query Prepare Time: 36.9371
 Query Prepare Time using cpu 0.0369329

Query Optimization Time: 2.59686

s_suppkey
sg = 3
Filter Build Kernel time GPU: 0.042112 d_datekey
sg = 3
Filter Build Kernel time GPU: 0.028608 Build time 0.200704
h_total: 0 output_estimate: 876609536 sg: 14
Probe Kernel time GPU: 34.928638 Transfer size: 0 sg: 14
Transfer Time : 0.004928 Group Kernel time CPU: 0.001920 sg = 14 non demand time = 35.0493
Probe time 35.0761
Merge time 0.02224
Result:
Res count = 0
Query Execution Time: 35.357
CPU Time: 0.00192
GPU Time: 34.9286
Transfer Time: 0.004928
Malloc Time: 0.00512

43

 Query: 43 19970101 19981231
Query Prepare Time: 65.5783
 Query Prepare Time using cpu 0.0655222

Query Optimization Time: 2.56307

s_suppkey
sg = 3
Filter Build Kernel time GPU: 0.034688 d_datekey
sg = 3
Filter Build Kernel time GPU: 0.026528 Build time 0.183296
h_total: 0 output_estimate: 83886080 sg: 44
Probe Kernel time GPU: 1.966080 Transfer size: 0 sg: 44
Transfer Time : 0.011264 h_total: 0 output_estimate: 147849216 sg: 60Probe Group Kernel time CPU: 0.001920 
Probe Kernel time GPU: 3.651808 sg = 44 non demand time = 5.69754
Transfer size: 0 sg: 60
Transfer Time : 0.016384 Group Kernel time CPU: 0.004096 sg = 60 non demand time = 3.95776
Probe time 5.9945
Merge time 1.00502
Result:
Res count = 0
Query Execution Time: 8.96006
CPU Time: 0.004096
GPU Time: 3.65181
Transfer Time: 0.016384
Malloc Time: 0.018464

13

 Query: 13 19940204 19940210
Query Prepare Time: 0.174464
 Query Prepare Time using cpu 0.000171423

Query Optimization Time: 1.9241

d_datekey
sg = 3
Filter Build Kernel time GPU: 0.032608 Build time 0.112512
h_total: 0 output_estimate: 128688 sg: 30
Filter Probe Kernel time GPU: 0.141440 Transfer size: 0 sg: 30
Transfer Time : 0.009216 Aggr Kernel time CPU: 0.003072 sg = 30 non demand time = 0.362496
h_total: 171384 output_estimate: 386066 sg: 4
Filter Kernel time CPU: 0.760832 Transfer size: 171384 sg: 4
Transfer Time : 0.039936 h_total: 152125 output_estimate: 171384 sg: 4
Probe Kernel time GPU: 0.036992 Transfer size: 152125 sg: 4
Transfer Time : 0.085888 Aggr Kernel time CPU: 0.140288 sg = 4 non demand time = 1.17357
Probe time 1.22675
Merge time 0.00208
Result:
Res count = 0
Query Execution Time: 1.39984
CPU Time: 0.90112
GPU Time: 0.14144
Transfer Time: 0.125824
Malloc Time: 0.010336

12

 Query: 12 19940101 19940131
Query Prepare Time: 0.085664
 Query Prepare Time using cpu 8.41618e-05

Query Optimization Time: 1.96813

d_datekey
sg = 1
h_total: 31 output_estimate: 1048576 sg: 1
Filter Kernel time CPU: 0.187392 Transfer size: 31 sg: 1
Transfer Time: 0.00928 sg: 1
Build Kernel time GPU: 0.016384 Build time 0.30928
h_total: 49676 output_estimate: 457560 sg: 30
Filter Probe Kernel time GPU: 0.179136 Transfer size: 49676 sg: 30
Transfer Time : 0.050176 Aggr Kernel time CPU: 0.781504 sg = 30 non demand time = 1.2329
h_total: 3147770 output_estimate: 6291456 sg: 12
Filter Kernel time CPU: 1.802336 Transfer size: 3147770 sg: 12
Transfer Time : 0.486400 h_total: 624634 output_estimate: 1259108 sg: 12
Filter Probe Kernel time GPU: 0.196416 Transfer size: 624634 sg: 12
Transfer Time : 0.268288 Aggr Kernel time CPU: 0.485312 sg = 12 non demand time = 3.46109
Probe time 3.49702
Merge time 0.003424
Result:
Res count = 0
Query Execution Time: 3.86074
CPU Time: 2.28765
GPU Time: 0.196416
Transfer Time: 0.754688
Malloc Time: 0.08384

22

 Query: 22 1 19981231
Query Prepare Time: 97.2194
 Query Prepare Time using cpu 0.0971563

Query Optimization Time: 2.72794

s_suppkey
sg = 3
Filter Build Kernel time GPU: 0.038944 d_datekey
sg = 1
Build Kernel time GPU: 95.586304 Build time 95.8002
h_total: 0 output_estimate: 960495616 sg: 14
Probe Kernel time GPU: 61.860863 Transfer size: 0 sg: 14
Transfer Time : 0.004096 Group Kernel time CPU: 0.001024 sg = 14 non demand time = 62.0052
Probe time 62.0472
Merge time 0.860288
Result:
Res count = 0
Query Execution Time: 160.755
CPU Time: 0.001024
GPU Time: 95.5863
Transfer Time: 0.004096
Malloc Time: 0.004704

41

 Query: 41 19920101 19981231
Query Prepare Time: 74.4352
 Query Prepare Time using cpu 0.0744321

Query Optimization Time: 2.7351

s_suppkey
sg = 3
Filter Build Kernel time GPU: 0.028672 p_partkey
sg = 3
Filter Build Kernel time GPU: 31.725569 d_datekey
sg = 1
Build Kernel time GPU: 11.070464 Build time 43.0471
h_total: 3994550 output_estimate: 83886080 sg: 44
Probe Kernel time GPU: 2.603008 Transfer size: 3994550 sg: 44
h_total: 0 output_estimate: 876609536 sg: 60
Probe Kernel time GPU: 26.110975 Transfer size: 0 sg: 60
Transfer Time : 0.001024 Group Kernel time CPU: 0.001024 Transfer Time : 3.299488 sg = 60 non demand time = 28.8228
Probe Group Kernel time CPU: 2.198528 sg = 44 non demand time = 33.6794
Probe time 33.7541
Merge time 0.004096
Result:
Res count = 0
Query Execution Time: 76.871
CPU Time: 2.19853
GPU Time: 31.7542
Transfer Time: 3.29949
Malloc Time: 0.043904

21

 Query: 21 1 19981231
Query Prepare Time: 100.627
 Query Prepare Time using cpu 0.100562

Query Optimization Time: 2.72883

s_suppkey
sg = 3
Filter Build Kernel time GPU: 0.043936 p_partkey
sg = 1
p_partkey
sg = 3
Build Kernel time GPU: 60.206081 Filter Build Kernel time GPU: 3.548160 d_datekey
sg = 1
Build Kernel time GPU: 46.612480 Build time 107.188
h_total: 818492141 output_estimate: 960495616 sg: 14
Probe Kernel time GPU: 112.676994 Transfer size: 818492141 sg: 14
Transfer Time : 506.878296 Group Kernel time CPU: 18273.513672 sg = 14 non demand time = 18893.2
Probe time 18893.3
Merge time 0.58352
Result:
Res count = 0
Query Execution Time: 19003
CPU Time: 18273.5
GPU Time: 112.677
Transfer Time: 506.878
Malloc Time: 0.006112

12

 Query: 12 19940101 19940131
Query Prepare Time: 0.19744
 Query Prepare Time using cpu 0.000194073

Query Optimization Time: 1.99885

d_datekey
sg = 1
h_total: 31 output_estimate: 1048576 sg: 1
Filter Kernel time CPU: 0.125952 Transfer size: 31 sg: 1
Transfer Time: 0.01024 sg: 1
Build Kernel time GPU: 0.020480 Build time 0.267392
h_total: 49676 output_estimate: 457560 sg: 30
Filter Probe Kernel time GPU: 0.236544 Transfer size: 49676 sg: 30
Transfer Time : 0.040096 Aggr Kernel time CPU: 0.321536 sg = 30 non demand time = 0.785408
h_total: 3147770 output_estimate: 6291456 sg: 12
Filter Kernel time CPU: 0.954368 Transfer size: 3147770 sg: 12
Transfer Time : 0.485376 h_total: 624634 output_estimate: 1259108 sg: 12
Filter Probe Kernel time GPU: 0.194560 Transfer size: 624634 sg: 12
Transfer Time : 0.249856 Aggr Kernel time CPU: 0.452608 sg = 12 non demand time = 2.49549
Probe time 2.53338
Merge time 0.001824
Result:
Res count = 0
Query Execution Time: 2.86474
CPU Time: 1.40698
GPU Time: 0.236544
Transfer Time: 0.735232
Malloc Time: 0.017408

12

 Query: 12 19940101 19940131
Query Prepare Time: 0.100704
 Query Prepare Time using cpu 9.87053e-05

Query Optimization Time: 2.24973

d_datekey
sg = 1
h_total: 31 output_estimate: 1048576 sg: 1
Filter Kernel time CPU: 0.356352 Transfer size: 31 sg: 1
Transfer Time: 0.008352 sg: 1
Build Kernel time GPU: 0.015360 Build time 0.470016
h_total: 49676 output_estimate: 457560 sg: 30
Filter Probe Kernel time GPU: 0.216992 Transfer size: 49676 sg: 30
Transfer Time : 0.038112 Aggr Kernel time CPU: 0.457856 sg = 30 non demand time = 0.897824
h_total: 3147770 output_estimate: 6291456 sg: 12
Filter Kernel time CPU: 1.056800 Transfer size: 3147770 sg: 12
Transfer Time : 0.484352 h_total: 624634 output_estimate: 1259108 sg: 12
Filter Probe Kernel time GPU: 0.187392 Transfer size: 624634 sg: 12
Transfer Time : 0.221184 Aggr Kernel time CPU: 0.402432 sg = 12 non demand time = 2.48832
Probe time 2.52518
Merge time 0.002016
Result:
Res count = 0
Query Execution Time: 3.05062
CPU Time: 1.45923
GPU Time: 0.216992
Transfer Time: 0.705536
Malloc Time: 0.016384

13

 Query: 13 19940204 19940210
Query Prepare Time: 0.135776
 Query Prepare Time using cpu 0.000133276

Query Optimization Time: 2.19229

d_datekey
sg = 3
Filter Build Kernel time GPU: 0.032768 Build time 0.094272
h_total: 0 output_estimate: 128688 sg: 30
Filter Probe Kernel time GPU: 0.062464 Transfer size: 0 sg: 30
Transfer Time : 0.005120 Aggr Kernel time CPU: 0.001024 sg = 30 non demand time = 0.162816
h_total: 171384 output_estimate: 386066 sg: 4
Filter Kernel time CPU: 0.410592 Transfer size: 171384 sg: 4
Transfer Time : 0.040768 h_total: 152125 output_estimate: 171384 sg: 4
Probe Kernel time GPU: 0.034816 Transfer size: 152125 sg: 4
Transfer Time : 0.068608 Aggr Kernel time CPU: 0.223232 sg = 4 non demand time = 0.9064
Probe time 0.95232
Merge time 0.001824
Result:
Res count = 0
Query Execution Time: 1.10803
CPU Time: 0.633824
GPU Time: 0.062464
Transfer Time: 0.109376
Malloc Time: 0.007072

31

 Query: 31 19920101 19971231
Query Prepare Time: 32.966
 Query Prepare Time using cpu 0.0329628

Query Optimization Time: 2.82522

s_suppkey
sg = 3
Filter Build Kernel time GPU: 0.034816 d_datekey
sg = 3
Filter Build Kernel time GPU: 0.023552 Build time 0.161792
h_total: 0 output_estimate: 876609536 sg: 14
Probe Kernel time GPU: 35.026943 Transfer size: 0 sg: 14
Transfer Time : 0.007168 Group Kernel time CPU: 0.001024 sg = 14 non demand time = 35.1611
Probe time 35.201
Merge time 0.035776
Result:
Res count = 0
Query Execution Time: 35.4683
CPU Time: 0.001024
GPU Time: 35.0269
Transfer Time: 0.007168
Malloc Time: 0.00512

41

 Query: 41 19920101 19981231
Query Prepare Time: 70.8629
 Query Prepare Time using cpu 0.0708606

Query Optimization Time: 2.83341

s_suppkey
sg = 3
Filter Build Kernel time GPU: 0.029696 p_partkey
sg = 3
Filter Build Kernel time GPU: 31.742975 d_datekey
sg = 1
Build Kernel time GPU: 11.663360 Build time 43.6562
h_total: 3994550 output_estimate: 83886080 sg: 44
Probe Kernel time GPU: 2.693120 Transfer size: 3994550 sg: 44
h_total: 0 output_estimate: 876609536 sg: 60
Probe Kernel time GPU: 25.972736 Transfer size: 0 sg: 60
Transfer Time : 0.001024 Group Kernel time CPU: 0.001024 sg = 60 non demand time = Transfer Time : 3.288064 29.3243
Probe Group Kernel time CPU: 1.738752 sg = 44 non demand time = 33.8245
Probe time 33.8893
Merge time 0.004448
Result:
Res count = 0
Query Execution Time: 77.6219
CPU Time: 1.73875
GPU Time: 31.7727
Transfer Time: 3.28806
Malloc Time: 0.666624

12

 Query: 12 19940101 19940131
Query Prepare Time: 0.15184
 Query Prepare Time using cpu 0.000148535

Query Optimization Time: 2.04

d_datekey
sg = 1
h_total: 31 output_estimate: 1048576 sg: 1
Filter Kernel time CPU: 0.429056 Transfer size: 31 sg: 1
Transfer Time: 0.011264 sg: 1
Build Kernel time GPU: 0.017408 Build time 0.566272
h_total: 49676 output_estimate: 457560 sg: 30
Filter Probe Kernel time GPU: 0.102400 Transfer size: 49676 sg: 30
Transfer Time : 0.039936 Aggr Kernel time CPU: 0.852160 sg = 30 non demand time = 1.19725
h_total: 3147770 output_estimate: 6291456 sg: 12
Filter Kernel time CPU: 1.753088 Transfer size: 3147770 sg: 12
Transfer Time : 0.487424 h_total: 624634 output_estimate: 1259108 sg: 12
Filter Probe Kernel time GPU: 0.188416 Transfer size: 624634 sg: 12
Transfer Time : 0.228352 Aggr Kernel time CPU: 0.473088 sg = 12 non demand time = 3.28192
Probe time 3.38022
Merge time 0.001888
Result:
Res count = 0
Query Execution Time: 4.01203
CPU Time: 2.22618
GPU Time: 0.188416
Transfer Time: 0.715776
Malloc Time: 0.02336

41

 Query: 41 19920101 19981231
Query Prepare Time: 75.3605
 Query Prepare Time using cpu 0.075357

Query Optimization Time: 2.85594

s_suppkey
sg = 3
Filter Build Kernel time GPU: 0.027808 p_partkey
sg = 3
Filter Build Kernel time GPU: 31.733761 d_datekey
sg = 1
Build Kernel time GPU: 11.656320 Build time 43.6163
h_total: 3994550 output_estimate: 83886080 sg: 44
Probe Kernel time GPU: 2.692096 Transfer size: 3994550 sg: 44
h_total: 0 output_estimate: 876609536 sg: 60
Probe Kernel time GPU: 26.382303 Transfer size: 0 sg: 60
Transfer Time : 0.001024 Group Kernel time CPU: 0.001024 Transfer Time : 3.295232 sg = 60 non demand time = 29.1277
Probe Group Kernel time CPU: 2.129760 sg = 44 non demand time = 34.0041
Probe time 34.0942
Merge time 0.004096
Result:
Res count = 0
Query Execution Time: 77.7872
CPU Time: 2.12976
GPU Time: 31.7616
Transfer Time: 3.29523
Malloc Time: 0.006304

34

 Query: 34 19971201 19971231
Query Prepare Time: 39.459
 Query Prepare Time using cpu 0.0394468

Query Optimization Time: 2.87952

s_suppkey
sg = 3
Filter Build Kernel time GPU: 0.036864 d_datekey
sg = 1
h_total: 31 output_estimate: 1048576 sg: 1
Filter Kernel time CPU: 0.349376 Transfer size: 31 sg: 1
Transfer Time: 0.009056 sg: 1
Build Kernel time GPU: 0.012544 Build time 0.62048
h_total: 0 output_estimate: 14680064 sg: 14
Probe Kernel time GPU: 0.353280 Transfer size: 0 sg: 14
Transfer Time : 0.004032 Group Kernel time CPU: 0.002048 sg = 14 non demand time = 0.45056
Probe time 0.472064
Merge time 0.415168
Result:
Res count = 0
Query Execution Time: 1.99632
CPU Time: 0.349376
GPU Time: 0.35328
Transfer Time: 0.009056
Malloc Time: 0.020672

31

 Query: 31 19920101 19971231
Query Prepare Time: 35.9186
 Query Prepare Time using cpu 0.0359125

Query Optimization Time: 2.78221

s_suppkey
sg = 3
Filter Build Kernel time GPU: 0.034016 d_datekey
sg = 3
Filter Build Kernel time GPU: 0.022784 Build time 0.160576
h_total: 0 output_estimate: 876609536 sg: 14
Probe Kernel time GPU: 34.946049 Transfer size: 0 sg: 14
Transfer Time : 0.006368 Group Kernel time CPU: 0.001984 sg = 14 non demand time = 35.0882
Probe time 35.1232
Merge time 0.032064
Result:
Res count = 0
Query Execution Time: 35.3852
CPU Time: 0.001984
GPU Time: 34.946
Transfer Time: 0.006368
Malloc Time: 0.004608

33

 Query: 33 19920101 19971231
Query Prepare Time: 32.9115
 Query Prepare Time using cpu 0.0328982

Query Optimization Time: 2.74022

s_suppkey
sg = 3
Filter Build Kernel time GPU: 0.033792 d_datekey
sg = 3
Filter Build Kernel time GPU: 0.025600 Build time 0.181248
h_total: 0 output_estimate: 876609536 sg: 14
Probe Kernel time GPU: 19.726336 Transfer size: 0 sg: 14
Transfer Time : 0.005120 Group Kernel time CPU: 0.001024 sg = 14 non demand time = 19.8523
Probe time 19.8812
Merge time 0.464928
Result:
Res count = 0
Query Execution Time: 21.0136
CPU Time: 0.001024
GPU Time: 19.7263
Transfer Time: 0.00512
Malloc Time: 0.006144

Cached segment: 4999 Cache total: 5000
Successfully cached

Query 11 fraction: 0.337017 total: 5068 cached: 1708
Query 12 fraction: 0.288871 total: 5068 cached: 1464
Query 13 fraction: 0.337017 total: 5068 cached: 1708
Query 21 fraction: 0.755779 total: 4369 cached: 3302
Query 22 fraction: 0.801431 total: 4613 cached: 3697
Query 23 fraction: 0.801431 total: 4613 cached: 3697
Query 31 fraction: 0.763603 total: 4852 cached: 3705
Query 32 fraction: 0.763603 total: 4852 cached: 3705
Query 33 fraction: 0.732481 total: 4852 cached: 3554
Query 34 fraction: 0.682193 total: 4852 cached: 3310
Query 41 fraction: 0.694144 total: 6745 cached: 4682
Query 42 fraction: 0.683352 total: 6992 cached: 4778
Query 43 fraction: 0.683352 total: 6992 cached: 4778

 epoch end
 epoch start 
42

 Query: 42 19970101 19981231
Query Prepare Time: 71.4621
 Query Prepare Time using cpu 0.0714579

Query Optimization Time: 3.08326

s_suppkey
sg = 3
Filter Build Kernel time GPU: 0.038912 p_partkey
sg = 3
Filter Build Kernel time GPU: 31.727615 d_datekey
sg = 3
Filter Build Kernel time GPU: 0.034816 Build time 32.0225
h_total: 3994550 output_estimate: 83886080 sg: 44
Probe Kernel time GPU: 2.631904 Transfer size: 3994550 sg: 44
h_total: 0 output_estimate: 147849216 sg: 60
Probe Kernel time GPU: 4.282368 Transfer size: 0 sg: 60
Transfer Time : 0.001024 Transfer Time : 3.266560 Group Kernel time CPU: 0.001024 sg = 60 non demand time = 6.99597
Probe Group Kernel time CPU: 2.470912 sg = 44 non demand time = 12.0965
Probe time 12.1661
Merge time 0.016128
Result:
Res count = 0
Query Execution Time: 44.2796
CPU Time: 2.47091
GPU Time: 31.8013
Transfer Time: 3.26656
Malloc Time: 0.00816

31

 Query: 31 19920101 19971231
Query Prepare Time: 34.7104
 Query Prepare Time using cpu 0.0347044

Query Optimization Time: 2.89792

s_suppkey
sg = 3
Filter Build Kernel time GPU: 0.044032 d_datekey
sg = 3
Filter Build Kernel time GPU: 0.025568 Build time 0.218176
h_total: 0 output_estimate: 876609536 sg: 14
Probe Kernel time GPU: 34.932735 Transfer size: 0 sg: 14
Transfer Time : 0.007168 Group Kernel time CPU: 0.002048 sg = 14 non demand time = 35.0762
Probe time 35.114
Merge time 0.03552
Result:
Res count = 0
Query Execution Time: 35.4352
CPU Time: 0.002048
GPU Time: 34.9327
Transfer Time: 0.007168
Malloc Time: 0.006144

11

 Query: 11 19930101 19931231
Query Prepare Time: 0.142464
 Query Prepare Time using cpu 0.000140667

Query Optimization Time: 2.17891

d_datekey
sg = 3
Filter Build Kernel time GPU: 0.033792 Build time 0.090144
h_total: 17716 output_estimate: 643444 sg: 30
Filter Probe Kernel time GPU: 0.118784 Transfer size: 17716 sg: 30
Transfer Time : 0.029664 Aggr Kernel time CPU: 0.191488 sg = 30 non demand time = 0.510976
h_total: 69967188 output_estimate: 109314048 sg: 22
Filter Kernel time CPU: 19.216385 Transfer size: 69967188 sg: 22
Transfer Time : 10.482688 h_total: 19047358 output_estimate: 28622938 sg: 22
Filter Probe Kernel time GPU: 2.339040 Transfer size: 19047358 sg: 22
Transfer Time : 5.922624 Aggr Kernel time CPU: 5.767168 sg = 22 non demand time = 43.8742
Probe time 43.9767
Merge time 0.003328
Result:
Res count = 0
Query Execution Time: 44.1365
CPU Time: 24.9836
GPU Time: 2.33904
Transfer Time: 16.4053
Malloc Time: 0.00768

32

 Query: 32 19920101 19971231
Query Prepare Time: 35.9763
 Query Prepare Time using cpu 0.035965

Query Optimization Time: 2.91328

s_suppkey
sg = 3
Filter Build Kernel time GPU: 0.035840 d_datekey
sg = 3
Filter Build Kernel time GPU: 0.025600 Build time 0.193536
h_total: 0 output_estimate: 876609536 sg: 14
Probe Kernel time GPU: 20.138912 Transfer size: 0 sg: 14
Transfer Time : 0.004096 Group Kernel time CPU: 0.001024 sg = 14 non demand time = 20.2537
Probe time 20.2803
Merge time 0.543936
Result:
Res count = 0
Query Execution Time: 21.5024
CPU Time: 0.001024
GPU Time: 20.1389
Transfer Time: 0.004096
Malloc Time: 0.004928

12

 Query: 12 19940101 19940131
Query Prepare Time: 0.142944
 Query Prepare Time using cpu 0.000141382

Query Optimization Time: 2.17088

d_datekey
sg = 1
h_total: 31 output_estimate: 1048576 sg: 1
Filter Kernel time CPU: 0.201728 Transfer size: 31 sg: 1
Transfer Time: 0.01008 sg: 1
Build Kernel time GPU: 0.016544 Build time 0.319488
h_total: 49676 output_estimate: 457560 sg: 30
Filter Probe Kernel time GPU: 0.168960 Transfer size: 49676 sg: 30
Transfer Time : 0.041984 Aggr Kernel time CPU: 0.739456 sg = 30 non demand time = 1.18374
h_total: 3147770 output_estimate: 6291456 sg: 12
Filter Kernel time CPU: 1.835008 Transfer size: 3147770 sg: 12
Transfer Time : 0.486400 h_total: 624634 output_estimate: 1259108 sg: 12
Filter Probe Kernel time GPU: 0.194496 Transfer size: 624634 sg: 12
Transfer Time : 0.216224 Aggr Kernel time CPU: 0.801792 sg = 12 non demand time = 3.76624
Probe time 3.7993
Merge time 0.002176
Result:
Res count = 0
Query Execution Time: 4.17286
CPU Time: 2.6368
GPU Time: 0.194496
Transfer Time: 0.702624
Malloc Time: 0.01536

21

 Query: 21 1 19981231
Query Prepare Time: 93.0497
 Query Prepare Time using cpu 0.0929849

Query Optimization Time: 2.80474

s_suppkey
sg = 3
Filter Build Kernel time GPU: 0.031744 p_partkey
sg = 1
p_partkey
sg = 3
Build Kernel time GPU: 60.182529 Filter Build Kernel time GPU: 1.143808 d_datekey
sg = 1
Build Kernel time GPU: 46.596096 Build time 107.065
h_total: 818962274 output_estimate: 960495616 sg: 14
Probe Kernel time GPU: 112.506882 Transfer size: 818962274 sg: 14
Transfer Time : 507.128815 Group Kernel time CPU: 18290.484375 sg = 14 non demand time = 18910.3
Probe time 18910.4
Merge time 0.503872
Result:
Res count = 0
Query Execution Time: 19019.9
CPU Time: 18290.5
GPU Time: 112.507
Transfer Time: 507.129
Malloc Time: 0.004

34

 Query: 34 19971201 19971231
Query Prepare Time: 40.8597
 Query Prepare Time using cpu 0.0408468

Query Optimization Time: 2.76787

s_suppkey
sg = 3
Filter Build Kernel time GPU: 0.027648 d_datekey
sg = 1
h_total: 31 output_estimate: 1048576 sg: 1
Filter Kernel time CPU: 0.209920 Transfer size: 31 sg: 1
Transfer Time: 0.01104 sg: 1
Build Kernel time GPU: 0.014336 Build time 0.401504
h_total: 0 output_estimate: 14680064 sg: 14
Probe Kernel time GPU: 0.365568 Transfer size: 0 sg: 14
Transfer Time : 0.006144 Group Kernel time CPU: 0.001920 sg = 14 non demand time = 0.473088
Probe time 0.498688
Merge time 0.437632
Result:
Res count = 0
Query Execution Time: 1.82131
CPU Time: 0.20992
GPU Time: 0.365568
Transfer Time: 0.01104
Malloc Time: 0.014144

23

 Query: 23 1 19981231
Query Prepare Time: 101.133
 Query Prepare Time using cpu 0.101069

Query Optimization Time: 2.9767

s_suppkey
sg = 3
Filter Build Kernel time GPU: 0.039936 d_datekey
sg = 1
Build Kernel time GPU: 95.507614 Build time 95.7061
h_total: 0 output_estimate: 960495616 sg: 14
Probe Kernel time GPU: 27.760511 Transfer size: 0 sg: 14
Transfer Time : 0.006976 Group Kernel time CPU: 0.002048 sg = 14 non demand time = 27.9028
Probe time 27.945
Merge time 0.588128
Result:
Res count = 0
Query Execution Time: 126.286
CPU Time: 0.002048
GPU Time: 95.5076
Transfer Time: 0.006976
Malloc Time: 0.00576

12

 Query: 12 19940101 19940131
Query Prepare Time: 0.131104
 Query Prepare Time using cpu 0.000129461

Query Optimization Time: 2.41981

d_datekey
sg = 1
h_total: 31 output_estimate: 1048576 sg: 1
Filter Kernel time CPU: 0.123904 Transfer size: 31 sg: 1
Transfer Time: 0.010272 sg: 1
Build Kernel time GPU: 0.017408 Build time 0.238368
h_total: 49676 output_estimate: 457560 sg: 30
Filter Probe Kernel time GPU: 0.137408 Transfer size: 49676 sg: 30
Transfer Time : 0.037888 Aggr Kernel time CPU: 0.339968 sg = 30 non demand time = 0.679936
h_total: 3147770 output_estimate: 6291456 sg: 12
Filter Kernel time CPU: 1.138688 Transfer size: 3147770 sg: 12
Transfer Time : 0.487200 h_total: 624634 output_estimate: 1259108 sg: 12
Filter Probe Kernel time GPU: 0.190496 Transfer size: 624634 sg: 12
Transfer Time : 0.258048 Aggr Kernel time CPU: 0.660480 sg = 12 non demand time = 2.87744
Probe time 2.9184
Merge time 0.001664
Result:
Res count = 0
Query Execution Time: 3.20704
CPU Time: 1.79917
GPU Time: 0.190496
Transfer Time: 0.745248
Malloc Time: 0.041984

32

 Query: 32 19920101 19971231
Query Prepare Time: 34.2143
 Query Prepare Time using cpu 0.0342035

Query Optimization Time: 2.77613

s_suppkey
sg = 3
Filter Build Kernel time GPU: 0.036864 d_datekey
sg = 3
Filter Build Kernel time GPU: 0.024736 Build time 0.195552
h_total: 0 output_estimate: 876609536 sg: 14
Probe Kernel time GPU: 21.098495 Transfer size: 0 sg: 14
Transfer Time : 0.006080 Group Kernel time CPU: 0.002048 sg = 14 non demand time = 21.2193
Probe time 21.2511
Merge time 0.435552
Result:
Res count = 0
Query Execution Time: 22.3763
CPU Time: 0.002048
GPU Time: 21.0985
Transfer Time: 0.00608
Malloc Time: 0.006048

13

 Query: 13 19940204 19940210
Query Prepare Time: 0.096832
 Query Prepare Time using cpu 9.5129e-05

Query Optimization Time: 2.37363

d_datekey
sg = 3
Filter Build Kernel time GPU: 0.024576 Build time 0.068448
h_total: 152125 output_estimate: 514755 sg: 30
Filter Probe Kernel time GPU: 0.113856 Transfer size: 152125 sg: 30
Transfer Time : 0.077920 Aggr Kernel time CPU: 0.230240 sg = 30 non demand time = 0.511904
Probe time 0.541696
Merge time 0.00192
Result:
Res count = 0
Query Execution Time: 0.662112
CPU Time: 0.23024
GPU Time: 0.113856
Transfer Time: 0.07792
Malloc Time: 0.003712

11

 Query: 11 19930101 19931231
Query Prepare Time: 0.135488
 Query Prepare Time using cpu 0.000133753

Query Optimization Time: 2.2231

d_datekey
sg = 3
Filter Build Kernel time GPU: 0.034816 Build time 0.09728
h_total: 17716 output_estimate: 643444 sg: 30
Filter Probe Kernel time GPU: 0.158720 Transfer size: 17716 sg: 30
Transfer Time : 0.028672 Aggr Kernel time CPU: 0.191264 sg = 30 non demand time = 0.587776
h_total: 69967188 output_estimate: 109314048 sg: 22
Filter Kernel time CPU: 19.103745 Transfer size: 69967188 sg: 22
Transfer Time : 10.482688 h_total: 19047358 output_estimate: 28622938 sg: 22
Filter Probe Kernel time GPU: 2.345984 Transfer size: 19047358 sg: 22
Transfer Time : 5.924672 Aggr Kernel time CPU: 5.695552 sg = 22 non demand time = 43.7072
Probe time 43.7944
Merge time 0.002816
Result:
Res count = 0
Query Execution Time: 43.9639
CPU Time: 24.7993
GPU Time: 2.34598
Transfer Time: 16.4074
Malloc Time: 0.012192

43

 Query: 43 19970101 19981231
Query Prepare Time: 70.872
 Query Prepare Time using cpu 0.0708141

Query Optimization Time: 2.79942

s_suppkey
sg = 3
Filter Build Kernel time GPU: 0.030848 d_datekey
sg = 3
Filter Build Kernel time GPU: 0.021504 Build time 0.162816
h_total: 0 output_estimate: 83886080 sg: 44
Probe Kernel time GPU: 1.927136 Transfer size: 0 sg: 44
Transfer Time : 0.001888 Probe Group Kernel time CPU: 0.005120 sg = 44 non demand time = 5.71069
h_total: 0 output_estimate: 147849216 sg: 60
Probe Kernel time GPU: 3.661728 Transfer size: 0 sg: 60
Transfer Time : 0.016128 Group Kernel time CPU: 0.004096 sg = 60 non demand time = 3.94957
Probe time 5.9648
Merge time 0.69328
Result:
Res count = 0
Query Execution Time: 8.5953
CPU Time: 0.00512
GPU Time: 3.66173
Transfer Time: 0.016128
Malloc Time: 0.011232

22

 Query: 22 1 19981231
Query Prepare Time: 99.2142
 Query Prepare Time using cpu 0.0991497

Query Optimization Time: 3.05155

s_suppkey
sg = 3
Filter Build Kernel time GPU: 0.029664 d_datekey
sg = 1
Build Kernel time GPU: 95.542084 Build time 95.703
h_total: 0 output_estimate: 960495616 sg: 14
Probe Kernel time GPU: 61.566975 Transfer size: 0 sg: 14
Transfer Time : 0.008192 Group Kernel time CPU: 0.001024 sg = 14 non demand time = 61.74
Probe time 61.7964
Merge time 0.739232
Result:
Res count = 0
Query Execution Time: 160.277
CPU Time: 0.001024
GPU Time: 95.5421
Transfer Time: 0.008192
Malloc Time: 0.007744

31

 Query: 31 19920101 19971231
Query Prepare Time: 35.3379
 Query Prepare Time using cpu 0.0353339

Query Optimization Time: 2.56013

s_suppkey
sg = 3
Filter Build Kernel time GPU: 0.045152 d_datekey
sg = 3
Filter Build Kernel time GPU: 0.026624 Build time 0.19456
h_total: 0 output_estimate: 876609536 sg: 14
Probe Kernel time GPU: 34.923519 Transfer size: 0 sg: 14
Transfer Time : 0.004192 Group Kernel time CPU: 0.002048 sg = 14 non demand time = 35.0423
Probe time 35.0729
Merge time 0.020896
Result:
Res count = 0
Query Execution Time: 35.3448
CPU Time: 0.002048
GPU Time: 34.9235
Transfer Time: 0.004192
Malloc Time: 0.006208

11

 Query: 11 19930101 19931231
Query Prepare Time: 0.134144
 Query Prepare Time using cpu 0.000130653

Query Optimization Time: 2.26611

d_datekey
sg = 3
Filter Build Kernel time GPU: 0.029696 Build time 0.077888
h_total: 17716 output_estimate: 643444 sg: 30
Filter Probe Kernel time GPU: 0.247936 Transfer size: 17716 sg: 30
Transfer Time : 0.031744 Aggr Kernel time CPU: 0.221184 sg = 30 non demand time = 0.674848
h_total: 69967188 output_estimate: 109314048 sg: 22
Filter Kernel time CPU: 19.449696 Transfer size: 69967188 sg: 22
Transfer Time : 10.481664 h_total: 19047358 output_estimate: 28622938 sg: 22
Filter Probe Kernel time GPU: 2.343936 Transfer size: 19047358 sg: 22
Transfer Time : 5.918720 Aggr Kernel time CPU: 5.743616 sg = 22 non demand time = 44.0893
Probe time 44.1826
Merge time 0.003808
Result:
Res count = 0
Query Execution Time: 44.3344
CPU Time: 25.1933
GPU Time: 2.34394
Transfer Time: 16.4004
Malloc Time: 0.009088

32

 Query: 32 19920101 19971231
Query Prepare Time: 36.6481
 Query Prepare Time using cpu 0.0366349

Query Optimization Time: 2.80144

s_suppkey
sg = 3
Filter Build Kernel time GPU: 0.027648 d_datekey
sg = 3
Filter Build Kernel time GPU: 0.020480 Build time 0.141312
h_total: 0 output_estimate: 876609536 sg: 14
Probe Kernel time GPU: 20.134912 Transfer size: 0 sg: 14
Transfer Time : 0.004096 Group Kernel time CPU: 0.001024 sg = 14 non demand time = 20.2516
Probe time 20.2793
Merge time 0.400448
Result:
Res count = 0
Query Execution Time: 21.3076
CPU Time: 0.001024
GPU Time: 20.1349
Transfer Time: 0.004096
Malloc Time: 0.005824

41

 Query: 41 19920101 19981231
Query Prepare Time: 70.9711
 Query Prepare Time using cpu 0.0709662

Query Optimization Time: 3.08736

s_suppkey
sg = 3
Filter Build Kernel time GPU: 0.040960 p_partkey
sg = 3
Filter Build Kernel time GPU: 31.729664 d_datekey
sg = 1
Build Kernel time GPU: 11.066624 Build time 43.0428
h_total: 3994550 output_estimate: 83886080 sg: 44
Probe Kernel time GPU: 2.602176 Transfer size: 3994550 sg: 44
h_total: 0 output_estimate: 876609536 sg: 60
Probe Kernel time GPU: 26.229601 Transfer size: 0 sg: 60
Transfer Time : 0.001024 Group Kernel time CPU: 0.001024 Transfer Time : 3.305472 sg = 60 non demand time = 28.9812
Probe Group Kernel time CPU: 2.185216 sg = 44 non demand time = 33.8104
Probe time 33.9036
Merge time 0.004128
Result:
Res count = 0
Query Execution Time: 77.0185
CPU Time: 2.18522
GPU Time: 31.7706
Transfer Time: 3.30547
Malloc Time: 0.034592

31

 Query: 31 19920101 19971231
Query Prepare Time: 37.2964
 Query Prepare Time using cpu 0.0372922

Query Optimization Time: 2.89382

s_suppkey
sg = 3
Filter Build Kernel time GPU: 0.034816 d_datekey
sg = 3
Filter Build Kernel time GPU: 0.022528 Build time 0.166912
h_total: 0 output_estimate: 876609536 sg: 14
Probe Kernel time GPU: 34.929665 Transfer size: 0 sg: 14
Transfer Time : 0.008128 Group Kernel time CPU: 0.002048 sg = 14 non demand time = 35.0752
Probe time 35.113
Merge time 0.0384
Result:
Res count = 0
Query Execution Time: 35.3858
CPU Time: 0.002048
GPU Time: 34.9297
Transfer Time: 0.008128
Malloc Time: 0.00496

31

 Query: 31 19920101 19971231
Query Prepare Time: 32.3486
 Query Prepare Time using cpu 0.0323436

Query Optimization Time: 2.63885

s_suppkey
sg = 3
Filter Build Kernel time GPU: 0.040960 d_datekey
sg = 3
Filter Build Kernel time GPU: 0.027648 Build time 0.178176
h_total: 0 output_estimate: 876609536 sg: 14
Probe Kernel time GPU: 34.936832 Transfer size: 0 sg: 14
Transfer Time : 0.004096 Group Kernel time CPU: 0.001024 sg = 14 non demand time = 35.0587
Probe time 35.0864
Merge time 0.026592
Result:
Res count = 0
Query Execution Time: 35.351
CPU Time: 0.001024
GPU Time: 34.9368
Transfer Time: 0.004096
Malloc Time: 0.005856

13

 Query: 13 19940204 19940210
Query Prepare Time: 0.125376
 Query Prepare Time using cpu 0.000123501

Query Optimization Time: 2.23027

d_datekey
sg = 3
Filter Build Kernel time GPU: 0.029696 Build time 0.078848
h_total: 152125 output_estimate: 514755 sg: 30
Filter Probe Kernel time GPU: 0.104224 Transfer size: 152125 sg: 30
Transfer Time : 0.065536 Aggr Kernel time CPU: 0.302304 sg = 30 non demand time = 0.545792
Probe time 0.579584
Merge time 0.001952
Result:
Res count = 0
Query Execution Time: 0.714304
CPU Time: 0.302304
GPU Time: 0.104224
Transfer Time: 0.065536
Malloc Time: 0.006944

32

 Query: 32 19920101 19971231
Query Prepare Time: 38.3449
 Query Prepare Time using cpu 0.0383317

Query Optimization Time: 2.61325

s_suppkey
sg = 3
Filter Build Kernel time GPU: 0.027552 d_datekey
sg = 3
Filter Build Kernel time GPU: 0.026624 Build time 0.159776
h_total: 0 output_estimate: 876609536 sg: 14
Probe Kernel time GPU: 20.143105 Transfer size: 0 sg: 14
Transfer Time : 0.004096 Group Kernel time CPU: 0.002048 sg = 14 non demand time = 20.2722
Probe time 20.2975
Merge time 0.361152
Result:
Res count = 0
Query Execution Time: 21.3006
CPU Time: 0.002048
GPU Time: 20.1431
Transfer Time: 0.004096
Malloc Time: 0.006144

32

 Query: 32 19920101 19971231
Query Prepare Time: 38.7144
 Query Prepare Time using cpu 0.038702

Query Optimization Time: 2.82947

s_suppkey
sg = 3
Filter Build Kernel time GPU: 0.035936 d_datekey
sg = 3
Filter Build Kernel time GPU: 0.025824 Build time 0.194368
h_total: 0 output_estimate: 876609536 sg: 14
Probe Kernel time GPU: 20.135937 Transfer size: 0 sg: 14
Transfer Time : 0.004928 Group Kernel time CPU: 0.002048 sg = 14 non demand time = 20.2432
Probe time 20.271
Merge time 0.372416
Result:
Res count = 0
Query Execution Time: 21.3294
CPU Time: 0.002048
GPU Time: 20.1359
Transfer Time: 0.004928
Malloc Time: 0.005696

32

 Query: 32 19920101 19971231
Query Prepare Time: 40.2459
 Query Prepare Time using cpu 0.0402317

Query Optimization Time: 2.69619

s_suppkey
sg = 3
Filter Build Kernel time GPU: 0.026624 d_datekey
sg = 3
Filter Build Kernel time GPU: 0.021280 Build time 0.13824
h_total: 0 output_estimate: 876609536 sg: 14
Probe Kernel time GPU: 20.146048 Transfer size: 0 sg: 14
Transfer Time : 0.008032 Group Kernel time CPU: 0.002048 sg = 14 non demand time = 20.2885
Probe time 20.3274
Merge time 0.434464
Result:
Res count = 0
Query Execution Time: 21.3891
CPU Time: 0.002048
GPU Time: 20.146
Transfer Time: 0.008032
Malloc Time: 0.00512

12

 Query: 12 19940101 19940131
Query Prepare Time: 0.16976
 Query Prepare Time using cpu 0.000166178

Query Optimization Time: 2.29568

d_datekey
sg = 1
h_total: 31 output_estimate: 1048576 sg: 1
Filter Kernel time CPU: 0.225280 Transfer size: 31 sg: 1
Transfer Time: 0.009216 sg: 1
Build Kernel time GPU: 0.018432 Build time 0.350208
h_total: 49676 output_estimate: 457560 sg: 30
Filter Probe Kernel time GPU: 0.148384 Transfer size: 49676 sg: 30
Transfer Time : 0.044032 Aggr Kernel time CPU: 0.483360 sg = 30 non demand time = 0.918528
h_total: 3147770 output_estimate: 6291456 sg: 12
Filter Kernel time CPU: 1.899520 Transfer size: 3147770 sg: 12
Transfer Time : 0.487424 h_total: 624634 output_estimate: 1259108 sg: 12
Filter Probe Kernel time GPU: 0.193504 Transfer size: 624634 sg: 12
Transfer Time : 0.219136 Aggr Kernel time CPU: 0.457728 sg = 12 non demand time = 3.36294
Probe time 3.41213
Merge time 0.00224
Result:
Res count = 0
Query Execution Time: 3.82077
CPU Time: 2.35725
GPU Time: 0.193504
Transfer Time: 0.70656
Malloc Time: 0.017408

32

 Query: 32 19920101 19971231
Query Prepare Time: 39.2776
 Query Prepare Time using cpu 0.0392666

Query Optimization Time: 2.73306

s_suppkey
sg = 3
Filter Build Kernel time GPU: 0.036864 d_datekey
sg = 3
Filter Build Kernel time GPU: 0.025600 Build time 0.19456
h_total: 0 output_estimate: 876609536 sg: 14
Probe Kernel time GPU: 20.145151 Transfer size: 0 sg: 14
Transfer Time : 0.007168 Group Kernel time CPU: 0.002048 sg = 14 non demand time = 20.2824
Probe time 20.308
Merge time 0.402784
Result:
Res count = 0
Query Execution Time: 21.3891
CPU Time: 0.002048
GPU Time: 20.1452
Transfer Time: 0.007168
Malloc Time: 0.006144

33

 Query: 33 19920101 19971231
Query Prepare Time: 39.0878
 Query Prepare Time using cpu 0.0390742

Query Optimization Time: 2.80269

s_suppkey
sg = 3
Filter Build Kernel time GPU: 0.038112 d_datekey
sg = 3
Filter Build Kernel time GPU: 0.025824 Build time 0.192512
h_total: 0 output_estimate: 876609536 sg: 14
Probe Kernel time GPU: 19.789856 Transfer size: 0 sg: 14
Transfer Time : 0.007968 Group Kernel time CPU: 0.001824 sg = 14 non demand time = 19.9311
Probe time 19.9661
Merge time 0.41456
Result:
Res count = 0
Query Execution Time: 21.0711
CPU Time: 0.001824
GPU Time: 19.7899
Transfer Time: 0.007968
Malloc Time: 0.006144

42

 Query: 42 19970101 19981231
Query Prepare Time: 74.5222
 Query Prepare Time using cpu 0.0745192

Query Optimization Time: 2.83341

s_suppkey
sg = 3
Filter Build Kernel time GPU: 0.028672 p_partkey
sg = 3
Filter Build Kernel time GPU: 31.726591 d_datekey
sg = 3
Filter Build Kernel time GPU: 0.027776 Build time 31.967
h_total: 3994550 output_estimate: 83886080 sg: 44
Probe Kernel time GPU: 2.619392 Transfer size: 3994550 sg: 44
h_total: 0 output_estimate: 147849216 sg: 60
Probe Kernel time GPU: 4.911104 Transfer size: 0 sg: 60
Transfer Time : 0.001024 Transfer Time : 3.271680 Group Kernel time CPU: 0.007168 sg = 60 non demand time = 7.04432
Probe Group Kernel time CPU: 2.482016 sg = 44 non demand time = 12.1805
Probe time 12.2448
Merge time 0.024352
Result:
Res count = 0
Query Execution Time: 44.3002
CPU Time: 2.48202
GPU Time: 31.783
Transfer Time: 3.27168
Malloc Time: 0.033792

23

 Query: 23 1 19981231
Query Prepare Time: 101.706
 Query Prepare Time using cpu 0.101641

Query Optimization Time: 3.00851

s_suppkey
sg = 3
Filter Build Kernel time GPU: 0.047968 d_datekey
sg = 1
Build Kernel time GPU: 95.565826 Build time 95.7788
h_total: 0 output_estimate: 960495616 sg: 14
Probe Kernel time GPU: 26.777599 Transfer size: 0 sg: 14
Transfer Time : 0.007168 Group Kernel time CPU: 0.003072 sg = 14 non demand time = 26.9158
Probe time 26.9588
Merge time 0.775808
Result:
Res count = 0
Query Execution Time: 125.545
CPU Time: 0.003072
GPU Time: 95.5658
Transfer Time: 0.007168
Malloc Time: 0.006176

12

 Query: 12 19940101 19940131
Query Prepare Time: 0.18688
 Query Prepare Time using cpu 0.000183344

Query Optimization Time: 2.38278

d_datekey
sg = 1
h_total: 31 output_estimate: 1048576 sg: 1
Filter Kernel time CPU: 0.207872 Transfer size: 31 sg: 1
Transfer Time: 0.01024 sg: 1
Build Kernel time GPU: 0.018432 Build time 0.367616
h_total: 49676 output_estimate: 457560 sg: 30
Filter Probe Kernel time GPU: 0.135232 Transfer size: 49676 sg: 30
Transfer Time : 0.045280 Aggr Kernel time CPU: 0.771072 sg = 30 non demand time = 1.12531
h_total: 3147770 output_estimate: 6291456 sg: 12
Filter Kernel time CPU: 1.787904 Transfer size: 3147770 sg: 12
Transfer Time : 0.485408 h_total: 624634 output_estimate: 1259108 sg: 12
Filter Probe Kernel time GPU: 0.193568 Transfer size: 624634 sg: 12
Transfer Time : 0.277504 Aggr Kernel time CPU: 0.482304 sg = 12 non demand time = 3.37408
Probe time 3.41197
Merge time 0.002176
Result:
Res count = 0
Query Execution Time: 3.83453
CPU Time: 2.27021
GPU Time: 0.193568
Transfer Time: 0.762912
Malloc Time: 0.043136

34

 Query: 34 19971201 19971231
Query Prepare Time: 38.4029
 Query Prepare Time using cpu 0.0383887

Query Optimization Time: 2.61008

s_suppkey
sg = 3
Filter Build Kernel time GPU: 0.034848 d_datekey
sg = 1
h_total: 31 output_estimate: 1048576 sg: 1
Filter Kernel time CPU: 0.445440 Transfer size: 31 sg: 1
Transfer Time: 0.009184 sg: 1
Build Kernel time GPU: 0.013312 Build time 0.654144
h_total: 0 output_estimate: 14680064 sg: 14
Probe Kernel time GPU: 0.351104 Transfer size: 0 sg: 14
Transfer Time : 0.005952 Group Kernel time CPU: 0.001024 sg = 14 non demand time = 0.45056
Probe time 0.477088
Merge time 0.277472
Result:
Res count = 0
Query Execution Time: 1.88819
CPU Time: 0.44544
GPU Time: 0.351104
Transfer Time: 0.009184
Malloc Time: 0.014336

21

 Query: 21 1 19981231
Query Prepare Time: 99.8087
 Query Prepare Time using cpu 0.0997438

Query Optimization Time: 2.88154

s_suppkey
sg = 3
Filter Build Kernel time GPU: 0.045888 p_partkey
sg = 1
p_partkey
sg = 3
Build Kernel time GPU: 60.163872 Filter Build Kernel time GPU: 1.143808 d_datekey
sg = 1
Build Kernel time GPU: 46.613503 Build time 107.117
h_total: 818927947 output_estimate: 960495616 sg: 14
Probe Kernel time GPU: 112.409599 Transfer size: 818927947 sg: 14
Transfer Time : 507.111603 Group Kernel time CPU: 18293.236328 sg = 14 non demand time = 18912.9
Probe time 18913
Merge time 0.493312
Result:
Res count = 0
Query Execution Time: 19022.6
CPU Time: 18293.2
GPU Time: 112.41
Transfer Time: 507.112
Malloc Time: 0.006016

34

 Query: 34 19971201 19971231
Query Prepare Time: 39.6593
 Query Prepare Time using cpu 0.0396478

Query Optimization Time: 2.87437

s_suppkey
sg = 3
Filter Build Kernel time GPU: 0.031712 d_datekey
sg = 1
h_total: 31 output_estimate: 1048576 sg: 1
Filter Kernel time CPU: 0.379904 Transfer size: 31 sg: 1
Transfer Time: 0.010048 sg: 1
Build Kernel time GPU: 0.012288 Build time 0.606304
h_total: 0 output_estimate: 14680064 sg: 14
Probe Kernel time GPU: 0.369440 Transfer size: 0 sg: 14
Transfer Time : 0.005120 Group Kernel time CPU: 0.002080 sg = 14 non demand time = 0.462784
Probe time 0.486304
Merge time 0.38352
Result:
Res count = 0
Query Execution Time: 1.96109
CPU Time: 0.379904
GPU Time: 0.36944
Transfer Time: 0.010048
Malloc Time: 0.014208

34

 Query: 34 19971201 19971231
Query Prepare Time: 38.0585
 Query Prepare Time using cpu 0.0380442

Query Optimization Time: 2.56205

s_suppkey
sg = 3
Filter Build Kernel time GPU: 0.044256 d_datekey
sg = 1
h_total: 31 output_estimate: 1048576 sg: 1
Filter Kernel time CPU: 0.222208 Transfer size: 31 sg: 1
Transfer Time: 0.008224 sg: 1
Build Kernel time GPU: 0.013312 Build time 0.467072
h_total: 0 output_estimate: 14680064 sg: 14
Probe Kernel time GPU: 0.371712 Transfer size: 0 sg: 14
Transfer Time : 0.007168 Group Kernel time CPU: 0.001888 sg = 14 non demand time = 0.493568
Probe time 0.52224
Merge time 0.371552
Result:
Res count = 0
Query Execution Time: 1.8543
CPU Time: 0.222208
GPU Time: 0.371712
Transfer Time: 0.008224
Malloc Time: 0.012288

11

 Query: 11 19930101 19931231
Query Prepare Time: 0.145536
 Query Prepare Time using cpu 0.000142336

Query Optimization Time: 2.30502

d_datekey
sg = 3
Filter Build Kernel time GPU: 0.035776 Build time 0.103424
h_total: 17716 output_estimate: 643444 sg: 30
Filter Probe Kernel time GPU: 0.195584 Transfer size: 17716 sg: 30
Transfer Time : 0.032768 Aggr Kernel time CPU: 0.201760 sg = 30 non demand time = 0.679936
h_total: 69967188 output_estimate: 109314048 sg: 22
Filter Kernel time CPU: 13.059072 Transfer size: 69967188 sg: 22
Transfer Time : 10.483680 h_total: 19047358 output_estimate: 28622938 sg: 22
Filter Probe Kernel time GPU: 2.351104 Transfer size: 19047358 sg: 22
Transfer Time : 5.928960 Aggr Kernel time CPU: 5.654528 sg = 22 non demand time = 37.6259
Probe time 37.7119
Merge time 0.002784
Result:
Res count = 0
Query Execution Time: 37.8966
CPU Time: 18.7136
GPU Time: 2.3511
Transfer Time: 16.4126
Malloc Time: 0.009056

42

 Query: 42 19970101 19981231
Query Prepare Time: 72.8713
 Query Prepare Time using cpu 0.0728669

Query Optimization Time: 2.85696

s_suppkey
sg = 3
Filter Build Kernel time GPU: 0.041984 p_partkey
sg = 3
Filter Build Kernel time GPU: 31.725569 d_datekey
sg = 3
Filter Build Kernel time GPU: 0.034016 Build time 32.0256
h_total: 3994550 output_estimate: 83886080 sg: 44
Probe Kernel time GPU: 2.709536 Transfer size: 3994550 sg: 44
Transfer Time : 5.057472 h_total: 0 output_estimate: 147849216 sg: 60
Probe Kernel time GPU: 3.801088 Transfer size: 0 sg: 60
Transfer Time : 0.016384 Group Kernel time CPU: 0.003072 sg = 60 non demand time = 5.50195
Probe Group Kernel time CPU: 2.511872 sg = 44 non demand time = 10.4233
Probe time 10.5103
Merge time 0.025632
Result:
Res count = 0
Query Execution Time: 42.6304
CPU Time: 2.51187
GPU Time: 31.8016
Transfer Time: 5.05747
Malloc Time: 0.650176

43

 Query: 43 19970101 19981231
Query Prepare Time: 72.4531
 Query Prepare Time using cpu 0.0723968

Query Optimization Time: 2.92147

s_suppkey
sg = 3
Filter Build Kernel time GPU: 0.043008 d_datekey
sg = 3
Filter Build Kernel time GPU: 0.025600 Build time 0.219136
h_total: 0 output_estimate: 83886080 sg: 44
Probe Kernel time GPU: 2.019328 Transfer size: 0 sg: 44
Transfer Time : 0.001024 Probe Group Kernel time CPU: 0.002048 h_total: 0 output_estimate: 147849216 sg: 60
Probe Kernel time GPU: 3.841024 sg = 44 non demand time = 5.97002
Transfer size: 0 sg: 60
Transfer Time : 0.013312 Group Kernel time CPU: 0.002048 sg = 60 non demand time = 4.1225
Probe time 6.25043
Merge time 0.587104
Result:
Res count = 0
Query Execution Time: 8.83834
CPU Time: 0.002048
GPU Time: 3.84102
Transfer Time: 0.013312
Malloc Time: 0.037056

42

 Query: 42 19970101 19981231
Query Prepare Time: 72.9171
 Query Prepare Time using cpu 0.0729136

Query Optimization Time: 2.8056

s_suppkey
sg = 3
Filter Build Kernel time GPU: 0.029696 p_partkey
sg = 3
Filter Build Kernel time GPU: 31.741953 d_datekey
sg = 3
Filter Build Kernel time GPU: 0.036864 Build time 31.9939
h_total: 3994550 output_estimate: 83886080 sg: 44
Probe Kernel time GPU: 2.686848 Transfer size: 3994550 sg: 44
h_total: 0 output_estimate: 147849216 sg: 60
Probe Kernel time GPU: 5.062656 Transfer size: 0 sg: 60
Transfer Time : 0.001024 Transfer Time : 3.273728 Group Kernel time CPU: 0.006240 sg = 60 non demand time = 7.15469
Probe Group Kernel time CPU: 2.453728 sg = 44 non demand time = 12.3238
Probe time 12.3976
Merge time 0.02256
Result:
Res count = 0
Query Execution Time: 44.477
CPU Time: 2.45373
GPU Time: 31.8085
Transfer Time: 3.27373
Malloc Time: 0.004224

21

 Query: 21 1 19981231
Query Prepare Time: 95.9834
 Query Prepare Time using cpu 0.0959213

Query Optimization Time: 2.9399

s_suppkey
sg = 3
Filter Build Kernel time GPU: 0.034752 p_partkey
sg = 1
p_partkey
sg = 3
Build Kernel time GPU: 60.177406 Filter Build Kernel time GPU: 1.179648 d_datekey
sg = 1
Build Kernel time GPU: 46.607361 Build time 107.094
h_total: 818449113 output_estimate: 960495616 sg: 14
Probe Kernel time GPU: 112.582588 Transfer size: 818449113 sg: 14
Transfer Time : 506.688507 Group Kernel time CPU: 18280.109375 sg = 14 non demand time = 18899.5
Probe time 18899.7
Merge time 0.510272
Result:
Res count = 0
Query Execution Time: 19009.2
CPU Time: 18280.1
GPU Time: 112.583
Transfer Time: 506.689
Malloc Time: 0.003328

13

 Query: 13 19940204 19940210
Query Prepare Time: 0.111776
 Query Prepare Time using cpu 0.000109673

Query Optimization Time: 2.40864

d_datekey
sg = 3
Filter Build Kernel time GPU: 0.028672 Build time 0.070656
h_total: 152125 output_estimate: 514755 sg: 30
Filter Probe Kernel time GPU: 0.111616 Transfer size: 152125 sg: 30
Transfer Time : 0.078848 Aggr Kernel time CPU: 0.442432 sg = 30 non demand time = 0.717824
Probe time 0.749568
Merge time 0.003872
Result:
Res count = 0
Query Execution Time: 0.876256
CPU Time: 0.442432
GPU Time: 0.111616
Transfer Time: 0.078848
Malloc Time: 0.004608

31

 Query: 31 19920101 19971231
Query Prepare Time: 37.2282
 Query Prepare Time using cpu 0.037225

Query Optimization Time: 2.66854

s_suppkey
sg = 3
Filter Build Kernel time GPU: 0.033792 d_datekey
sg = 3
Filter Build Kernel time GPU: 0.022720 Build time 0.161792
h_total: 0 output_estimate: 876609536 sg: 14
Probe Kernel time GPU: 35.038433 Transfer size: 0 sg: 14
Transfer Time : 0.007168 Group Kernel time CPU: 0.002048 sg = 14 non demand time = 35.1846
Probe time 35.2246
Merge time 0.037408
Result:
Res count = 0
Query Execution Time: 35.5
CPU Time: 0.002048
GPU Time: 35.0384
Transfer Time: 0.007168
Malloc Time: 0.006944

33

 Query: 33 19920101 19971231
Query Prepare Time: 38.5223
 Query Prepare Time using cpu 0.0385091

Query Optimization Time: 2.75558

s_suppkey
sg = 3
Filter Build Kernel time GPU: 0.039136 d_datekey
sg = 3
Filter Build Kernel time GPU: 0.021504 Build time 0.16384
h_total: 0 output_estimate: 876609536 sg: 14
Probe Kernel time GPU: 20.747265 Transfer size: 0 sg: 14
Transfer Time : 0.006368 Group Kernel time CPU: 0.002048 sg = 14 non demand time = 20.8691
Probe time 20.9019
Merge time 0.27808
Result:
Res count = 0
Query Execution Time: 21.8278
CPU Time: 0.002048
GPU Time: 20.7473
Transfer Time: 0.006368
Malloc Time: 0.004832

21

 Query: 21 1 19981231
Query Prepare Time: 101.065
 Query Prepare Time using cpu 0.101002

Query Optimization Time: 3.0464

s_suppkey
sg = 3
Filter Build Kernel time GPU: 0.045056 p_partkey
sg = 1
p_partkey
sg = 3
Build Kernel time GPU: 60.178432 Filter Build Kernel time GPU: 1.176736 d_datekey
sg = 1
Build Kernel time GPU: 46.637054 Build time 107.206
h_total: 818428084 output_estimate: 960495616 sg: 14
Probe Kernel time GPU: 113.507324 Transfer size: 818428084 sg: 14
Transfer Time : 506.760162 Group Kernel time CPU: 18273.357422 sg = 14 non demand time = 18893.8
Probe time 18893.9
Merge time 0.498656
Result:
Res count = 0
Query Execution Time: 19003.5
CPU Time: 18273.4
GPU Time: 113.507
Transfer Time: 506.76
Malloc Time: 0.006432

32

 Query: 32 19920101 19971231
Query Prepare Time: 23.276
 Query Prepare Time using cpu 0.023263

Query Optimization Time: 1.99878

s_suppkey
sg = 3
Filter Build Kernel time GPU: 0.027456 d_datekey
sg = 3
Filter Build Kernel time GPU: 0.020576 Build time 0.136192
h_total: 0 output_estimate: 876609536 sg: 14
Probe Kernel time GPU: 21.152767 Transfer size: 0 sg: 14
Transfer Time : 0.004096 Group Kernel time CPU: 0.001024 sg = 14 non demand time = 21.25
Probe time 21.2746
Merge time 0.439712
Result:
Res count = 0
Query Execution Time: 22.3278
CPU Time: 0.001024
GPU Time: 21.1528
Transfer Time: 0.004096
Malloc Time: 0.00352

12

 Query: 12 19940101 19940131
Query Prepare Time: 0.10128
 Query Prepare Time using cpu 9.98974e-05

Query Optimization Time: 1.74797

d_datekey
sg = 1
h_total: 31 output_estimate: 1048576 sg: 1
Filter Kernel time CPU: 0.198656 Transfer size: 31 sg: 1
Transfer Time: 0.010016 sg: 1
Build Kernel time GPU: 0.018400 Build time 0.31232
h_total: 49676 output_estimate: 457560 sg: 30
Filter Probe Kernel time GPU: 0.153600 Transfer size: 49676 sg: 30
Transfer Time : 0.035840 Aggr Kernel time CPU: 0.434176 sg = 30 non demand time = 0.802816
h_total: 3147770 output_estimate: 6291456 sg: 12
Filter Kernel time CPU: 1.070112 Transfer size: 3147770 sg: 12
Transfer Time : 0.484352 h_total: 624634 output_estimate: 1259108 sg: 12
Filter Probe Kernel time GPU: 0.193376 Transfer size: 624634 sg: 12
Transfer Time : 0.217088 Aggr Kernel time CPU: 0.435200 sg = 12 non demand time = 2.5047
Probe time 2.53952
Merge time 0.002432
Result:
Res count = 0
Query Execution Time: 2.92118
CPU Time: 1.50531
GPU Time: 0.193376
Transfer Time: 0.70144
Malloc Time: 0.01536

42

 Query: 42 19970101 19981231
Query Prepare Time: 47.0202
 Query Prepare Time using cpu 0.0470181

Query Optimization Time: 2.03594

s_suppkey
sg = 3
Filter Build Kernel time GPU: 0.027648 p_partkey
sg = 3
Filter Build Kernel time GPU: 31.719521 d_datekey
sg = 3
Filter Build Kernel time GPU: 0.027648 Build time 31.9232
h_total: 3994550 output_estimate: 83886080 sg: 44
Probe Kernel time GPU: 2.680960 Transfer size: 3994550 sg: 44
h_total: 0 output_estimate: 147849216 sg: 60
Probe Kernel time GPU: 4.419392 Transfer size: 0 sg: 60
Transfer Time : 0.001024 Group Kernel time CPU: 0.001024 Transfer Time : 3.277824 sg = 60 non demand time = 7.14963
Probe Group Kernel time CPU: 2.008064 sg = 44 non demand time = 11.8866
Probe time 11.9491
Merge time 0.016576
Result:
Res count = 0
Query Execution Time: 43.9517
CPU Time: 2.00806
GPU Time: 31.7748
Transfer Time: 3.27782
Malloc Time: 0.004096

32

 Query: 32 19920101 19971231
Query Prepare Time: 24.6373
 Query Prepare Time using cpu 0.0246232

Query Optimization Time: 2.11046

s_suppkey
sg = 3
Filter Build Kernel time GPU: 0.026624 d_datekey
sg = 3
Filter Build Kernel time GPU: 0.020704 Build time 0.13312
h_total: 0 output_estimate: 876609536 sg: 14
Probe Kernel time GPU: 21.085184 Transfer size: 0 sg: 14
Transfer Time : 0.004096 Group Kernel time CPU: 0.001024 sg = 14 non demand time = 21.1927
Probe time 21.2171
Merge time 0.309856
Result:
Res count = 0
Query Execution Time: 22.137
CPU Time: 0.001024
GPU Time: 21.0852
Transfer Time: 0.004096
Malloc Time: 0.004192

33

 Query: 33 19920101 19971231
Query Prepare Time: 22.3921
 Query Prepare Time using cpu 0.0223792

Query Optimization Time: 2.0009

s_suppkey
sg = 3
Filter Build Kernel time GPU: 0.026432 d_datekey
sg = 3
Filter Build Kernel time GPU: 0.021504 Build time 0.130976
h_total: 0 output_estimate: 876609536 sg: 14
Probe Kernel time GPU: 19.983200 Transfer size: 0 sg: 14
Transfer Time : 0.004096 Group Kernel time CPU: 0.001024 sg = 14 non demand time = 20.0776
Probe time 20.1052
Merge time 0.371904
Result:
Res count = 0
Query Execution Time: 21.0854
CPU Time: 0.001024
GPU Time: 19.9832
Transfer Time: 0.004096
Malloc Time: 0.003072

33

 Query: 33 19920101 19971231
Query Prepare Time: 22.2907
 Query Prepare Time using cpu 0.0222778

Query Optimization Time: 1.93434

s_suppkey
sg = 3
Filter Build Kernel time GPU: 0.024576 d_datekey
sg = 3
Filter Build Kernel time GPU: 0.021440 Build time 0.128
h_total: 0 output_estimate: 876609536 sg: 14
Probe Kernel time GPU: 19.771393 Transfer size: 0 sg: 14
Transfer Time : 0.004096 Group Kernel time CPU: 0.001024 sg = 14 non demand time = 19.8809
Probe time 19.9045
Merge time 0.418912
Result:
Res count = 0
Query Execution Time: 20.9274
CPU Time: 0.001024
GPU Time: 19.7714
Transfer Time: 0.004096
Malloc Time: 0.00288

12

 Query: 12 19940101 19940131
Query Prepare Time: 0.108928
 Query Prepare Time using cpu 0.000107288

Query Optimization Time: 1.69693

d_datekey
sg = 1
h_total: 31 output_estimate: 1048576 sg: 1
Filter Kernel time CPU: 0.310272 Transfer size: 31 sg: 1
Transfer Time: 0.010112 sg: 1
Build Kernel time GPU: 0.017600 Build time 0.423936
h_total: 49676 output_estimate: 457560 sg: 30
Filter Probe Kernel time GPU: 0.142336 Transfer size: 49676 sg: 30
Transfer Time : 0.038912 Aggr Kernel time CPU: 0.651296 sg = 30 non demand time = 1.03117
h_total: 3147770 output_estimate: 6291456 sg: 12
Filter Kernel time CPU: 1.742848 Transfer size: 3147770 sg: 12
Transfer Time : 0.485376 h_total: 624634 output_estimate: 1259108 sg: 12
Filter Probe Kernel time GPU: 0.182272 Transfer size: 624634 sg: 12
Transfer Time : 0.216288 Aggr Kernel time CPU: 0.451584 sg = 12 non demand time = 3.1896
Probe time 3.22765
Merge time 0.001888
Result:
Res count = 0
Query Execution Time: 3.70704
CPU Time: 2.19443
GPU Time: 0.182272
Transfer Time: 0.701664
Malloc Time: 0.016288

21

 Query: 21 1 19981231
Query Prepare Time: 64.5158
 Query Prepare Time using cpu 0.0644505

Query Optimization Time: 2.1719

s_suppkey
sg = 3
Filter Build Kernel time GPU: 0.031648 p_partkey
sg = 1
p_partkey
sg = 3
Build Kernel time GPU: 60.163841 Filter Build Kernel time GPU: 1.156096 d_datekey
sg = 1
Build Kernel time GPU: 46.617599 Build time 107.062
h_total: 818973840 output_estimate: 960495616 sg: 14
Probe Kernel time GPU: 112.472061 Transfer size: 818973840 sg: 14
Transfer Time : 506.985474 Group Kernel time CPU: 18410.591797 sg = 14 non demand time = 19030.2
Probe time 19030.3
Merge time 0.49984
Result:
Res count = 0
Query Execution Time: 19139.8
CPU Time: 18410.6
GPU Time: 112.472
Transfer Time: 506.985
Malloc Time: 0.003936

11

 Query: 11 19930101 19931231
Query Prepare Time: 0.136064
 Query Prepare Time using cpu 0.000133514

Query Optimization Time: 1.89952

d_datekey
sg = 3
Filter Build Kernel time GPU: 0.031776 Build time 0.112768
h_total: 17716 output_estimate: 643444 sg: 30
Filter Probe Kernel time GPU: 0.121984 Transfer size: 17716 sg: 30
Transfer Time : 0.024576 Aggr Kernel time CPU: 0.157760 sg = 30 non demand time = 0.463872
h_total: 69967188 output_estimate: 109314048 sg: 22
Filter Kernel time CPU: 9.284768 Transfer size: 69967188 sg: 22
Transfer Time : 10.477568 h_total: 19047358 output_estimate: 28622938 sg: 22
Filter Probe Kernel time GPU: 2.328416 Transfer size: 19047358 sg: 22
Transfer Time : 5.922816 Aggr Kernel time CPU: 5.649408 sg = 22 non demand time = 33.8061
Probe time 33.8975
Merge time 0.003104
Result:
Res count = 0
Query Execution Time: 34.0768
CPU Time: 14.9342
GPU Time: 2.32842
Transfer Time: 16.4004
Malloc Time: 0.006816

33

 Query: 33 19920101 19971231
Query Prepare Time: 21.1699
 Query Prepare Time using cpu 0.0211558

Query Optimization Time: 2.18317

s_suppkey
sg = 3
Filter Build Kernel time GPU: 0.026624 d_datekey
sg = 3
Filter Build Kernel time GPU: 0.021280 Build time 0.151776
h_total: 0 output_estimate: 876609536 sg: 14
Probe Kernel time GPU: 20.732927 Transfer size: 0 sg: 14
Transfer Time : 0.004928 Group Kernel time CPU: 0.002048 sg = 14 non demand time = 20.8353
Probe time 20.8597
Merge time 0.251072
Result:
Res count = 0
Query Execution Time: 21.7364
CPU Time: 0.002048
GPU Time: 20.7329
Transfer Time: 0.004928
Malloc Time: 0.004192

11

 Query: 11 19930101 19931231
Query Prepare Time: 0.096576
 Query Prepare Time using cpu 9.56059e-05

Query Optimization Time: 1.79712

d_datekey
sg = 3
Filter Build Kernel time GPU: 0.027648 Build time 0.070656
h_total: 17716 output_estimate: 643444 sg: 30
Filter Probe Kernel time GPU: 0.155456 Transfer size: 17716 sg: 30
Transfer Time : 0.022528 Aggr Kernel time CPU: 0.153536 sg = 30 non demand time = 0.485376
h_total: 69967188 output_estimate: 109314048 sg: 22
Filter Kernel time CPU: 10.828800 Transfer size: 69967188 sg: 22
Transfer Time : 10.479616 h_total: 19047358 output_estimate: 28622938 sg: 22
Filter Probe Kernel time GPU: 2.328480 Transfer size: 19047358 sg: 22
Transfer Time : 5.922624 Aggr Kernel time CPU: 5.633056 sg = 22 non demand time = 35.3393
Probe time 35.4284
Merge time 0.003392
Result:
Res count = 0
Query Execution Time: 35.5661
CPU Time: 16.4619
GPU Time: 2.32848
Transfer Time: 16.4022
Malloc Time: 0.006144

32

 Query: 32 19920101 19971231
Query Prepare Time: 21.4985
 Query Prepare Time using cpu 0.0214849

Query Optimization Time: 2.20694

s_suppkey
sg = 3
Filter Build Kernel time GPU: 0.027584 d_datekey
sg = 3
Filter Build Kernel time GPU: 0.021504 Build time 0.140288
h_total: 0 output_estimate: 876609536 sg: 14
Probe Kernel time GPU: 21.088160 Transfer size: 0 sg: 14
Transfer Time : 0.004128 Group Kernel time CPU: 0.002048 sg = 14 non demand time = 21.1907
Probe time 21.2132
Merge time 0.3
Result:
Res count = 0
Query Execution Time: 22.1292
CPU Time: 0.002048
GPU Time: 21.0882
Transfer Time: 0.004128
Malloc Time: 0.00304

42

 Query: 42 19970101 19981231
Query Prepare Time: 42.0156
 Query Prepare Time using cpu 0.0420132

Query Optimization Time: 2.07981

s_suppkey
sg = 3
Filter Build Kernel time GPU: 0.027648 p_partkey
sg = 3
Filter Build Kernel time GPU: 31.718399 d_datekey
sg = 3
Filter Build Kernel time GPU: 0.025600 Build time 31.9181
h_total: 3994550 output_estimate: 83886080 sg: 44
Probe Kernel time GPU: 2.683040 Transfer size: 3994550 sg: 44
h_total: 0 output_estimate: 147849216 sg: 60
Probe Kernel time GPU: 5.067776 Transfer size: 0 sg: 60
Transfer Time : 0.001024 Transfer Time : 3.274752 Group Kernel time CPU: 0.002048 sg = 60 non demand time = 7.1209
Probe Group Kernel time CPU: 2.317152 sg = 44 non demand time = 12.1661
Probe time 12.2378
Merge time 0.018752
Result:
Res count = 0
Query Execution Time: 44.2468
CPU Time: 2.31715
GPU Time: 31.7716
Transfer Time: 3.27475
Malloc Time: 0.004896

32

 Query: 32 19920101 19971231
Query Prepare Time: 24.6209
 Query Prepare Time using cpu 0.0246072

Query Optimization Time: 2.11875

s_suppkey
sg = 3
Filter Build Kernel time GPU: 0.026624 d_datekey
sg = 3
Filter Build Kernel time GPU: 0.020576 Build time 0.132096
h_total: 0 output_estimate: 876609536 sg: 14
Probe Kernel time GPU: 21.085056 Transfer size: 0 sg: 14
Transfer Time : 0.004096 Group Kernel time CPU: 0.002016 sg = 14 non demand time = 21.1875
Probe time 21.2091
Merge time 0.356096
Result:
Res count = 0
Query Execution Time: 22.1736
CPU Time: 0.002016
GPU Time: 21.0851
Transfer Time: 0.004096
Malloc Time: 0.003136

22

 Query: 22 1 19981231
Query Prepare Time: 55.7899
 Query Prepare Time using cpu 0.0557249

Query Optimization Time: 2.15654

s_suppkey
sg = 3
Filter Build Kernel time GPU: 0.028672 d_datekey
sg = 1
Build Kernel time GPU: 95.581024 Build time 95.7235
h_total: 0 output_estimate: 960495616 sg: 14
Probe Kernel time GPU: 61.561920 Transfer size: 0 sg: 14
Transfer Time : 0.004096 Group Kernel time CPU: 0.001024 sg = 14 non demand time = 61.696
Probe time 61.7317
Merge time 0.729568
Result:
Res count = 0
Query Execution Time: 160.202
CPU Time: 0.001024
GPU Time: 95.581
Transfer Time: 0.004096
Malloc Time: 0.003072

43

 Query: 43 19970101 19981231
Query Prepare Time: 44.3628
 Query Prepare Time using cpu 0.0443053

Query Optimization Time: 2.10944

s_suppkey
sg = 3
Filter Build Kernel time GPU: 0.030720 d_datekey
sg = 3
Filter Build Kernel time GPU: 0.020704 Build time 0.145408
h_total: 0 output_estimate: 83886080 sg: 44
Probe Kernel time GPU: 1.922048 Transfer size: 0 sg: 44
Transfer Time : 0.001024 Probe Group Kernel time CPU: 0.001024 h_total: 0 output_estimate: 147849216 sg: 60
Probe Kernel time GPU: 3.617792 sg = 44 non demand time = 5.63075
Transfer size: 0 sg: 60
Transfer Time : 0.009152 Group Kernel time CPU: 0.001952 sg = 60 non demand time = 3.82669
Probe time 5.82451
Merge time 0.60128
Result:
Res count = 0
Query Execution Time: 8.34381
CPU Time: 0.001952
GPU Time: 3.61779
Transfer Time: 0.009152
Malloc Time: 0.018432

43

 Query: 43 19970101 19981231
Query Prepare Time: 46.0574
 Query Prepare Time using cpu 0.0460005

Query Optimization Time: 2.08589

s_suppkey
sg = 3
Filter Build Kernel time GPU: 0.029792 d_datekey
sg = 3
Filter Build Kernel time GPU: 0.021568 Build time 0.146432
h_total: 0 output_estimate: 83886080 sg: 44
Probe Kernel time GPU: 1.943552 Transfer size: 0 sg: 44
Transfer Time : 0.007232 h_total: 0 output_estimate: 147849216 sg: 60
Probe Kernel time GPU: 3.622848 Probe Group Kernel time CPU: 0.002048 sg = 44 non demand time = 5.7047
Transfer size: 0 sg: 60
Transfer Time : 0.009216 Group Kernel time CPU: 0.001024 sg = 60 non demand time = 3.8359
Probe time 5.83286
Merge time 0.657984
Result:
Res count = 0
Query Execution Time: 8.39795
CPU Time: 0.002048
GPU Time: 3.62285
Transfer Time: 0.009216
Malloc Time: 3.56432

32

 Query: 32 19920101 19971231
Query Prepare Time: 23.8937
 Query Prepare Time using cpu 0.0238807

Query Optimization Time: 2.00506

s_suppkey
sg = 3
Filter Build Kernel time GPU: 0.026624 d_datekey
sg = 3
Filter Build Kernel time GPU: 0.021504 Build time 0.129024
h_total: 0 output_estimate: 876609536 sg: 14
Probe Kernel time GPU: 20.131905 Transfer size: 0 sg: 14
Transfer Time : 0.004096 Group Kernel time CPU: 0.001024 sg = 14 non demand time = 20.2342
Probe time 20.2618
Merge time 0.38784
Result:
Res count = 0
Query Execution Time: 21.2807
CPU Time: 0.001024
GPU Time: 20.1319
Transfer Time: 0.004096
Malloc Time: 0.004384

33

 Query: 33 19920101 19971231
Query Prepare Time: 22.6369
 Query Prepare Time using cpu 0.0226233

Query Optimization Time: 1.94762

s_suppkey
sg = 3
Filter Build Kernel time GPU: 0.024448 d_datekey
sg = 3
Filter Build Kernel time GPU: 0.020480 Build time 0.124928
h_total: 0 output_estimate: 876609536 sg: 14
Probe Kernel time GPU: 19.769344 Transfer size: 0 sg: 14
Transfer Time : 0.004096 Group Kernel time CPU: 0.002048 sg = 14 non demand time = 19.8678
Probe time 19.8892
Merge time 0.437728
Result:
Res count = 0
Query Execution Time: 20.9287
CPU Time: 0.002048
GPU Time: 19.7693
Transfer Time: 0.004096
Malloc Time: 0.003232

23

 Query: 23 1 19981231
Query Prepare Time: 55.3138
 Query Prepare Time using cpu 0.0552483

Query Optimization Time: 2.11667

s_suppkey
sg = 3
Filter Build Kernel time GPU: 0.028672 d_datekey
sg = 1
Build Kernel time GPU: 95.563805 Build time 95.703
h_total: 0 output_estimate: 960495616 sg: 14
Probe Kernel time GPU: 26.800097 Transfer size: 0 sg: 14
Transfer Time : 0.004096 Group Kernel time CPU: 0.002048 sg = 14 non demand time = 26.922
Probe time 26.9537
Merge time 0.744448
Result:
Res count = 0
Query Execution Time: 125.429
CPU Time: 0.002048
GPU Time: 95.5638
Transfer Time: 0.004096
Malloc Time: 0.004096

22

 Query: 22 1 19981231
Query Prepare Time: 59.2368
 Query Prepare Time using cpu 0.0591707

Query Optimization Time: 2.13923

s_suppkey
sg = 3
Filter Build Kernel time GPU: 0.028704 d_datekey
sg = 1
Build Kernel time GPU: 95.559677 Build time 95.702
h_total: 0 output_estimate: 960495616 sg: 14
Probe Kernel time GPU: 61.562881 Transfer size: 0 sg: 14
Transfer Time : 0.004096 Group Kernel time CPU: 0.001984 sg = 14 non demand time = 61.6796
Probe time 61.7277
Merge time 0.836864
Result:
Res count = 0
Query Execution Time: 160.289
CPU Time: 0.001984
GPU Time: 95.5597
Transfer Time: 0.004096
Malloc Time: 0.003968

31

 Query: 31 19920101 19971231
Query Prepare Time: 20.9852
 Query Prepare Time using cpu 0.0209827

Query Optimization Time: 1.9856

s_suppkey
sg = 3
Filter Build Kernel time GPU: 0.033792 d_datekey
sg = 3
Filter Build Kernel time GPU: 0.022528 Build time 0.146624
h_total: 0 output_estimate: 876609536 sg: 14
Probe Kernel time GPU: 34.915329 Transfer size: 0 sg: 14
Transfer Time : 0.004096 Group Kernel time CPU: 0.001824 sg = 14 non demand time = 35.0177
Probe time 35.0465
Merge time 0.023392
Result:
Res count = 0
Query Execution Time: 35.2755
CPU Time: 0.001824
GPU Time: 34.9153
Transfer Time: 0.004096
Malloc Time: 0.004288

23

 Query: 23 1 19981231
Query Prepare Time: 55.4482
 Query Prepare Time using cpu 0.0553832

Query Optimization Time: 2.20058

s_suppkey
sg = 3
Filter Build Kernel time GPU: 0.029696 d_datekey
sg = 1
Build Kernel time GPU: 95.602692 Build time 95.747
h_total: 0 output_estimate: 960495616 sg: 14
Probe Kernel time GPU: 26.795168 Transfer size: 0 sg: 14
Transfer Time : 0.004960 Group Kernel time CPU: 0.001920 sg = 14 non demand time = 26.9015
Probe time 26.9475
Merge time 0.68176
Result:
Res count = 0
Query Execution Time: 125.401
CPU Time: 0.00192
GPU Time: 95.6027
Transfer Time: 0.00496
Malloc Time: 0.003872

22

 Query: 22 1 19981231
Query Prepare Time: 55.6263
 Query Prepare Time using cpu 0.0555606

Query Optimization Time: 2.38285

s_suppkey
sg = 3
Filter Build Kernel time GPU: 0.028704 d_datekey
sg = 1
Build Kernel time GPU: 95.536125 Build time 95.6836
h_total: 0 output_estimate: 960495616 sg: 14
Probe Kernel time GPU: 61.568863 Transfer size: 0 sg: 14
Transfer Time : 0.004960 Group Kernel time CPU: 0.001024 sg = 14 non demand time = 61.6981
Probe time 61.7472
Merge time 1.1983
Result:
Res count = 0
Query Execution Time: 160.646
CPU Time: 0.001024
GPU Time: 95.5361
Transfer Time: 0.00496
Malloc Time: 0.003424

23

 Query: 23 1 19981231
Query Prepare Time: 56.6895
 Query Prepare Time using cpu 0.0566239

Query Optimization Time: 2.11968

s_suppkey
sg = 3
Filter Build Kernel time GPU: 0.029696 d_datekey
sg = 1
Build Kernel time GPU: 95.542274 Build time 95.6828
h_total: 0 output_estimate: 960495616 sg: 14
Probe Kernel time GPU: 26.792160 Transfer size: 0 sg: 14
Transfer Time : 0.004096 Group Kernel time CPU: 0.001024 sg = 14 non demand time = 26.9189
Probe time 26.9619
Merge time 0.714592
Result:
Res count = 0
Query Execution Time: 125.384
CPU Time: 0.001024
GPU Time: 95.5423
Transfer Time: 0.004096
Malloc Time: 0.003232

21

 Query: 21 1 19981231
Query Prepare Time: 59.0439
 Query Prepare Time using cpu 0.0589788

Query Optimization Time: 2.07053

s_suppkey
sg = 3
Filter Build Kernel time GPU: 0.032768 p_partkey
sg = 1
p_partkey
sg = 3
Build Kernel time GPU: 60.207073 Filter Build Kernel time GPU: 1.134592 d_datekey
sg = 1
Build Kernel time GPU: 46.597118 Build time 107.069
h_total: 818996091 output_estimate: 960495616 sg: 14
Probe Kernel time GPU: 112.414719 Transfer size: 818996091 sg: 14
Transfer Time : 507.127808 Group Kernel time CPU: 18435.613281 sg = 14 non demand time = 19055.3
Probe time 19055.4
Merge time 0.47936
Result:
Res count = 0
Query Execution Time: 19164.8
CPU Time: 18435.6
GPU Time: 112.415
Transfer Time: 507.128
Malloc Time: 0.003072

34

 Query: 34 19971201 19971231
Query Prepare Time: 24.0873
 Query Prepare Time using cpu 0.0240743

Query Optimization Time: 2.01709

s_suppkey
sg = 3
Filter Build Kernel time GPU: 0.026624 d_datekey
sg = 1
h_total: 31 output_estimate: 1048576 sg: 1
Filter Kernel time CPU: 0.212992 Transfer size: 31 sg: 1
Transfer Time: 0.008192 sg: 1
Build Kernel time GPU: 0.012288 Build time 0.401344
h_total: 0 output_estimate: 14680064 sg: 14
Probe Kernel time GPU: 0.364544 Transfer size: 0 sg: 14
Transfer Time : 0.004896 Group Kernel time CPU: 0.001024 sg = 14 non demand time = 0.467968
Probe time 0.492512
Merge time 0.386688
Result:
Res count = 0
Query Execution Time: 1.76032
CPU Time: 0.212992
GPU Time: 0.364544
Transfer Time: 0.008192
Malloc Time: 0.013312

34

 Query: 34 19971201 19971231
Query Prepare Time: 21.5037
 Query Prepare Time using cpu 0.0214906

Query Optimization Time: 1.72454

s_suppkey
sg = 3
Filter Build Kernel time GPU: 0.024352 d_datekey
sg = 1
h_total: 31 output_estimate: 1048576 sg: 1
Filter Kernel time CPU: 0.254976 Transfer size: 31 sg: 1
Transfer Time: 0.008192 sg: 1
Build Kernel time GPU: 0.012288 Build time 0.428032
h_total: 0 output_estimate: 14680064 sg: 14
Probe Kernel time GPU: 0.363520 Transfer size: 0 sg: 14
Transfer Time : 0.004096 Group Kernel time CPU: 0.001024 sg = 14 non demand time = 0.456704
Probe time 0.483328
Merge time 0.361376
Result:
Res count = 0
Query Execution Time: 1.75184
CPU Time: 0.254976
GPU Time: 0.36352
Transfer Time: 0.008192
Malloc Time: 0.012352

42

 Query: 42 19970101 19981231
Query Prepare Time: 41.8545
 Query Prepare Time using cpu 0.0418527

Query Optimization Time: 1.9088

s_suppkey
sg = 3
Filter Build Kernel time GPU: 0.026528 p_partkey
sg = 3
Filter Build Kernel time GPU: 31.723616 d_datekey
sg = 3
Filter Build Kernel time GPU: 0.027584 Build time 31.9304
h_total: 3994550 output_estimate: 83886080 sg: 44
Probe Kernel time GPU: 2.714624 Transfer size: 3994550 sg: 44
h_total: 0 output_estimate: 147849216 sg: 60
Probe Kernel time GPU: 4.419584 Transfer size: 0 sg: 60
Transfer Time : 0.001824 Group Kernel time CPU: 0.002048 Transfer Time : 3.287936 sg = 60 non demand time = 7.16595
Probe Group Kernel time CPU: 1.974272 sg = 44 non demand time = 11.862
Probe time 11.9245
Merge time 0.01664
Result:
Res count = 0
Query Execution Time: 43.9399
CPU Time: 1.97427
GPU Time: 31.7777
Transfer Time: 3.28794
Malloc Time: 3.74682

31

 Query: 31 19920101 19971231
Query Prepare Time: 20.881
 Query Prepare Time using cpu 0.0208786

Query Optimization Time: 1.85139

s_suppkey
sg = 3
Filter Build Kernel time GPU: 0.032768 d_datekey
sg = 3
Filter Build Kernel time GPU: 0.022528 Build time 0.152448
h_total: 0 output_estimate: 876609536 sg: 14
Probe Kernel time GPU: 35.017666 Transfer size: 0 sg: 14
Transfer Time : 0.004096 Group Kernel time CPU: 0.001024 sg = 14 non demand time = 35.1283
Probe time 35.1549
Merge time 0.022272
Result:
Res count = 0
Query Execution Time: 35.3869
CPU Time: 0.001024
GPU Time: 35.0177
Transfer Time: 0.004096
Malloc Time: 0.003104

43

 Query: 43 19970101 19981231
Query Prepare Time: 42.7119
 Query Prepare Time using cpu 0.042654

Query Optimization Time: 2.0265

s_suppkey
sg = 3
Filter Build Kernel time GPU: 0.031520 d_datekey
sg = 3
Filter Build Kernel time GPU: 0.021504 Build time 0.14848
h_total: 0 output_estimate: 83886080 sg: 44
Probe Kernel time GPU: 2.009248 Transfer size: 0 sg: 44
Transfer Time : 0.026624 Probe Group Kernel time CPU: 0.001024 sg = 44 non demand time = 5.88179
h_total: 0 output_estimate: 147849216 sg: 60
Probe Kernel time GPU: 3.808256 Transfer size: 0 sg: 60
Transfer Time : 0.009216 Group Kernel time CPU: 0.002048 sg = 60 non demand time = 3.97421
Probe time 6.05501
Merge time 0.602176
Result:
Res count = 0
Query Execution Time: 8.57712
CPU Time: 0.002048
GPU Time: 3.80826
Transfer Time: 0.026624
Malloc Time: 0.005984

32

 Query: 32 19920101 19971231
Query Prepare Time: 23.6823
 Query Prepare Time using cpu 0.0236692

Query Optimization Time: 1.91488

s_suppkey
sg = 3
Filter Build Kernel time GPU: 0.032768 d_datekey
sg = 3
Filter Build Kernel time GPU: 0.021504 Build time 0.14048
h_total: 0 output_estimate: 876609536 sg: 14
Probe Kernel time GPU: 20.470783 Transfer size: 0 sg: 14
Transfer Time : 0.004160 Group Kernel time CPU: 0.001024 sg = 14 non demand time = 20.5783
Probe time 20.602
Merge time 0.4048
Result:
Res count = 0
Query Execution Time: 21.6453
CPU Time: 0.001024
GPU Time: 20.4708
Transfer Time: 0.00416
Malloc Time: 0.003296

33

 Query: 33 19920101 19971231
Query Prepare Time: 22.6583
 Query Prepare Time using cpu 0.0226448

Query Optimization Time: 1.8217

s_suppkey
sg = 3
Filter Build Kernel time GPU: 0.024576 d_datekey
sg = 3
Filter Build Kernel time GPU: 0.020512 Build time 0.126976
h_total: 0 output_estimate: 876609536 sg: 14
Probe Kernel time GPU: 19.820543 Transfer size: 0 sg: 14
Transfer Time : 0.004096 Group Kernel time CPU: 0.002048 sg = 14 non demand time = 19.9209
Probe time 19.9445
Merge time 0.493248
Result:
Res count = 0
Query Execution Time: 21.0404
CPU Time: 0.002048
GPU Time: 19.8205
Transfer Time: 0.004096
Malloc Time: 0.004096

42

 Query: 42 19970101 19981231
Query Prepare Time: 42.2593
 Query Prepare Time using cpu 0.0422566

Query Optimization Time: 1.96198

s_suppkey
sg = 3
Filter Build Kernel time GPU: 0.028512 p_partkey
sg = 3
Filter Build Kernel time GPU: 31.712383 d_datekey
sg = 3
Filter Build Kernel time GPU: 0.025600 Build time 31.907
h_total: 3994550 output_estimate: 83886080 sg: 44
Probe Kernel time GPU: 2.598656 Transfer size: 3994550 sg: 44
Transfer Time : 4.207616 h_total: 0 output_estimate: 147849216 sg: 60
Probe Kernel time GPU: 3.613696 Transfer size: 0 sg: 60
Transfer Time : 0.008352 Group Kernel time CPU: 0.002816 sg = 60 non demand time = 4.46992
Probe Group Kernel time CPU: 2.392064 sg = 44 non demand time = 9.34605
Probe time 9.40954
Merge time 0.015904
Result:
Res count = 0
Query Execution Time: 41.396
CPU Time: 2.39206
GPU Time: 31.7665
Transfer Time: 4.20762
Malloc Time: 0.009216

22

 Query: 22 1 19981231
Query Prepare Time: 56.836
 Query Prepare Time using cpu 0.0567708

Query Optimization Time: 2.07238

s_suppkey
sg = 3
Filter Build Kernel time GPU: 0.029696 d_datekey
sg = 1
Build Kernel time GPU: 95.606781 Build time 95.7542
h_total: 0 output_estimate: 960495616 sg: 14
Probe Kernel time GPU: 61.560833 Transfer size: 0 sg: 14
Transfer Time : 0.005120 Group Kernel time CPU: 0.001024 sg = 14 non demand time = 61.6909
Probe time 61.7277
Merge time 0.889312
Result:
Res count = 0
Query Execution Time: 160.393
CPU Time: 0.001024
GPU Time: 95.6068
Transfer Time: 0.00512
Malloc Time: 0.003296

23

 Query: 23 1 19981231
Query Prepare Time: 55.2098
 Query Prepare Time using cpu 0.0551441

Query Optimization Time: 2.01738

s_suppkey
sg = 3
Filter Build Kernel time GPU: 0.029696 d_datekey
sg = 1
Build Kernel time GPU: 95.549438 Build time 95.6908
h_total: 0 output_estimate: 960495616 sg: 14
Probe Kernel time GPU: 26.782881 Transfer size: 0 sg: 14
Transfer Time : 0.004096 Group Kernel time CPU: 0.001024 sg = 14 non demand time = 26.9005
Probe time 26.9322
Merge time 0.633088
Result:
Res count = 0
Query Execution Time: 125.292
CPU Time: 0.001024
GPU Time: 95.5494
Transfer Time: 0.004096
Malloc Time: 0.004448

33

 Query: 33 19920101 19971231
Query Prepare Time: 23.696
 Query Prepare Time using cpu 0.0236831

Query Optimization Time: 1.90669

s_suppkey
sg = 3
Filter Build Kernel time GPU: 0.025600 d_datekey
sg = 3
Filter Build Kernel time GPU: 0.020480 Build time 0.132096
h_total: 0 output_estimate: 876609536 sg: 14
Probe Kernel time GPU: 19.773279 Transfer size: 0 sg: 14
Transfer Time : 0.004160 Group Kernel time CPU: 0.001024 sg = 14 non demand time = 19.8769
Probe time 19.9014
Merge time 0.401152
Result:
Res count = 0
Query Execution Time: 20.9286
CPU Time: 0.001024
GPU Time: 19.7733
Transfer Time: 0.00416
Malloc Time: 0.004128

32

 Query: 32 19920101 19971231
Query Prepare Time: 22.5328
 Query Prepare Time using cpu 0.0225196

Query Optimization Time: 1.83296

s_suppkey
sg = 3
Filter Build Kernel time GPU: 0.024672 d_datekey
sg = 3
Filter Build Kernel time GPU: 0.021344 Build time 0.127168
h_total: 0 output_estimate: 876609536 sg: 14
Probe Kernel time GPU: 20.127745 Transfer size: 0 sg: 14
Transfer Time : 0.004192 Group Kernel time CPU: 0.002048 sg = 14 non demand time = 20.2248
Probe time 20.2465
Merge time 0.411328
Result:
Res count = 0
Query Execution Time: 21.2639
CPU Time: 0.002048
GPU Time: 20.1277
Transfer Time: 0.004192
Malloc Time: 0.003872

34

 Query: 34 19971201 19971231
Query Prepare Time: 22.6961
 Query Prepare Time using cpu 0.0226829

Query Optimization Time: 1.82358

s_suppkey
sg = 3
Filter Build Kernel time GPU: 0.024576 d_datekey
sg = 1
h_total: 31 output_estimate: 1048576 sg: 1
Filter Kernel time CPU: 0.417888 Transfer size: 31 sg: 1
Transfer Time: 0.008192 sg: 1
Build Kernel time GPU: 0.012448 Build time 0.593696
h_total: 0 output_estimate: 14680064 sg: 14
Probe Kernel time GPU: 0.350208 Transfer size: 0 sg: 14
Transfer Time : 0.004096 Group Kernel time CPU: 0.001984 sg = 14 non demand time = 0.444608
Probe time 0.47104
Merge time 0.232256
Result:
Res count = 0
Query Execution Time: 1.76845
CPU Time: 0.417888
GPU Time: 0.350208
Transfer Time: 0.008192
Malloc Time: 0.013312

33

 Query: 33 19920101 19971231
Query Prepare Time: 21.7203
 Query Prepare Time using cpu 0.0217063

Query Optimization Time: 1.81862

s_suppkey
sg = 3
Filter Build Kernel time GPU: 0.026496 d_datekey
sg = 3
Filter Build Kernel time GPU: 0.022528 Build time 0.126112
h_total: 0 output_estimate: 876609536 sg: 14
Probe Kernel time GPU: 19.770369 Transfer size: 0 sg: 14
Transfer Time : 0.004096 Group Kernel time CPU: 0.002048 sg = 14 non demand time = 19.8615
Probe time 19.8881
Merge time 0.436384
Result:
Res count = 0
Query Execution Time: 20.9309
CPU Time: 0.002048
GPU Time: 19.7704
Transfer Time: 0.004096
Malloc Time: 0.003936

13

 Query: 13 19940204 19940210
Query Prepare Time: 0.096704
 Query Prepare Time using cpu 9.48906e-05

Query Optimization Time: 1.59642

d_datekey
sg = 3
Filter Build Kernel time GPU: 0.023552 Build time 0.068608
h_total: 152125 output_estimate: 514755 sg: 30
Filter Probe Kernel time GPU: 0.106496 Transfer size: 152125 sg: 30
Transfer Time : 0.074816 Aggr Kernel time CPU: 0.306176 sg = 30 non demand time = 0.561376
Probe time 0.589824
Merge time 0.001856
Result:
Res count = 0
Query Execution Time: 0.71136
CPU Time: 0.306176
GPU Time: 0.106496
Transfer Time: 0.074816
Malloc Time: 0.003072

34

 Query: 34 19971201 19971231
Query Prepare Time: 22.1033
 Query Prepare Time using cpu 0.0220907

Query Optimization Time: 1.72842

s_suppkey
sg = 3
Filter Build Kernel time GPU: 0.023552 d_datekey
sg = 1
h_total: 31 output_estimate: 1048576 sg: 1
Filter Kernel time CPU: 0.319488 Transfer size: 31 sg: 1
Transfer Time: 0.008064 sg: 1
Build Kernel time GPU: 0.012288 Build time 0.487424
h_total: 0 output_estimate: 14680064 sg: 14
Probe Kernel time GPU: 0.348160 Transfer size: 0 sg: 14
Transfer Time : 0.004096 Group Kernel time CPU: 0.001024 sg = 14 non demand time = 0.44112
Probe time 0.461952
Merge time 0.412224
Result:
Res count = 0
Query Execution Time: 1.8352
CPU Time: 0.319488
GPU Time: 0.34816
Transfer Time: 0.008064
Malloc Time: 0.012288

22

 Query: 22 1 19981231
Query Prepare Time: 55.2789
 Query Prepare Time using cpu 0.0552135

Query Optimization Time: 1.97245

s_suppkey
sg = 3
Filter Build Kernel time GPU: 0.027648 d_datekey
sg = 1
Build Kernel time GPU: 95.577087 Build time 95.7278
h_total: 0 output_estimate: 960495616 sg: 14
Probe Kernel time GPU: 61.569855 Transfer size: 0 sg: 14
Transfer Time : 0.004864 Group Kernel time CPU: 0.001024 sg = 14 non demand time = 61.698
Probe time 61.7361
Merge time 0.691168
Result:
Res count = 0
Query Execution Time: 160.182
CPU Time: 0.001024
GPU Time: 95.5771
Transfer Time: 0.004864
Malloc Time: 0.00416

21

 Query: 21 1 19981231
Query Prepare Time: 56.3013
 Query Prepare Time using cpu 0.0562363

Query Optimization Time: 2.044

s_suppkey
sg = 3
Filter Build Kernel time GPU: 0.031744 p_partkey
sg = 1
p_partkey
sg = 3
Build Kernel time GPU: 60.183582 Filter Build Kernel time GPU: 1.148928 d_datekey
sg = 1
Build Kernel time GPU: 46.597118 Build time 107.06
h_total: 818463200 output_estimate: 960495616 sg: 14
Probe Kernel time GPU: 112.371613 Transfer size: 818463200 sg: 14
Transfer Time : 506.774536 Group Kernel time CPU: 18410.947266 sg = 14 non demand time = 19030.2
Probe time 19030.3
Merge time 0.499936
Result:
Res count = 0
Query Execution Time: 19140.4
CPU Time: 18410.9
GPU Time: 112.372
Transfer Time: 506.775
Malloc Time: 0.00416

23

 Query: 23 1 19981231
Query Prepare Time: 57.4128
 Query Prepare Time using cpu 0.0573468

Query Optimization Time: 2.10934

s_suppkey
sg = 3
Filter Build Kernel time GPU: 0.030560 d_datekey
sg = 1
Build Kernel time GPU: 95.487999 Build time 95.6335
h_total: 0 output_estimate: 960495616 sg: 14
Probe Kernel time GPU: 27.764736 Transfer size: 0 sg: 14
Transfer Time : 0.004096 Group Kernel time CPU: 0.001024 sg = 14 non demand time = 27.8794
Probe time 27.9091
Merge time 0.5848
Result:
Res count = 0
Query Execution Time: 126.157
CPU Time: 0.001024
GPU Time: 95.488
Transfer Time: 0.004096
Malloc Time: 0.00416

33

 Query: 33 19920101 19971231
Query Prepare Time: 23.6459
 Query Prepare Time using cpu 0.0236323

Query Optimization Time: 1.90342

s_suppkey
sg = 3
Filter Build Kernel time GPU: 0.026528 d_datekey
sg = 3
Filter Build Kernel time GPU: 0.020480 Build time 0.134144
h_total: 0 output_estimate: 876609536 sg: 14
Probe Kernel time GPU: 20.403072 Transfer size: 0 sg: 14
Transfer Time : 0.004096 Group Kernel time CPU: 0.002048 sg = 14 non demand time = 20.5056
Probe time 20.5345
Merge time 0.308384
Result:
Res count = 0
Query Execution Time: 21.4523
CPU Time: 0.002048
GPU Time: 20.4031
Transfer Time: 0.004096
Malloc Time: 0.003936

13

 Query: 13 19940204 19940210
Query Prepare Time: 0.095872
 Query Prepare Time using cpu 9.36985e-05

Query Optimization Time: 1.59744

d_datekey
sg = 3
Filter Build Kernel time GPU: 0.023552 Build time 0.060416
h_total: 152125 output_estimate: 514755 sg: 30
Filter Probe Kernel time GPU: 0.104416 Transfer size: 152125 sg: 30
Transfer Time : 0.074752 Aggr Kernel time CPU: 0.213856 sg = 30 non demand time = 0.46592
Probe time 0.504832
Merge time 0.001792
Result:
Res count = 0
Query Execution Time: 0.620544
CPU Time: 0.213856
GPU Time: 0.104416
Transfer Time: 0.074752
Malloc Time: 0.003008

22

 Query: 22 1 19981231
Query Prepare Time: 55.7248
 Query Prepare Time using cpu 0.0556598

Query Optimization Time: 2.01213

s_suppkey
sg = 3
Filter Build Kernel time GPU: 0.028672 d_datekey
sg = 1
Build Kernel time GPU: 95.522850 Build time 95.6641
h_total: 0 output_estimate: 960495616 sg: 14
Probe Kernel time GPU: 61.581310 Transfer size: 0 sg: 14
Transfer Time : 0.004096 Group Kernel time CPU: 0.004896 sg = 14 non demand time = 61.7105
Probe time 61.7574
Merge time 0.65168
Result:
Res count = 0
Query Execution Time: 160.095
CPU Time: 0.004896
GPU Time: 95.5229
Transfer Time: 0.004096
Malloc Time: 0.0032

21

 Query: 21 1 19981231
Query Prepare Time: 56.9165
 Query Prepare Time using cpu 0.0568509

Query Optimization Time: 2.03264

s_suppkey
sg = 3
Filter Build Kernel time GPU: 0.031744 p_partkey
sg = 1
p_partkey
sg = 3
Build Kernel time GPU: 60.229633 Filter Build Kernel time GPU: 1.152192 d_datekey
sg = 1
Build Kernel time GPU: 46.600193 Build time 107.112
h_total: 818488616 output_estimate: 960495616 sg: 14
Probe Kernel time GPU: 112.514877 Transfer size: 818488616 sg: 14
Transfer Time : 506.725525 Group Kernel time CPU: 18436.548828 sg = 14 non demand time = 19055.9
Probe time 19056
Merge time 0.515328
Result:
Res count = 0
Query Execution Time: 19165.6
CPU Time: 18436.5
GPU Time: 112.515
Transfer Time: 506.726
Malloc Time: 0.0032

43

 Query: 43 19970101 19981231
Query Prepare Time: 45.056
 Query Prepare Time using cpu 0.0449984

Query Optimization Time: 1.98563

s_suppkey
sg = 3
Filter Build Kernel time GPU: 0.030720 d_datekey
sg = 3
Filter Build Kernel time GPU: 0.022304 Build time 0.14848
h_total: 0 output_estimate: 83886080 sg: 44
Probe Kernel time GPU: 2.053120 Transfer size: 0 sg: 44
h_total: 0 output_estimate: 147849216 sg: 60
Probe Kernel time GPU: 3.772384 Transfer Time : 0.007168 Probe Group Kernel time CPU: 0.001856 sg = 44 non demand time = 5.98528
Transfer size: 0 sg: 60
Transfer Time : 0.005280 Group Kernel time CPU: 0.002048 sg = 60 non demand time = 5.95338
Probe time 6.0856
Merge time 0.546912
Result:
Res count = 0
Query Execution Time: 8.55232
CPU Time: 0.002048
GPU Time: 3.77238
Transfer Time: 0.007168
Malloc Time: 0.006144

42

 Query: 42 19970101 19981231
Query Prepare Time: 50.895
 Query Prepare Time using cpu 0.0508926

Query Optimization Time: 1.95994

s_suppkey
sg = 3
Filter Build Kernel time GPU: 0.027648 p_partkey
sg = 3
Filter Build Kernel time GPU: 31.725569 d_datekey
sg = 3
Filter Build Kernel time GPU: 0.024768 Build time 31.9283
h_total: 3994550 output_estimate: 83886080 sg: 44
Probe Kernel time GPU: 2.712576 Transfer size: 3994550 sg: 44
h_total: 0 output_estimate: 147849216 sg: 60
Probe Kernel time GPU: 3.792896 Transfer size: 0 sg: 60
Transfer Time : 0.001024 Group Kernel time CPU: 0.001824 sg = 60 non demand time = Transfer Time : 3.288128 7.14752
Probe Group Kernel time CPU: 1.816576 sg = 44 non demand time = 11.6959
Probe time 11.7544
Merge time 0.014304
Result:
Res count = 0
Query Execution Time: 43.7628
CPU Time: 1.81658
GPU Time: 31.778
Transfer Time: 3.28813
Malloc Time: 0.013312

34

 Query: 34 19971201 19971231
Query Prepare Time: 24.2375
 Query Prepare Time using cpu 0.0242245

Query Optimization Time: 1.91795

s_suppkey
sg = 3
Filter Build Kernel time GPU: 0.025600 d_datekey
sg = 1
h_total: 31 output_estimate: 1048576 sg: 1
Filter Kernel time CPU: 0.284608 Transfer size: 31 sg: 1
Transfer Time: 0.008192 sg: 1
Build Kernel time GPU: 0.013312 Build time 0.464896
h_total: 0 output_estimate: 14680064 sg: 14
Probe Kernel time GPU: 0.365440 Transfer size: 0 sg: 14
Transfer Time : 0.004096 Group Kernel time CPU: 0.002016 sg = 14 non demand time = 0.456736
Probe time 0.484256
Merge time 0.369536
Result:
Res count = 0
Query Execution Time: 1.79866
CPU Time: 0.284608
GPU Time: 0.36544
Transfer Time: 0.008192
Malloc Time: 0.011264

23

 Query: 23 1 19981231
Query Prepare Time: 56.4702
 Query Prepare Time using cpu 0.056406

Query Optimization Time: 2.02138

s_suppkey
sg = 3
Filter Build Kernel time GPU: 0.027648 d_datekey
sg = 1
Build Kernel time GPU: 95.530945 Build time 95.6733
h_total: 0 output_estimate: 960495616 sg: 14
Probe Kernel time GPU: 26.789888 Transfer size: 0 sg: 14
Transfer Time : 0.004224 Group Kernel time CPU: 0.001952 sg = 14 non demand time = 26.8984
Probe time 26.9394
Merge time 0.682304
Result:
Res count = 0
Query Execution Time: 125.324
CPU Time: 0.001952
GPU Time: 95.5309
Transfer Time: 0.004224
Malloc Time: 0.003936

21

 Query: 21 1 19981231
Query Prepare Time: 55.9563
 Query Prepare Time using cpu 0.0558901

Query Optimization Time: 2.03469

s_suppkey
sg = 3
Filter Build Kernel time GPU: 0.030880 p_partkey
sg = 1
p_partkey
sg = 3
Build Kernel time GPU: 60.198914 Filter Build Kernel time GPU: 1.149952 d_datekey
sg = 1
Build Kernel time GPU: 46.611423 Build time 107.101
h_total: 818957927 output_estimate: 960495616 sg: 14
Probe Kernel time GPU: 112.459778 Transfer size: 818957927 sg: 14
Transfer Time : 506.969086 Group Kernel time CPU: 18392.937500 sg = 14 non demand time = 19012.5
Probe time 19012.6
Merge time 0.504576
Result:
Res count = 0
Query Execution Time: 19122.1
CPU Time: 18392.9
GPU Time: 112.46
Transfer Time: 506.969
Malloc Time: 0.00304

11

 Query: 11 19930101 19931231
Query Prepare Time: 0.115456
 Query Prepare Time using cpu 0.000113487

Query Optimization Time: 1.7408

d_datekey
sg = 3
Filter Build Kernel time GPU: 0.030912 Build time 0.083872
h_total: 17716 output_estimate: 643444 sg: 30
Filter Probe Kernel time GPU: 0.219136 Transfer size: 17716 sg: 30
Transfer Time : 0.023552 Aggr Kernel time CPU: 0.157696 sg = 30 non demand time = 0.583456
h_total: 69967188 output_estimate: 109314048 sg: 22
Filter Kernel time CPU: 9.406464 Transfer size: 69967188 sg: 22
Transfer Time : 10.476512 h_total: 19047358 output_estimate: 28622938 sg: 22
Filter Probe Kernel time GPU: 2.358272 Transfer size: 19047358 sg: 22
Transfer Time : 5.920800 Aggr Kernel time CPU: 5.808352 sg = 22 non demand time = 34.1472
Probe time 34.3132
Merge time 0.003552
Result:
Res count = 0
Query Execution Time: 34.5225
CPU Time: 15.2148
GPU Time: 2.35827
Transfer Time: 16.3973
Malloc Time: 0.006144

43

 Query: 43 19970101 19981231
Query Prepare Time: 43.1594
 Query Prepare Time using cpu 0.0431015

Query Optimization Time: 2.1135

s_suppkey
sg = 3
Filter Build Kernel time GPU: 0.031744 d_datekey
sg = 3
Filter Build Kernel time GPU: 0.022368 Build time 0.147616
h_total: 0 output_estimate: 83886080 sg: 44
Probe Kernel time GPU: 2.012000 Transfer size: 0 sg: 44
h_total: Transfer Time : 0.007264 0 output_estimate: 147849216 sg: 60
Probe Kernel time GPU: 3.765248 Probe Group Kernel time CPU: 0.001024 sg = 44 non demand time = 5.8992
Transfer size: 0 sg: 60
Transfer Time : 0.005120 Group Kernel time CPU: 0.001856 sg = 60 non demand time = 3.92397
Probe time 5.99866
Merge time 0.46016
Result:
Res count = 0
Query Execution Time: 8.37613
CPU Time: 0.001856
GPU Time: 3.76525
Transfer Time: 0.007264
Malloc Time: 3.73341

34

 Query: 34 19971201 19971231
Query Prepare Time: 23.6093
 Query Prepare Time using cpu 0.0235968

Query Optimization Time: 1.88314

s_suppkey
sg = 3
Filter Build Kernel time GPU: 0.024576 d_datekey
sg = 1
h_total: 31 output_estimate: 1048576 sg: 1
Filter Kernel time CPU: 0.450720 Transfer size: 31 sg: 1
Transfer Time: 0.009216 sg: 1
Build Kernel time GPU: 0.014400 Build time 0.627712
h_total: 0 output_estimate: 14680064 sg: 14
Probe Kernel time GPU: 0.365472 Transfer size: 0 sg: 14
Transfer Time : 0.004096 Group Kernel time CPU: 0.001024 sg = 14 non demand time = 0.456704
Probe time 0.47616
Merge time 0.297664
Result:
Res count = 0
Query Execution Time: 1.90026
CPU Time: 0.45072
GPU Time: 0.365472
Transfer Time: 0.009216
Malloc Time: 0.01408

Cached segment: 4999 Cache total: 5000
Successfully cached

Query 11 fraction: 0.335043 total: 5068 cached: 1698
Query 12 fraction: 0.286898 total: 5068 cached: 1454
Query 13 fraction: 0.335043 total: 5068 cached: 1698
Query 21 fraction: 0.790341 total: 4369 cached: 3453
Query 22 fraction: 0.801431 total: 4613 cached: 3697
Query 23 fraction: 0.801431 total: 4613 cached: 3697
Query 31 fraction: 0.733924 total: 4852 cached: 3561
Query 32 fraction: 0.733924 total: 4852 cached: 3561
Query 33 fraction: 0.702803 total: 4852 cached: 3410
Query 34 fraction: 0.652514 total: 4852 cached: 3166
Query 41 fraction: 0.672795 total: 6745 cached: 4538
Query 42 fraction: 0.684354 total: 6992 cached: 4785
Query 43 fraction: 0.684354 total: 6992 cached: 4785

 epoch end
 epoch start 
34

 Query: 34 19971201 19971231
Query Prepare Time: 21.5255
 Query Prepare Time using cpu 0.021512

Query Optimization Time: 2.04189

s_suppkey
sg = 3
Filter Build Kernel time GPU: 0.024576 d_datekey
sg = 1
h_total: 31 output_estimate: 1048576 sg: 1
Filter Kernel time CPU: 0.412672 Transfer size: 31 sg: 1
Transfer Time: 0.008192 sg: 1
Build Kernel time GPU: 0.013088 Build time 0.584704
h_total: 0 output_estimate: 14680064 sg: 14
Probe Kernel time GPU: 0.364544 Transfer size: 0 sg: 14
Transfer Time : 0.004096 Group Kernel time CPU: 0.001024 sg = 14 non demand time = 0.460704
Probe time 0.480288
Merge time 0.325856
Result:
Res count = 0
Query Execution Time: 1.86851
CPU Time: 0.412672
GPU Time: 0.364544
Transfer Time: 0.008192
Malloc Time: 0.012288

33

 Query: 33 19920101 19971231
Query Prepare Time: 21.6277
 Query Prepare Time using cpu 0.0216143

Query Optimization Time: 1.81859

s_suppkey
sg = 3
Filter Build Kernel time GPU: 0.023552 d_datekey
sg = 3
Filter Build Kernel time GPU: 0.021312 Build time 0.135168
h_total: 989217 output_estimate: 150994944 sg: 10
Probe Kernel time GPU: 3.350752 Transfer size: 989217 sg: 10
h_total: 0 output_estimate: 725614592 sg: 14
Probe Kernel time GPU: 17.039360 Transfer size: 0 sg: 14
Transfer Time : 0.681984 Transfer Time : 0.029696 Group Kernel time CPU: 0.002048 sg = 14 non demand time = 17.6814
Probe Group Kernel time CPU: 1.340224 sg = 10 non demand time = 22.3384
Probe time 22.3951
Merge time 0.283648
Result:
Res count = 0
Query Execution Time: 23.3021
CPU Time: 1.34022
GPU Time: 17.0394
Transfer Time: 0.681984
Malloc Time: 0.006048

34

 Query: 34 19971201 19971231
Query Prepare Time: 23.5324
 Query Prepare Time using cpu 0.023519

Query Optimization Time: 1.90669

s_suppkey
sg = 3
Filter Build Kernel time GPU: 0.024576 d_datekey
sg = 1
h_total: 31 output_estimate: 1048576 sg: 1
Filter Kernel time CPU: 0.364544 Transfer size: 31 sg: 1
Transfer Time: 0.009184 sg: 1
Build Kernel time GPU: 0.013312 Build time 0.54272
h_total: 0 output_estimate: 14680064 sg: 14
Probe Kernel time GPU: 0.364544 Transfer size: 0 sg: 14
Transfer Time : 0.004096 Group Kernel time CPU: 0.001024 sg = 14 non demand time = 0.451584
Probe time 0.472064
Merge time 0.29936
Result:
Res count = 0
Query Execution Time: 1.78998
CPU Time: 0.364544
GPU Time: 0.364544
Transfer Time: 0.009184
Malloc Time: 0.012448

23

 Query: 23 1 19981231
Query Prepare Time: 55.5166
 Query Prepare Time using cpu 0.0554512

Query Optimization Time: 1.98451

s_suppkey
sg = 3
Filter Build Kernel time GPU: 0.027648 d_datekey
sg = 1
Build Kernel time GPU: 95.508476 Build time 95.6416
h_total: 0 output_estimate: 960495616 sg: 14
Probe Kernel time GPU: 26.628096 Transfer size: 0 sg: 14
Transfer Time : 0.004128 Group Kernel time CPU: 0.002016 sg = 14 non demand time = 26.7387
Probe time 26.7694
Merge time 0.749408
Result:
Res count = 0
Query Execution Time: 125.183
CPU Time: 0.002016
GPU Time: 95.5085
Transfer Time: 0.004128
Malloc Time: 0.00384

41

 Query: 41 19920101 19981231
Query Prepare Time: 41.7117
 Query Prepare Time using cpu 0.0417089

Query Optimization Time: 2.03162

s_suppkey
sg = 3
Filter Build Kernel time GPU: 0.027648 p_partkey
sg = 3
Filter Build Kernel time GPU: 31.699968 d_datekey
sg = 1
Build Kernel time GPU: 11.066368 Build time 42.9445
h_total: 34455032 output_estimate: 234881024 sg: 44
Probe Kernel time GPU: 9.920512 Transfer size: 34455032 sg: 44
h_total: 0 output_estimate: 725614592 sg: 60
Probe Kernel time GPU: 19.887104 Transfer size: 0 sg: 60
Transfer Time : 0.001024 Group Kernel time CPU: 0.001024 sg = 60 non demand time = Transfer Time : 27.184128 47.106
Probe Group Kernel time CPU: 13.802400 sg = 44 non demand time = 70.8893
Probe time 70.9775
Merge time 0.00496
Result:
Res count = 0
Query Execution Time: 113.996
CPU Time: 13.8024
GPU Time: 31.7276
Transfer Time: 27.1841
Malloc Time: 0.004096

31

 Query: 31 19920101 19971231
Query Prepare Time: 20.9553
 Query Prepare Time using cpu 0.0209517

Query Optimization Time: 1.99786

s_suppkey
sg = 3
Filter Build Kernel time GPU: 0.034688 d_datekey
sg = 3
Filter Build Kernel time GPU: 0.024736 Build time 0.160608
h_total: 34676093 output_estimate: 150994944 sg: 10
Probe Kernel time GPU: 5.025792 Transfer size: 34676093 sg: 10
h_total: 0 output_estimate: 725614592 sg: 14
Probe Kernel time GPU: 35.666943 Transfer size: 0 sg: 14
Transfer Time : 0.001024 Transfer Time : 21.883904 Group Kernel time CPU: 0.006144 sg = 14 non demand time = 52.1308
Probe Group Kernel time CPU: 16.106497 sg = 10 non demand time = 73.2191
Probe time 73.3409
Merge time 0.040096
Result:
Res count = 0
Query Execution Time: 73.6163
CPU Time: 16.1065
GPU Time: 35.6669
Transfer Time: 21.8839
Malloc Time: 0.007168

11

 Query: 11 19930101 19931231
Query Prepare Time: 0.3488
 Query Prepare Time using cpu 0.000346899

Query Optimization Time: 1.82256

d_datekey
sg = 3
Filter Build Kernel time GPU: 0.031904 Build time 0.082912
h_total: 0 output_estimate: 321722 sg: 30
Filter Probe Kernel time GPU: 0.162816 Transfer size: 0 sg: 30
Transfer Time : 0.009088 Aggr Kernel time CPU: 0.002048 sg = 30 non demand time = 0.36864
h_total: 70470315 output_estimate: 110100480 sg: 22
Filter Kernel time CPU: 18.625601 Transfer size: 70470315 sg: 22
Transfer Time : 10.553248 h_total: 19065074 output_estimate: 28828764 sg: 22
Filter Probe Kernel time GPU: 2.355168 Transfer size: 19065074 sg: 22
Transfer Time : 5.919744 Aggr Kernel time CPU: 5.736608 sg = 22 non demand time = 43.3285
Probe time 43.4145
Merge time 0.002816
Result:
Res count = 0
Query Execution Time: 43.5547
CPU Time: 24.3622
GPU Time: 2.35517
Transfer Time: 16.473
Malloc Time: 0.007168

33

 Query: 33 19920101 19971231
Query Prepare Time: 21.529
 Query Prepare Time using cpu 0.0215154

Query Optimization Time: 2.07462

s_suppkey
sg = 3
Filter Build Kernel time GPU: 0.026624 d_datekey
sg = 3
Filter Build Kernel time GPU: 0.020672 Build time 0.134144
h_total: 989217 output_estimate: 150994944 sg: 10
Probe Kernel time GPU: 3.185888 Transfer size: 989217 sg: 10
h_total: 0 output_estimate: 725614592 sg: 14
Probe Kernel time GPU: 16.402431 Transfer size: 0 sg: 14
Transfer Time : 0.677888 Transfer Time : 0.021472 Group Kernel time CPU: 0.002048 sg = 14 non demand time = 16.8489
Probe Group Kernel time CPU: 1.342464 sg = 10 non demand time = 21.367
Probe time 21.4274
Merge time 0.296896
Result:
Res count = 0
Query Execution Time: 22.3496
CPU Time: 1.34246
GPU Time: 16.4024
Transfer Time: 0.677888
Malloc Time: 0.004992

41

 Query: 41 19920101 19981231
Query Prepare Time: 43.0117
 Query Prepare Time using cpu 0.0430083

Query Optimization Time: 2.15325

s_suppkey
sg = 3
Filter Build Kernel time GPU: 0.027584 p_partkey
sg = 3
Filter Build Kernel time GPU: 31.721472 d_datekey
sg = 1
Build Kernel time GPU: 11.065280 Build time 42.958
h_total: 34455032 output_estimate: 234881024 sg: 44
Probe Kernel time GPU: 9.989312 Transfer size: 34455032 sg: 44
h_total: 0 output_estimate: 725614592 sg: 60
Probe Kernel time GPU: 24.983553 Transfer size: 0 sg: 60
Transfer Time : 0.001024 Group Kernel time CPU: 0.001024 Transfer Time : 27.154495 sg = 60 non demand time = 46.7181
Probe Group Kernel time CPU: 13.638592 sg = 44 non demand time = 70.3437
Probe time 70.4409
Merge time 0.004064
Result:
Res count = 0
Query Execution Time: 113.468
CPU Time: 13.6386
GPU Time: 31.7491
Transfer Time: 27.1545
Malloc Time: 0.006368

23

 Query: 23 1 19981231
Query Prepare Time: 56.5217
 Query Prepare Time using cpu 0.0564559

Query Optimization Time: 2.07974

s_suppkey
sg = 3
Filter Build Kernel time GPU: 0.028672 d_datekey
sg = 1
Build Kernel time GPU: 95.501472 Build time 95.6375
h_total: 0 output_estimate: 960495616 sg: 14
Probe Kernel time GPU: 26.625153 Transfer size: 0 sg: 14
Transfer Time : 0.004096 Group Kernel time CPU: 0.002048 sg = 14 non demand time = 26.7284
Probe time 26.7581
Merge time 0.783552
Result:
Res count = 0
Query Execution Time: 125.215
CPU Time: 0.002048
GPU Time: 95.5015
Transfer Time: 0.004096
Malloc Time: 0.004096

23

 Query: 23 1 19981231
Query Prepare Time: 55.4325
 Query Prepare Time using cpu 0.0553668

Query Optimization Time: 2.03469

s_suppkey
sg = 3
Filter Build Kernel time GPU: 0.027648 d_datekey
sg = 1
Build Kernel time GPU: 95.536125 Build time 95.6754
h_total: 0 output_estimate: 960495616 sg: 14
Probe Kernel time GPU: 26.625280 Transfer size: 0 sg: 14
Transfer Time : 0.004096 Group Kernel time CPU: 0.001920 sg = 14 non demand time = 26.7338
Probe time 26.7633
Merge time 0.748736
Result:
Res count = 0
Query Execution Time: 125.211
CPU Time: 0.00192
GPU Time: 95.5361
Transfer Time: 0.004096
Malloc Time: 0.004384

22

 Query: 22 1 19981231
Query Prepare Time: 59.8671
 Query Prepare Time using cpu 0.0598011

Query Optimization Time: 2.05331

s_suppkey
sg = 3
Filter Build Kernel time GPU: 0.029696 d_datekey
sg = 1
Build Kernel time GPU: 95.563614 Build time 95.6989
h_total: 0 output_estimate: 960495616 sg: 14
Probe Kernel time GPU: 61.918209 Transfer size: 0 sg: 14
Transfer Time : 0.009280 Group Kernel time CPU: 0.001824 sg = 14 non demand time = 62.0483
Probe time 62.0849
Merge time 0.697952
Result:
Res count = 0
Query Execution Time: 160.508
CPU Time: 0.001824
GPU Time: 95.5636
Transfer Time: 0.00928
Malloc Time: 0.004512

21

 Query: 21 1 19981231
Query Prepare Time: 55.4159
 Query Prepare Time using cpu 0.0553503

Query Optimization Time: 2.02659

s_suppkey
sg = 3
Filter Build Kernel time GPU: 0.030656 p_partkey
sg = 3
Filter Build Kernel time GPU: 60.070881 d_datekey
sg = 1
Build Kernel time GPU: 46.589790 Build time 106.843
h_total: 818934755 output_estimate: 960495616 sg: 14
Probe Kernel time GPU: 112.407555 Transfer size: 818934755 sg: 14
Transfer Time : 506.983917 Group Kernel time CPU: 18413.480469 sg = 14 non demand time = 19033
Probe time 19033.1
Merge time 0.541376
Result:
Res count = 0
Query Execution Time: 19142.4
CPU Time: 18413.5
GPU Time: 112.408
Transfer Time: 506.984
Malloc Time: 0.003328

21

 Query: 21 1 19981231
Query Prepare Time: 55.5105
 Query Prepare Time using cpu 0.055444

Query Optimization Time: 2.02854

s_suppkey
sg = 3
Filter Build Kernel time GPU: 0.035808 p_partkey
sg = 3
Filter Build Kernel time GPU: 60.089344 d_datekey
sg = 1
Build Kernel time GPU: 46.623905 Build time 106.944
h_total: 818445231 output_estimate: 960495616 sg: 14
Probe Kernel time GPU: 113.417213 Transfer size: 818445231 sg: 14
Transfer Time : 506.611725 Group Kernel time CPU: 18370.042969 sg = 14 non demand time = 18990.2
Probe time 18990.3
Merge time 0.501408
Result:
Res count = 0
Query Execution Time: 19099.7
CPU Time: 18370
GPU Time: 113.417
Transfer Time: 506.612
Malloc Time: 0.004256

33

 Query: 33 19920101 19971231
Query Prepare Time: 23.3777
 Query Prepare Time using cpu 0.0233641

Query Optimization Time: 1.89542

s_suppkey
sg = 3
Filter Build Kernel time GPU: 0.028736 d_datekey
sg = 3
Filter Build Kernel time GPU: 0.024576 Build time 0.154624
h_total: 989217 output_estimate: 150994944 sg: 10
Probe Kernel time GPU: 3.351552 Transfer size: 989217 sg: 10
h_total: 0 output_estimate: 725614592 sg: 14
Probe Kernel time GPU: 16.857088 Transfer size: 0 sg: 14
Transfer Time : 0.002048 Group Kernel time CPU: 0.001024 Transfer Time : 0.687104 sg = 14 non demand time = 17.6005
Probe Group Kernel time CPU: 1.075200 sg = 10 non demand time = 22.0611
Probe time 22.1144
Merge time 0.197216
Result:
Res count = 0
Query Execution Time: 22.9597
CPU Time: 1.0752
GPU Time: 16.8571
Transfer Time: 0.687104
Malloc Time: 0.004256

12

 Query: 12 19940101 19940131
Query Prepare Time: 0.32224
 Query Prepare Time using cpu 0.000320435

Query Optimization Time: 1.70813

d_datekey
sg = 1
h_total: 31 output_estimate: 1048576 sg: 1
Filter Kernel time CPU: 0.153600 Transfer size: 31 sg: 1
Transfer Time: 0.01024 sg: 1
Build Kernel time GPU: 0.017632 Build time 0.274432
h_total: 0 output_estimate: 228780 sg: 30
Filter Probe Kernel time GPU: 0.128192 Transfer size: 0 sg: 30
Transfer Time : 0.009216 Aggr Kernel time CPU: 0.002048 sg = 30 non demand time = 0.344
h_total: 209714 output_estimate: 419430 sg: 22
h_total: Filter Kernel time CPU: 0.967680 3147770 output_estimate: 6291456 sg: 12
Filter Kernel time CPU: 1.053696 Transfer size: 209714 sg: 22
Transfer size: 3147770 sg: 12
Transfer Time : 0.047104 Transfer Time : 0.487424 h_total: 49676 output_estimate: 114389 sg: 22
Filter Probe Kernel time GPU: 0.203776 h_total: 624634 output_estimate: 1259108 sg: 12
Filter Probe Kernel time GPU: 0.185312 Transfer size: 49676 sg: 22
Transfer size: 624634 sg: 12
Transfer Time : 0.148544 Transfer Time : 0.230400 Aggr Kernel time CPU: 0.008288 sg = 22 non demand time = 2.24746
Aggr Kernel time CPU: 0.376832 sg = 12 non demand time = 2.66432
Probe time 2.69619
Merge time 0.00176
Result:
Res count = 0
Query Execution Time: 3.03907
CPU Time: 1.43053
GPU Time: 0.203776
Transfer Time: 0.717824
Malloc Time: 0.022464

32

 Query: 32 19920101 19971231
Query Prepare Time: 22.4796
 Query Prepare Time using cpu 0.0224667

Query Optimization Time: 1.85651

s_suppkey
sg = 3
Filter Build Kernel time GPU: 0.024576 d_datekey
sg = 3
Filter Build Kernel time GPU: 0.021536 Build time 0.125952
h_total: 8988180 output_estimate: 150994944 sg: 10
Probe Kernel time GPU: 4.319232 Transfer size: 8988180 sg: 10
h_total: 0 output_estimate: 725614592 sg: 14
Probe Kernel time GPU: 18.488447 Transfer size: 0 sg: 14
Transfer Time : 0.001024 Transfer Time : 5.796864 Group Kernel time CPU: 0.001984 sg = 14 non demand time = 22.8987
Probe Group Kernel time CPU: 5.565440 sg = 10 non demand time = 32.7895
Probe time 32.8806
Merge time 0.554496
Result:
Res count = 0
Query Execution Time: 34.0456
CPU Time: 5.56544
GPU Time: 18.4884
Transfer Time: 5.79686
Malloc Time: 0.006272

42

 Query: 42 19970101 19981231
Query Prepare Time: 42.8656
 Query Prepare Time using cpu 0.0428624

Query Optimization Time: 2.03574

s_suppkey
sg = 3
Filter Build Kernel time GPU: 0.033792 p_partkey
sg = 3
Filter Build Kernel time GPU: 60.187649 d_datekey
sg = 3
Filter Build Kernel time GPU: 0.028672 Build time 60.4189
h_total: 3994550 output_estimate: 83886080 sg: 44
Probe Kernel time GPU: 2.681888 Transfer size: 3994550 sg: 44
h_total: 0 output_estimate: 147849216 sg: 60
Probe Kernel time GPU: 5.153792 Transfer size: 0 sg: 60
Transfer Time : 0.001024 Transfer Time : 3.275776 Group Kernel time CPU: 0.005120 sg = 60 non demand time = 7.22637
Probe Group Kernel time CPU: 2.420736 sg = 44 non demand time = 12.3648
Probe time 12.4242
Merge time 0.0176
Result:
Res count = 0
Query Execution Time: 72.9235
CPU Time: 2.42074
GPU Time: 60.2501
Transfer Time: 3.27578
Malloc Time: 0.00512

31

 Query: 31 19920101 19971231
Query Prepare Time: 20.9637
 Query Prepare Time using cpu 0.0209608

Query Optimization Time: 2.02666

s_suppkey
sg = 3
Filter Build Kernel time GPU: 0.032768 d_datekey
sg = 3
Filter Build Kernel time GPU: 0.022528 Build time 0.151552
h_total: 34676093 output_estimate: 150994944 sg: 10
Probe Kernel time GPU: 5.206016 Transfer size: 34676093 sg: 10
Transfer Time : 30.499840 h_total: 0 output_estimate: 725614592 sg: 14
Probe Kernel time GPU: 30.588961 Transfer size: 0 sg: 14
Transfer Time : 0.007328 Group Kernel time CPU: 0.002080 sg = 14 non demand time = 30.8061
Probe Group Kernel time CPU: 16.100544 sg = 10 non demand time = 51.968
Probe time 52.0622
Merge time 0.03296
Result:
Res count = 0
Query Execution Time: 52.3136
CPU Time: 16.1005
GPU Time: 30.589
Transfer Time: 30.4998
Malloc Time: 0.016384

21

 Query: 21 1 19981231
Query Prepare Time: 55.8701
 Query Prepare Time using cpu 0.0558038

Query Optimization Time: 2.13197

s_suppkey
sg = 3
Filter Build Kernel time GPU: 0.032576 p_partkey
sg = 3
Filter Build Kernel time GPU: 60.067936 d_datekey
sg = 1
Build Kernel time GPU: 46.599167 Build time 106.857
h_total: 818432706 output_estimate: 960495616 sg: 14
Probe Kernel time GPU: 112.449471 Transfer size: 818432706 sg: 14
Transfer Time : 506.626038 Group Kernel time CPU: 18408.259766 sg = 14 non demand time = 19027.5
Probe time 19027.5
Merge time 0.470688
Result:
Res count = 0
Query Execution Time: 19136.8
CPU Time: 18408.3
GPU Time: 112.449
Transfer Time: 506.626
Malloc Time: 0.003232

13

 Query: 13 19940204 19940210
Query Prepare Time: 0.108096
 Query Prepare Time using cpu 0.000105858

Query Optimization Time: 1.70496

d_datekey
sg = 3
Filter Build Kernel time GPU: 0.027520 Build time 0.069632
h_total: 0 output_estimate: 128688 sg: 30
Filter Probe Kernel time GPU: 0.199680 Transfer size: 0 sg: 30
Transfer Time : 0.004096 Aggr Kernel time CPU: 0.001024 sg = 30 non demand time = 0.377856
h_total: 171384 output_estimate: 386066 sg: 4
Filter Kernel time CPU: 0.501760 Transfer size: 171384 sg: 4
Transfer Time : 0.040064 h_total: 152125 output_estimate: 171384 sg: 4
Probe Kernel time GPU: 0.035840 Transfer size: 152125 sg: 4
Transfer Time : 0.073728 Aggr Kernel time CPU: 0.486400 sg = 4 non demand time = 1.24723
Probe time 1.29024
Merge time 0.001664
Result:
Res count = 0
Query Execution Time: 1.41178
CPU Time: 0.98816
GPU Time: 0.19968
Transfer Time: 0.113792
Malloc Time: 0.006112

11

 Query: 11 19930101 19931231
Query Prepare Time: 0.089632
 Query Prepare Time using cpu 8.7738e-05

Query Optimization Time: 1.55136

d_datekey
sg = 3
Filter Build Kernel time GPU: 0.033792 Build time 0.075776
h_total: 0 output_estimate: 321722 sg: 30
Filter Probe Kernel time GPU: 0.102400 Transfer size: 0 sg: 30
Transfer Time : 0.005120 Aggr Kernel time CPU: 0.001952 sg = 30 non demand time = 0.248
h_total: 70470315 output_estimate: 110100480 sg: 22
Filter Kernel time CPU: 9.712704 Transfer size: 70470315 sg: 22
Transfer Time : 10.554368 h_total: 19065074 output_estimate: 28828764 sg: 22
Filter Probe Kernel time GPU: 2.342912 Transfer size: 19065074 sg: 22
Transfer Time : 5.926912 Aggr Kernel time CPU: 5.664768 sg = 22 non demand time = 34.3265
Probe time 34.4168
Merge time 0.004064
Result:
Res count = 0
Query Execution Time: 34.5636
CPU Time: 15.3775
GPU Time: 2.34291
Transfer Time: 16.4813
Malloc Time: 0.006816

33

 Query: 33 19920101 19971231
Query Prepare Time: 21.117
 Query Prepare Time using cpu 0.0211031

Query Optimization Time: 1.89827

s_suppkey
sg = 3
Filter Build Kernel time GPU: 0.026624 d_datekey
sg = 3
Filter Build Kernel time GPU: 0.023552 Build time 0.13312
h_total: 989217 output_estimate: 150994944 sg: 10
Probe Kernel time GPU: 3.364832 Transfer size: 989217 sg: 10
h_total: 0 output_estimate: 725614592 sg: 14
Probe Kernel time GPU: 17.027905 Transfer size: 0 sg: 14
Transfer Time : 0.001856 Transfer Time : 0.692032 Group Kernel time CPU: 0.001024 sg = 14 non demand time = 17.6221
Probe Group Kernel time CPU: 1.083392 sg = 10 non demand time = 22.0868
Probe time 22.1409
Merge time 0.2
Result:
Res count = 0
Query Execution Time: 22.975
CPU Time: 1.08339
GPU Time: 17.0279
Transfer Time: 0.692032
Malloc Time: 0.006144

21

 Query: 21 1 19981231
Query Prepare Time: 57.4036
 Query Prepare Time using cpu 0.0573385

Query Optimization Time: 2.05107

s_suppkey
sg = 3
Filter Build Kernel time GPU: 0.031744 p_partkey
sg = 3
Filter Build Kernel time GPU: 60.061695 d_datekey
sg = 1
Build Kernel time GPU: 46.604256 Build time 106.851
h_total: 818983029 output_estimate: 960495616 sg: 14
Probe Kernel time GPU: 113.328125 Transfer size: 818983029 sg: 14
Transfer Time : 506.992706 Group Kernel time CPU: 18395.646484 sg = 14 non demand time = 19016.1
Probe time 19016.2
Merge time 0.486304
Result:
Res count = 0
Query Execution Time: 19125.4
CPU Time: 18395.6
GPU Time: 113.328
Transfer Time: 506.993
Malloc Time: 0.003072

42

 Query: 42 19970101 19981231
Query Prepare Time: 41.9205
 Query Prepare Time using cpu 0.041918

Query Optimization Time: 1.94678

s_suppkey
sg = 3
Filter Build Kernel time GPU: 0.035840 p_partkey
sg = 3
Filter Build Kernel time GPU: 60.187649 d_datekey
sg = 3
Filter Build Kernel time GPU: 0.028768 Build time 60.4191
h_total: 3994550 output_estimate: 83886080 sg: 44
Probe Kernel time GPU: 2.742208 Transfer size: 3994550 sg: 44
h_total: 0 output_estimate: 147849216 sg: 60
Probe Kernel time GPU: 3.882784 Transfer size: 0 sg: 60
Transfer Time : 0.001024 Group Kernel time CPU: 0.001824 sg = 60 non demand time = 7.20384
Transfer Time : 3.273728 Probe Group Kernel time CPU: 1.929216 sg = 44 non demand time = 11.8968
Probe time 11.9593
Merge time 0.025632
Result:
Res count = 0
Query Execution Time: 72.4673
CPU Time: 1.92922
GPU Time: 60.2523
Transfer Time: 3.27373
Malloc Time: 0.004544

22

 Query: 22 1 19981231
Query Prepare Time: 56.3249
 Query Prepare Time using cpu 0.0562582

Query Optimization Time: 2.00192

s_suppkey
sg = 3
Filter Build Kernel time GPU: 0.028672 d_datekey
sg = 1
Build Kernel time GPU: 95.491905 Build time 95.6283
h_total: 0 output_estimate: 960495616 sg: 14
Probe Kernel time GPU: 61.994049 Transfer size: 0 sg: 14
Transfer Time : 0.004160 Group Kernel time CPU: 0.001024 sg = 14 non demand time = 62.1117
Probe time 62.1466
Merge time 0.676384
Result:
Res count = 0
Query Execution Time: 160.478
CPU Time: 0.001024
GPU Time: 95.4919
Transfer Time: 0.00416
Malloc Time: 0.00416

41

 Query: 41 19920101 19981231
Query Prepare Time: 42.0598
 Query Prepare Time using cpu 0.0420575

Query Optimization Time: 2.02752

s_suppkey
sg = 3
Filter Build Kernel time GPU: 0.027744 p_partkey
sg = 3
Filter Build Kernel time GPU: 31.716352 d_datekey
sg = 1
Build Kernel time GPU: 11.069440 Build time 42.967
h_total: 34455032 output_estimate: 234881024 sg: 44
Probe Kernel time GPU: 9.925632 Transfer size: 34455032 sg: 44
h_total: 0 output_estimate: 725614592 sg: 60
Probe Kernel time GPU: 25.271296 Transfer size: 0 sg: 60
Transfer Time : 0.001024 Group Kernel time CPU: 0.001024 Transfer Time : 27.167744 sg = 60 non demand time = 47.0067
Probe Group Kernel time CPU: 13.131552 sg = 44 non demand time = 70.1174
Probe time 70.2157
Merge time 0.00496
Result:
Res count = 0
Query Execution Time: 113.26
CPU Time: 13.1316
GPU Time: 31.7441
Transfer Time: 27.1677
Malloc Time: 0.00512

22

 Query: 22 1 19981231
Query Prepare Time: 56.9094
 Query Prepare Time using cpu 0.056843

Query Optimization Time: 2.1207

s_suppkey
sg = 3
Filter Build Kernel time GPU: 0.027840 d_datekey
sg = 1
Build Kernel time GPU: 95.593475 Build time 95.7317
h_total: 0 output_estimate: 960495616 sg: 14
Probe Kernel time GPU: 61.901825 Transfer size: 0 sg: 14
Transfer Time : 0.004224 Group Kernel time CPU: 0.001024 sg = 14 non demand time = 62.0185
Probe time 62.0542
Merge time 0.70448
Result:
Res count = 0
Query Execution Time: 160.51
CPU Time: 0.001024
GPU Time: 95.5935
Transfer Time: 0.004224
Malloc Time: 0.004128

22

 Query: 22 1 19981231
Query Prepare Time: 55.4349
 Query Prepare Time using cpu 0.0553696

Query Optimization Time: 2.01021

s_suppkey
sg = 3
Filter Build Kernel time GPU: 0.027648 d_datekey
sg = 1
Build Kernel time GPU: 95.535103 Build time 95.6703
h_total: 0 output_estimate: 960495616 sg: 14
Probe Kernel time GPU: 61.937695 Transfer size: 0 sg: 14
Transfer Time : 0.004096 Group Kernel time CPU: 0.001024 sg = 14 non demand time = 62.0564
Probe time 62.0964
Merge time 0.727808
Result:
Res count = 0
Query Execution Time: 160.512
CPU Time: 0.001024
GPU Time: 95.5351
Transfer Time: 0.004096
Malloc Time: 0.003072

34

 Query: 34 19971201 19971231
Query Prepare Time: 23.0298
 Query Prepare Time using cpu 0.023016

Query Optimization Time: 1.81862

s_suppkey
sg = 3
Filter Build Kernel time GPU: 0.026624 d_datekey
sg = 1
h_total: 31 output_estimate: 1048576 sg: 1
Filter Kernel time CPU: 0.390208 Transfer size: 31 sg: 1
Transfer Time: 0.009216 sg: 1
Build Kernel time GPU: 0.013312 Build time 0.564224
h_total: 0 output_estimate: 14680064 sg: 14
Probe Kernel time GPU: 0.347168 Transfer size: 0 sg: 14
Transfer Time : 0.003936 Group Kernel time CPU: 0.001824 sg = 14 non demand time = 0.436096
Probe time 0.45488
Merge time 0.402016
Result:
Res count = 0
Query Execution Time: 1.96243
CPU Time: 0.390208
GPU Time: 0.347168
Transfer Time: 0.009216
Malloc Time: 0.014048

11

 Query: 11 19930101 19931231
Query Prepare Time: 0.090496
 Query Prepare Time using cpu 8.86917e-05

Query Optimization Time: 1.59949

d_datekey
sg = 3
Filter Build Kernel time GPU: 0.026624 Build time 0.068608
h_total: 0 output_estimate: 321722 sg: 30
Filter Probe Kernel time GPU: 0.126976 Transfer size: 0 sg: 30
Transfer Time : 0.009216 Aggr Kernel time CPU: 0.002848 sg = 30 non demand time = 0.347136
h_total: 70470315 output_estimate: 110100480 sg: 22
Filter Kernel time CPU: 18.623297 Transfer size: 70470315 sg: 22
Transfer Time : 10.551520 h_total: 19065074 output_estimate: 28828764 sg: 22
Filter Probe Kernel time GPU: 2.350976 Transfer size: 19065074 sg: 22
Transfer Time : 5.920768 Aggr Kernel time CPU: 5.814464 sg = 22 non demand time = 43.3871
Probe time 43.4698
Merge time 0.003424
Result:
Res count = 0
Query Execution Time: 43.6064
CPU Time: 24.4378
GPU Time: 2.35098
Transfer Time: 16.4723
Malloc Time: 0.007936

13

 Query: 13 19940204 19940210
Query Prepare Time: 0.108448
 Query Prepare Time using cpu 0.000106812

Query Optimization Time: 1.81242

d_datekey
sg = 3
Filter Build Kernel time GPU: 0.027584 Build time 0.072704
h_total: 0 output_estimate: 128688 sg: 30
Filter Probe Kernel time GPU: 0.129024 Transfer size: 0 sg: 30
Transfer Time : 0.008384 Aggr Kernel time CPU: 0.002144 sg = 30 non demand time = 0.331776
h_total: 171384 output_estimate: 386066 sg: 4
Filter Kernel time CPU: 0.711680 Transfer size: 171384 sg: 4
Transfer Time : 0.039840 h_total: 152125 output_estimate: 171384 sg: 4
Probe Kernel time GPU: 0.037888 Transfer size: 152125 sg: 4
Transfer Time : 0.068608 Aggr Kernel time CPU: 0.144320 sg = 4 non demand time = 1.1223
Probe time 1.16122
Merge time 0.001728
Result:
Res count = 0
Query Execution Time: 1.28774
CPU Time: 0.856
GPU Time: 0.129024
Transfer Time: 0.108448
Malloc Time: 0.00704

32

 Query: 32 19920101 19971231
Query Prepare Time: 21.7384
 Query Prepare Time using cpu 0.0217245

Query Optimization Time: 1.90669

s_suppkey
sg = 3
Filter Build Kernel time GPU: 0.029856 d_datekey
sg = 3
Filter Build Kernel time GPU: 0.021504 Build time 0.149504
h_total: 8988180 output_estimate: 150994944 sg: 10
Probe Kernel time GPU: 4.096000 Transfer size: 8988180 sg: 10
h_total: 0 output_estimate: 725614592 sg: 14
Probe Kernel time GPU: 17.686752 Transfer size: 0 sg: 14
Transfer Time : 0.001024 Transfer Time : 5.790912 Group Kernel time CPU: 0.006144 sg = 14 non demand time = 22.1043
Probe Group Kernel time CPU: 6.432768 sg = 10 non demand time = 32.6267
Probe time 32.7025
Merge time 0.227296
Result:
Res count = 0
Query Execution Time: 33.575
CPU Time: 6.43277
GPU Time: 17.6868
Transfer Time: 5.79091
Malloc Time: 0.009216

42

 Query: 42 19970101 19981231
Query Prepare Time: 42.5235
 Query Prepare Time using cpu 0.0425212

Query Optimization Time: 1.97325

s_suppkey
sg = 3
Filter Build Kernel time GPU: 0.032768 p_partkey
sg = 3
Filter Build Kernel time GPU: 60.182720 d_datekey
sg = 3
Filter Build Kernel time GPU: 0.028736 Build time 60.4035
h_total: 3994550 output_estimate: 83886080 sg: 44
Probe Kernel time GPU: 2.600960 Transfer size: 3994550 sg: 44
h_total: 0 output_estimate: 147849216 sg: 60
Probe Kernel time GPU: 4.934560 Transfer size: 0 sg: 60
Transfer Time : 0.001024 Transfer Time : 3.257344 Group Kernel time CPU: 0.005312 sg = 60 non demand time = 6.99802
Probe Group Kernel time CPU: 2.352128 sg = 44 non demand time = 11.9971
Probe time 12.0607
Merge time 0.019616
Result:
Res count = 0
Query Execution Time: 72.5481
CPU Time: 2.35213
GPU Time: 60.2442
Transfer Time: 3.25734
Malloc Time: 0.004448

32

 Query: 32 19920101 19971231
Query Prepare Time: 24.6177
 Query Prepare Time using cpu 0.024605

Query Optimization Time: 2.0265

s_suppkey
sg = 3
Filter Build Kernel time GPU: 0.025600 d_datekey
sg = 3
Filter Build Kernel time GPU: 0.020480 Build time 0.129024
h_total: 8988180 output_estimate: 150994944 sg: 10
Probe Kernel time GPU: 4.084736 Transfer size: 8988180 sg: 10
h_total: 0 output_estimate: 725614592 sg: 14
Probe Kernel time GPU: 17.691648 Transfer size: 0 sg: 14
Transfer Time : 0.001024 Transfer Time : 5.804224 Group Kernel time CPU: 0.005248 sg = 14 non demand time = 22.1389
Probe Group Kernel time CPU: 6.390784 sg = 10 non demand time = 32.6553
Probe time 32.7322
Merge time 0.244992
Result:
Res count = 0
Query Execution Time: 33.6044
CPU Time: 6.39078
GPU Time: 17.6916
Transfer Time: 5.80422
Malloc Time: 0.026624

22

 Query: 22 1 19981231
Query Prepare Time: 57.14
 Query Prepare Time using cpu 0.0570738

Query Optimization Time: 2.13914

s_suppkey
sg = 3
Filter Build Kernel time GPU: 0.029536 d_datekey
sg = 1
Build Kernel time GPU: 95.540222 Build time 95.6795
h_total: 0 output_estimate: 960495616 sg: 14
Probe Kernel time GPU: 61.914337 Transfer size: 0 sg: 14
Transfer Time : 0.004096 Group Kernel time CPU: 0.002048 sg = 14 non demand time = 62.028
Probe time 62.0636
Merge time 0.744448
Result:
Res count = 0
Query Execution Time: 160.509
CPU Time: 0.002048
GPU Time: 95.5402
Transfer Time: 0.004096
Malloc Time: 0.003392

22

 Query: 22 1 19981231
Query Prepare Time: 55.2272
 Query Prepare Time using cpu 0.0551622

Query Optimization Time: 2.01728

s_suppkey
sg = 3
Filter Build Kernel time GPU: 0.027648 d_datekey
sg = 1
Build Kernel time GPU: 95.535103 Build time 95.6702
h_total: 0 output_estimate: 960495616 sg: 14
Probe Kernel time GPU: 61.908993 Transfer size: 0 sg: 14
Transfer Time : 0.003200 Group Kernel time CPU: 0.001024 sg = 14 non demand time = 62.0196
Probe time 62.0534
Merge time 0.739712
Result:
Res count = 0
Query Execution Time: 160.486
CPU Time: 0.001024
GPU Time: 95.5351
Transfer Time: 0.0032
Malloc Time: 0.003328

34

 Query: 34 19971201 19971231
Query Prepare Time: 24.1127
 Query Prepare Time using cpu 0.0240993

Query Optimization Time: 1.85446

s_suppkey
sg = 3
Filter Build Kernel time GPU: 0.025600 d_datekey
sg = 1
h_total: 31 output_estimate: 1048576 sg: 1
Filter Kernel time CPU: 0.353536 Transfer size: 31 sg: 1
Transfer Time: 0.008192 sg: 1
Build Kernel time GPU: 0.013280 Build time 0.526336
h_total: 0 output_estimate: 14680064 sg: 14
Probe Kernel time GPU: 0.348128 Transfer size: 0 sg: 14
Transfer Time : 0.004096 Group Kernel time CPU: 0.002048 sg = 14 non demand time = 0.439296
Probe time 0.46064
Merge time 0.262528
Result:
Res count = 0
Query Execution Time: 1.78842
CPU Time: 0.353536
GPU Time: 0.348128
Transfer Time: 0.008192
Malloc Time: 0.011264

12

 Query: 12 19940101 19940131
Query Prepare Time: 0.09552
 Query Prepare Time using cpu 9.32217e-05

Query Optimization Time: 1.63226

d_datekey
sg = 1
h_total: 31 output_estimate: 1048576 sg: 1
Filter Kernel time CPU: 0.181248 Transfer size: 31 sg: 1
Transfer Time: 0.010144 sg: 1
Build Kernel time GPU: 0.015360 Build time 0.294912
h_total: 0 output_estimate: 228780 sg: 30
Filter Probe Kernel time GPU: 0.217888 Transfer size: 0 sg: 30
Transfer Time : 0.008192 Aggr Kernel time CPU: 0.003072 sg = 30 non demand time = 0.624416
h_total: 3147770 output_estimate: 6291456 sg: h_total: 12
Filter Kernel time CPU: 1.912832 209714 output_estimate: 419430 sg: 22
Transfer size: 3147770 sg: 12
Filter Kernel time CPU: 1.652736 Transfer Time : 0.487424 Transfer size: 209714 sg: 22
Transfer Time : 0.207872 h_total: 624634 output_estimate: 1259108 sg: 12
Filter Probe Kernel time GPU: 0.190464 Transfer size: 624634 sg: 12
h_total: 49676 output_estimate: 114389 sg: 22
Filter Probe Kernel time GPU: 0.166912 Transfer Time : 0.240640 Transfer size: 49676 sg: 22
Transfer Time : 0.037888 Aggr Kernel time CPU: 0.393216 sg = 22 non demand time = 3.27898
Aggr Kernel time CPU: 0.483360 sg = 12 non demand time = 3.56742
Probe time 3.59718
Merge time 0.0024
Result:
Res count = 0
Query Execution Time: 3.94326
CPU Time: 2.39619
GPU Time: 0.217888
Transfer Time: 0.728064
Malloc Time: 0.033664

21

 Query: 21 1 19981231
Query Prepare Time: 63.7574
 Query Prepare Time using cpu 0.0636921

Query Optimization Time: 2.09709

s_suppkey
sg = 3
Filter Build Kernel time GPU: 0.031744 p_partkey
sg = 3
Filter Build Kernel time GPU: 60.062721 d_datekey
sg = 1
Build Kernel time GPU: 46.578785 Build time 106.836
h_total: 818995755 output_estimate: 960495616 sg: 14
Probe Kernel time GPU: 112.411552 Transfer size: 818995755 sg: 14
Transfer Time : 506.816681 Group Kernel time CPU: 18417.658203 sg = 14 non demand time = 19037
Probe time 19037.1
Merge time 0.490592
Result:
Res count = 0
Query Execution Time: 19146.4
CPU Time: 18417.7
GPU Time: 112.412
Transfer Time: 506.817
Malloc Time: 0.003264

13

 Query: 13 19940204 19940210
Query Prepare Time: 0.121536
 Query Prepare Time using cpu 0.000118971

Query Optimization Time: 1.73773

d_datekey
sg = 3
Filter Build Kernel time GPU: 0.030720 Build time 0.078848
h_total: 0 output_estimate: 128688 sg: 30
Filter Probe Kernel time GPU: 0.106496 Transfer size: 0 sg: 30
Transfer Time : 0.004992 Aggr Kernel time CPU: 0.002048 sg = 30 non demand time = 0.262976
h_total: 171384 output_estimate: 386066 sg: 4
Filter Kernel time CPU: 0.384000 Transfer size: 171384 sg: 4
Transfer Time : 0.039104 h_total: 152125 output_estimate: 171384 sg: 4
Probe Kernel time GPU: 0.036864 Transfer size: 152125 sg: 4
Transfer Time : 0.075776 Aggr Kernel time CPU: 0.126976 sg = 4 non demand time = 0.777216
Probe time 0.815104
Merge time 0.002624
Result:
Res count = 0
Query Execution Time: 0.982784
CPU Time: 0.510976
GPU Time: 0.106496
Transfer Time: 0.11488
Malloc Time: 0.00496

31

 Query: 31 19920101 19971231
Query Prepare Time: 20.8826
 Query Prepare Time using cpu 0.0208795

Query Optimization Time: 1.7665

s_suppkey
sg = 3
Filter Build Kernel time GPU: 0.033792 d_datekey
sg = 3
Filter Build Kernel time GPU: 0.025504 Build time 0.155648
h_total: 34676093 output_estimate: 150994944 sg: 10
Probe Kernel time GPU: 5.226496 Transfer size: 34676093 sg: 10
h_total: 0 output_estimate: 725614592 sg: 14
Probe Kernel time GPU: 35.683392 Transfer size: 0 sg: 14
Transfer Time : 0.001024 Transfer Time : 21.942272 Group Kernel time CPU: 0.001024 sg = 14 non demand time = 52.1523
Probe Group Kernel time CPU: 12.369760 sg = 10 non demand time = 69.7887
Probe time 69.8706
Merge time 0.024832
Result:
Res count = 0
Query Execution Time: 70.1217
CPU Time: 12.3698
GPU Time: 35.6834
Transfer Time: 21.9423
Malloc Time: 0.00432

32

 Query: 32 19920101 19971231
Query Prepare Time: 22.4062
 Query Prepare Time using cpu 0.0223925

Query Optimization Time: 2.1545

s_suppkey
sg = 3
Filter Build Kernel time GPU: 0.030720 d_datekey
sg = 3
Filter Build Kernel time GPU: 0.023552 Build time 0.149536
h_total: 8988180 output_estimate: 150994944 sg: 10
Probe Kernel time GPU: 4.313984 Transfer size: 8988180 sg: 10
h_total: 0 output_estimate: 725614592 sg: 14
Probe Kernel time GPU: 18.490368 Transfer size: 0 sg: 14
Transfer Time : 0.001024 Transfer Time : 5.808128 Group Kernel time CPU: 0.004096 sg = 14 non demand time = 22.914
Probe Group Kernel time CPU: 5.646336 sg = 10 non demand time = 32.8735
Probe time 32.9563
Merge time 0.195488
Result:
Res count = 0
Query Execution Time: 33.7996
CPU Time: 5.64634
GPU Time: 18.4904
Transfer Time: 5.80813
Malloc Time: 0.006944

23

 Query: 23 1 19981231
Query Prepare Time: 56.3338
 Query Prepare Time using cpu 0.056268

Query Optimization Time: 2.09293

s_suppkey
sg = 3
Filter Build Kernel time GPU: 0.029568 d_datekey
sg = 1
Build Kernel time GPU: 95.512413 Build time 95.6509
h_total: 0 output_estimate: 960495616 sg: 14
Probe Kernel time GPU: 27.248640 Transfer size: 0 sg: 14
Transfer Time : 0.004096 Group Kernel time CPU: 0.001024 sg = 14 non demand time = 27.3571
Probe time 27.3877
Merge time 0.614144
Result:
Res count = 0
Query Execution Time: 125.665
CPU Time: 0.001024
GPU Time: 95.5124
Transfer Time: 0.004096
Malloc Time: 0.003168

42

 Query: 42 19970101 19981231
Query Prepare Time: 41.8284
 Query Prepare Time using cpu 0.041826

Query Optimization Time: 1.96813

s_suppkey
sg = 3
Filter Build Kernel time GPU: 0.033728 p_partkey
sg = 3
Filter Build Kernel time GPU: 60.174335 d_datekey
sg = 3
Filter Build Kernel time GPU: 0.027840 Build time 60.4017
h_total: 3994550 output_estimate: 83886080 sg: 44
Probe Kernel time GPU: 2.598816 Transfer size: 3994550 sg: 44
h_total: 0 output_estimate: 147849216 sg: 60
Probe Kernel time GPU: 4.310016 Transfer size: 0 sg: 60
Transfer Time : 0.001024 Group Kernel time CPU: 0.001024 Transfer Time : 3.276864 sg = 60 non demand time = 7.00928
Probe Group Kernel time CPU: 2.331488 sg = 44 non demand time = 11.9818
Probe time 12.0382
Merge time 0.022432
Result:
Res count = 0
Query Execution Time: 72.5378
CPU Time: 2.33149
GPU Time: 60.2359
Transfer Time: 3.27686
Malloc Time: 0.026624

21

 Query: 21 1 19981231
Query Prepare Time: 56.6145
 Query Prepare Time using cpu 0.0565476

Query Optimization Time: 2.03469

s_suppkey
sg = 3
Filter Build Kernel time GPU: 0.032768 p_partkey
sg = 3
Filter Build Kernel time GPU: 60.065823 d_datekey
sg = 1
Build Kernel time GPU: 46.611458 Build time 106.939
h_total: 818474724 output_estimate: 960495616 sg: 14
Probe Kernel time GPU: 112.502686 Transfer size: 818474724 sg: 14
Transfer Time : 506.653656 Group Kernel time CPU: 18416.544922 sg = 14 non demand time = 19035.8
Probe time 19035.9
Merge time 0.517024
Result:
Res count = 0
Query Execution Time: 19145.3
CPU Time: 18416.5
GPU Time: 112.503
Transfer Time: 506.654
Malloc Time: 0.004384

34

 Query: 34 19971201 19971231
Query Prepare Time: 22.9612
 Query Prepare Time using cpu 0.0229473

Query Optimization Time: 1.87597

s_suppkey
sg = 3
Filter Build Kernel time GPU: 0.026624 d_datekey
sg = 1
h_total: 31 output_estimate: 1048576 sg: 1
Filter Kernel time CPU: 0.237568 Transfer size: 31 sg: 1
Transfer Time: 0.008192 sg: 1
Build Kernel time GPU: 0.013312 Build time 0.412864
h_total: 0 output_estimate: 14680064 sg: 14
Probe Kernel time GPU: 0.364544 Transfer size: 0 sg: 14
Transfer Time : 0.004096 Group Kernel time CPU: 0.001024 sg = 14 non demand time = 0.4608
Probe time 0.482112
Merge time 0.323552
Result:
Res count = 0
Query Execution Time: 1.69898
CPU Time: 0.237568
GPU Time: 0.364544
Transfer Time: 0.008192
Malloc Time: 0.012288

31

 Query: 31 19920101 19971231
Query Prepare Time: 20.8511
 Query Prepare Time using cpu 0.0208492

Query Optimization Time: 1.77667

s_suppkey
sg = 3
Filter Build Kernel time GPU: 0.030656 d_datekey
sg = 3
Filter Build Kernel time GPU: 0.022592 Build time 0.155648
h_total: 34676093 output_estimate: 150994944 sg: 10
Probe Kernel time GPU: 5.211136 Transfer size: 34676093 sg: 10
h_total: 0 output_estimate: 725614592 sg: 14
Probe Kernel time GPU: 30.128321 Transfer size: 0 sg: 14
Transfer Time : 0.001024 Group Kernel time CPU: 0.001024 Transfer Time : 21.926912 sg = 14 non demand time = 52.1277
Probe Group Kernel time CPU: 12.403712 sg = 10 non demand time = 69.7846
Probe time 69.8574
Merge time 0.019872
Result:
Res count = 0
Query Execution Time: 70.0938
CPU Time: 12.4037
GPU Time: 30.1283
Transfer Time: 21.9269
Malloc Time: 0.004

21

 Query: 21 1 19981231
Query Prepare Time: 55.9374
 Query Prepare Time using cpu 0.0558717

Query Optimization Time: 2.12499

s_suppkey
sg = 3
Filter Build Kernel time GPU: 0.031744 p_partkey
sg = 3
Filter Build Kernel time GPU: 60.107777 d_datekey
sg = 1
Build Kernel time GPU: 46.605343 Build time 106.911
h_total: 818489727 output_estimate: 960495616 sg: 14
Probe Kernel time GPU: 112.493568 Transfer size: 818489727 sg: 14
Transfer Time : 506.647552 Group Kernel time CPU: 18393.425781 sg = 14 non demand time = 19012.7
Probe time 19012.8
Merge time 0.491072
Result:
Res count = 0
Query Execution Time: 19122.1
CPU Time: 18393.4
GPU Time: 112.494
Transfer Time: 506.648
Malloc Time: 0.00432

13

 Query: 13 19940204 19940210
Query Prepare Time: 0.117024
 Query Prepare Time using cpu 0.000115395

Query Optimization Time: 1.72051

d_datekey
sg = 3
Filter Build Kernel time GPU: 0.027648 Build time 0.07392
h_total: 0 output_estimate: 128688 sg: 30
Filter Probe Kernel time GPU: 0.166912 Transfer size: 0 sg: 30
Transfer Time : 0.004096 Aggr Kernel time CPU: 0.001952 sg = 30 non demand time = 0.311488
h_total: 171384 output_estimate: 386066 sg: 4
Filter Kernel time CPU: 0.500736 Transfer size: 171384 sg: 4
Transfer Time : 0.039936 h_total: 152125 output_estimate: 171384 sg: 4
Probe Kernel time GPU: 0.035616 Transfer size: 152125 sg: 4
Transfer Time : 0.073728 Aggr Kernel time CPU: 0.167936 sg = 4 non demand time = 0.930944
Probe time 0.966656
Merge time 0.002048
Result:
Res count = 0
Query Execution Time: 1.0969
CPU Time: 0.668672
GPU Time: 0.166912
Transfer Time: 0.113664
Malloc Time: 0.00688

34

 Query: 34 19971201 19971231
Query Prepare Time: 22.5748
 Query Prepare Time using cpu 0.0225613

Query Optimization Time: 1.7591

s_suppkey
sg = 3
Filter Build Kernel time GPU: 0.023360 d_datekey
sg = 1
h_total: 31 output_estimate: 1048576 sg: 1
Filter Kernel time CPU: 0.167936 Transfer size: 31 sg: 1
Transfer Time: 0.009024 sg: 1
Build Kernel time GPU: 0.012448 Build time 0.345984
h_total: 0 output_estimate: 14680064 sg: 14
Probe Kernel time GPU: 0.362528 Transfer size: 0 sg: 14
Transfer Time : 0.004128 Group Kernel time CPU: 0.002048 sg = 14 non demand time = 0.458752
Probe time 0.480256
Merge time 0.353888
Result:
Res count = 0
Query Execution Time: 1.66733
CPU Time: 0.167936
GPU Time: 0.362528
Transfer Time: 0.009024
Malloc Time: 0.010368

33

 Query: 33 19920101 19971231
Query Prepare Time: 21.4524
 Query Prepare Time using cpu 0.0214391

Query Optimization Time: 1.79296

s_suppkey
sg = 3
Filter Build Kernel time GPU: 0.023552 d_datekey
sg = 3
Filter Build Kernel time GPU: 0.021504 Build time 0.141504
h_total: 989217 output_estimate: 150994944 sg: 10
Probe Kernel time GPU: 3.348352 Transfer size: 989217 sg: 10
h_total: 0 output_estimate: 725614592 sg: 14
Probe Kernel time GPU: 16.857056 Transfer size: 0 sg: 14
Transfer Time : 0.001024 Group Kernel time CPU: 0.001024 Transfer Time : 0.683008 sg = 14 non demand time = 17.617
Probe Group Kernel time CPU: 1.115136 sg = 10 non demand time = 22.1082
Probe time 22.1614
Merge time 0.490208
Result:
Res count = 0
Query Execution Time: 23.2799
CPU Time: 1.11514
GPU Time: 16.8571
Transfer Time: 0.683008
Malloc Time: 16.821

22

 Query: 22 1 19981231
Query Prepare Time: 55.9499
 Query Prepare Time using cpu 0.0558841

Query Optimization Time: 2.07478

s_suppkey
sg = 3
Filter Build Kernel time GPU: 0.027648 d_datekey
sg = 1
Build Kernel time GPU: 95.526909 Build time 95.6641
h_total: 0 output_estimate: 960495616 sg: 14
Probe Kernel time GPU: 62.509056 Transfer size: 0 sg: 14
Transfer Time : 0.004096 Group Kernel time CPU: 0.001024 sg = 14 non demand time = 62.6371
Probe time 62.672
Merge time 0.644512
Result:
Res count = 0
Query Execution Time: 161.009
CPU Time: 0.001024
GPU Time: 95.5269
Transfer Time: 0.004096
Malloc Time: 0.003968

22

 Query: 22 1 19981231
Query Prepare Time: 55.6776
 Query Prepare Time using cpu 0.0556121

Query Optimization Time: 2.08589

s_suppkey
sg = 3
Filter Build Kernel time GPU: 0.027648 d_datekey
sg = 1
Build Kernel time GPU: 95.565826 Build time 95.703
h_total: 0 output_estimate: 960495616 sg: 14
Probe Kernel time GPU: 61.891552 Transfer size: 0 sg: 14
Transfer Time : 0.004096 Group Kernel time CPU: 0.002048 sg = 14 non demand time = 62.0195
Probe time 62.0554
Merge time 0.586688
Result:
Res count = 0
Query Execution Time: 160.364
CPU Time: 0.002048
GPU Time: 95.5658
Transfer Time: 0.004096
Malloc Time: 0.004288

11

 Query: 11 19930101 19931231
Query Prepare Time: 0.11712
 Query Prepare Time using cpu 0.000115395

Query Optimization Time: 1.73261

d_datekey
sg = 3
Filter Build Kernel time GPU: 0.029792 Build time 0.075776
h_total: 0 output_estimate: 321722 sg: 30
Filter Probe Kernel time GPU: 0.147456 Transfer size: 0 sg: 30
Transfer Time : 0.009216 Aggr Kernel time CPU: 0.002208 sg = 30 non demand time = 0.356352
h_total: 70470315 output_estimate: 110100480 sg: 22
Filter Kernel time CPU: 18.390079 Transfer size: 70470315 sg: 22
Transfer Time : 10.553504 h_total: 19065074 output_estimate: 28828764 sg: 22
Filter Probe Kernel time GPU: 2.349024 Transfer size: 19065074 sg: 22
Transfer Time : 5.919808 Aggr Kernel time CPU: 5.752832 sg = 22 non demand time = 43.1249
Probe time 43.2189
Merge time 0.004096
Result:
Res count = 0
Query Execution Time: 43.3607
CPU Time: 24.1429
GPU Time: 2.34902
Transfer Time: 16.4733
Malloc Time: 0.00832

21

 Query: 21 1 19981231
Query Prepare Time: 55.4749
 Query Prepare Time using cpu 0.0554094

Query Optimization Time: 2.13613

s_suppkey
sg = 3
Filter Build Kernel time GPU: 0.032640 p_partkey
sg = 3
Filter Build Kernel time GPU: 60.085182 d_datekey
sg = 1
Build Kernel time GPU: 46.621822 Build time 106.918
h_total: 818944423 output_estimate: 960495616 sg: 14
Probe Kernel time GPU: 112.526527 Transfer size: 818944423 sg: 14
Transfer Time : 506.603516 Group Kernel time CPU: 18426.826172 sg = 14 non demand time = 19046.1
Probe time 19046.2
Merge time 0.50304
Result:
Res count = 0
Query Execution Time: 19155.6
CPU Time: 18426.8
GPU Time: 112.527
Transfer Time: 506.604
Malloc Time: 0.004352

33

 Query: 33 19920101 19971231
Query Prepare Time: 22.795
 Query Prepare Time using cpu 0.0227816

Query Optimization Time: 2.01523

s_suppkey
sg = 3
Filter Build Kernel time GPU: 0.030496 d_datekey
sg = 3
Filter Build Kernel time GPU: 0.024512 Build time 0.152608
h_total: 0 output_estimate: 725614592 sg: 14
Probe Kernel time GPU: 16.893951 Transfer size: 0 sg: 14
Transfer Time : 0.007136 h_total: 989217 output_estimate: 150994944 sg: 10
Probe Kernel time GPU: 3.382368 Group Kernel time CPU: 0.001024 sg = 14 non demand time = 20.3736
Transfer size: 989217 sg: 10
Transfer Time : 0.664576 Probe Group Kernel time CPU: 1.072032 sg = 10 non demand time = 22.2381
Probe time 22.2987
Merge time 0.416352
Result:
Res count = 0
Query Execution Time: 23.361
CPU Time: 1.07203
GPU Time: 16.894
Transfer Time: 0.664576
Malloc Time: 0.00416

42

 Query: 42 19970101 19981231
Query Prepare Time: 42.5844
 Query Prepare Time using cpu 0.042583

Query Optimization Time: 1.98349

s_suppkey
sg = 3
Filter Build Kernel time GPU: 0.032768 p_partkey
sg = 3
Filter Build Kernel time GPU: 60.153854 d_datekey
sg = 3
Filter Build Kernel time GPU: 0.028448 Build time 60.3863
h_total: 3994550 output_estimate: 83886080 sg: 44
Probe Kernel time GPU: 2.693120 Transfer size: 3994550 sg: 44
h_total: 0 output_estimate: 147849216 sg: 60
Probe Kernel time GPU: 4.485120 Transfer size: 0 sg: 60
Transfer Time : 0.001824 Group Kernel time CPU: 0.001024 Transfer Time : 3.278848 sg = 60 non demand time = 7.1639
Probe Group Kernel time CPU: 1.913856 sg = 44 non demand time = 11.819
Probe time 11.8793
Merge time 0.012032
Result:
Res count = 0
Query Execution Time: 72.3485
CPU Time: 1.91386
GPU Time: 60.2151
Transfer Time: 3.27885
Malloc Time: 0.00512

32

 Query: 32 19920101 19971231
Query Prepare Time: 24.5342
 Query Prepare Time using cpu 0.0245206

Query Optimization Time: 2.05834

s_suppkey
sg = 3
Filter Build Kernel time GPU: 0.026624 d_datekey
sg = 3
Filter Build Kernel time GPU: 0.025600 Build time 0.143424
h_total: 8988180 output_estimate: 150994944 sg: 10
Probe Kernel time GPU: 4.294656 Transfer size: 8988180 sg: 10
h_total: 0 output_estimate: 725614592 sg: 14
Probe Kernel time GPU: 19.932159 Transfer size: 0 sg: 14
Transfer Time : 5.788608 Transfer Time : 0.024480 Group Kernel time CPU: 0.001152 sg = 14 non demand time = 22.9151
Probe Group Kernel time CPU: 6.297600 sg = 10 non demand time = 33.4909
Probe time 33.5667
Merge time 0.23888
Result:
Res count = 0
Query Execution Time: 34.4433
CPU Time: 6.2976
GPU Time: 19.9322
Transfer Time: 5.78861
Malloc Time: 0.00496

12

 Query: 12 19940101 19940131
Query Prepare Time: 0.345824
 Query Prepare Time using cpu 0.000343323

Query Optimization Time: 1.83194

d_datekey
sg = 1
h_total: 31 output_estimate: 1048576 sg: 1
Filter Kernel time CPU: 0.200704 Transfer size: 31 sg: 1
Transfer Time: 0.011264 sg: 1
Build Kernel time GPU: 0.021504 Build time 0.335968
h_total: 0 output_estimate: 228780 sg: 30
Filter Probe Kernel time GPU: 0.258048 Transfer size: 0 sg: 30
Transfer Time : 0.009216 Aggr Kernel time CPU: 0.002048 sg = 30 non demand time = 0.601088
h_total: 209714 output_estimate: 419430 sg: 22
Filter Kernel time CPU: 1.767264 Transfer size: 209714 sg: 22
Transfer Time : 0.056320 h_total: 3147770 output_estimate: 6291456 sg: 12
h_total: 49676 output_estimate: 114389 sg: 22
Filter Kernel time CPU: 2.242560 Filter Probe Kernel time GPU: 0.073728 Transfer size: 3147770 sg: 12
Transfer size: 49676 sg: 22
Transfer Time : 0.497664 Transfer Time : 0.056384 h_total: 624634 output_estimate: 1259108 sg: 12
Aggr Kernel time CPU: 0.024576 Filter Probe Kernel time GPU: 0.212928 sg = 22 non demand time = 3.10682
Transfer size: 624634 sg: 12
Transfer Time : 0.223232 Aggr Kernel time CPU: 0.404480 sg = 12 non demand time = 3.88506
Probe time 3.92602
Merge time 0.00224
Result:
Res count = 0
Query Execution Time: 4.34438
CPU Time: 2.64704
GPU Time: 0.258048
Transfer Time: 0.720896
Malloc Time: 0.027648

32

 Query: 32 19920101 19971231
Query Prepare Time: 22.3359
 Query Prepare Time using cpu 0.0223227

Query Optimization Time: 1.96096

s_suppkey
sg = 3
Filter Build Kernel time GPU: 0.026624 d_datekey
sg = 3
Filter Build Kernel time GPU: 0.021472 Build time 0.129024
h_total: 8988180 output_estimate: 150994944 sg: 10
Probe Kernel time GPU: 4.339488 Transfer size: 8988180 sg: 10
h_total: 0 output_estimate: 725614592 sg: 14
Probe Kernel time GPU: 17.037312 Transfer size: 0 sg: 14
Transfer Time : 0.001024 Group Kernel time CPU: 0.001024 Transfer Time : 5.787648 sg = 14 non demand time = 22.912
Probe Group Kernel time CPU: 6.421504 sg = 10 non demand time = 33.6804
Probe time 33.7705
Merge time 0.210592
Result:
Res count = 0
Query Execution Time: 34.6064
CPU Time: 6.4215
GPU Time: 17.0373
Transfer Time: 5.78765
Malloc Time: 0.006144

34

 Query: 34 19971201 19971231
Query Prepare Time: 25.1627
 Query Prepare Time using cpu 0.0251501

Query Optimization Time: 1.9609

s_suppkey
sg = 3
Filter Build Kernel time GPU: 0.026624 d_datekey
sg = 1
h_total: 31 output_estimate: 1048576 sg: 1
Filter Kernel time CPU: 0.338944 Transfer size: 31 sg: 1
Transfer Time: 0.00832 sg: 1
Build Kernel time GPU: 0.013152 Build time 0.52032
h_total: 0 output_estimate: 14680064 sg: 14
Probe Kernel time GPU: 0.363520 Transfer size: 0 sg: 14
Transfer Time : 0.004096 Group Kernel time CPU: 0.002048 sg = 14 non demand time = 0.459776
Probe time 0.482208
Merge time 0.363776
Result:
Res count = 0
Query Execution Time: 1.84662
CPU Time: 0.338944
GPU Time: 0.36352
Transfer Time: 0.00832
Malloc Time: 0.012288

23

 Query: 23 1 19981231
Query Prepare Time: 55.6492
 Query Prepare Time using cpu 0.0555847

Query Optimization Time: 1.98662

s_suppkey
sg = 3
Filter Build Kernel time GPU: 0.028480 d_datekey
sg = 1
Build Kernel time GPU: 95.506432 Build time 95.6426
h_total: 0 output_estimate: 960495616 sg: 14
Probe Kernel time GPU: 27.572033 Transfer size: 0 sg: 14
Transfer Time : 0.007168 Group Kernel time CPU: 0.002048 sg = 14 non demand time = 27.692
Probe time 27.7228
Merge time 0.715232
Result:
Res count = 0
Query Execution Time: 126.11
CPU Time: 0.002048
GPU Time: 95.5064
Transfer Time: 0.007168
Malloc Time: 0.00416

21

 Query: 21 1 19981231
Query Prepare Time: 56.2983
 Query Prepare Time using cpu 0.0562339

Query Optimization Time: 2.03366

s_suppkey
sg = 3
Filter Build Kernel time GPU: 0.030720 p_partkey
sg = 3
Filter Build Kernel time GPU: 60.077057 d_datekey
sg = 1
Build Kernel time GPU: 46.605312 Build time 106.893
h_total: 818939810 output_estimate: 960495616 sg: 14
Probe Kernel time GPU: 112.459778 Transfer size: 818939810 sg: 14
Transfer Time : 507.012756 Group Kernel time CPU: 18402.525391 sg = 14 non demand time = 19022.1
Probe time 19022.2
Merge time 0.485568
Result:
Res count = 0
Query Execution Time: 19131.5
CPU Time: 18402.5
GPU Time: 112.46
Transfer Time: 507.013
Malloc Time: 0.003296

34

 Query: 34 19971201 19971231
Query Prepare Time: 23.6312
 Query Prepare Time using cpu 0.0236182

Query Optimization Time: 1.85229

s_suppkey
sg = 3
Filter Build Kernel time GPU: 0.027648 d_datekey
sg = 1
h_total: 31 output_estimate: 1048576 sg: 1
Filter Kernel time CPU: 0.270368 Transfer size: 31 sg: 1
Transfer Time: 0.009216 sg: 1
Build Kernel time GPU: 0.014336 Build time 0.521216
h_total: 0 output_estimate: 14680064 sg: 14
Probe Kernel time GPU: 0.363520 Transfer size: 0 sg: 14
Transfer Time : 0.004096 Group Kernel time CPU: 0.001024 sg = 14 non demand time = 0.505856
Probe time 0.55072
Merge time 0.383232
Result:
Res count = 0
Query Execution Time: 2.02378
CPU Time: 0.270368
GPU Time: 0.36352
Transfer Time: 0.009216
Malloc Time: 0.013312

13

 Query: 13 19940204 19940210
Query Prepare Time: 0.116192
 Query Prepare Time using cpu 0.000113964

Query Optimization Time: 1.56563

d_datekey
sg = 3
Filter Build Kernel time GPU: 0.024800 Build time 0.06752
h_total: 0 output_estimate: 128688 sg: 30
Filter Probe Kernel time GPU: 0.134976 Transfer size: 0 sg: 30
Transfer Time : 0.004192 Aggr Kernel time CPU: 0.002048 sg = 30 non demand time = 0.310272
h_total: 171384 output_estimate: 386066 sg: 4
Filter Kernel time CPU: 0.506976 Transfer size: 171384 sg: 4
Transfer Time : 0.040960 h_total: 152125 output_estimate: 171384 sg: 4
Probe Kernel time GPU: 0.034880 Transfer size: 152125 sg: 4
Transfer Time : 0.076608 Aggr Kernel time CPU: 0.150528 sg = 4 non demand time = 0.93184
Probe time 0.976032
Merge time 0.002112
Result:
Res count = 0
Query Execution Time: 1.10243
CPU Time: 0.657504
GPU Time: 0.134976
Transfer Time: 0.117568
Malloc Time: 0.00656

32

 Query: 32 19920101 19971231
Query Prepare Time: 21.7695
 Query Prepare Time using cpu 0.0217569

Query Optimization Time: 1.73978

s_suppkey
sg = 3
Filter Build Kernel time GPU: 0.026624 d_datekey
sg = 3
Filter Build Kernel time GPU: 0.023680 Build time 0.15456
h_total: 8988180 output_estimate: 150994944 sg: 10
Probe Kernel time GPU: 4.302848 Transfer size: 8988180 sg: 10
h_total: 0 output_estimate: 725614592 sg: 14
Probe Kernel time GPU: 17.019903 Transfer size: 0 sg: 14
Transfer Time : 0.001824 Group Kernel time CPU: 0.001024 Transfer Time : 5.798912 sg = 14 non demand time = 22.8588
Probe Group Kernel time CPU: 5.445632 sg = 10 non demand time = 32.6533
Probe time 32.7465
Merge time 0.189632
Result:
Res count = 0
Query Execution Time: 33.5923
CPU Time: 5.44563
GPU Time: 17.0199
Transfer Time: 5.79891
Malloc Time: 0.00512

21

 Query: 21 1 19981231
Query Prepare Time: 58.0079
 Query Prepare Time using cpu 0.0579443

Query Optimization Time: 2.16371

s_suppkey
sg = 3
Filter Build Kernel time GPU: 0.035840 p_partkey
sg = 3
Filter Build Kernel time GPU: 60.081154 d_datekey
sg = 1
Build Kernel time GPU: 46.612320 Build time 106.93
h_total: 818440614 output_estimate: 960495616 sg: 14
Probe Kernel time GPU: 112.393219 Transfer size: 818440614 sg: 14
Transfer Time : 506.647552 Group Kernel time CPU: 18383.101562 sg = 14 non demand time = 19002.3
Probe time 19002.4
Merge time 0.499616
Result:
Res count = 0
Query Execution Time: 19111.7
CPU Time: 18383.1
GPU Time: 112.393
Transfer Time: 506.648
Malloc Time: 0.003296

42

 Query: 42 19970101 19981231
Query Prepare Time: 41.791
 Query Prepare Time using cpu 0.0417891

Query Optimization Time: 2.00893

s_suppkey
sg = 3
Filter Build Kernel time GPU: 0.036864 p_partkey
sg = 3
Filter Build Kernel time GPU: 60.182529 d_datekey
sg = 3
Filter Build Kernel time GPU: 0.034880 Build time 60.4559
h_total: 3994550 output_estimate: 83886080 sg: 44
Probe Kernel time GPU: 2.705408 Transfer size: 3994550 sg: 44
h_total: 0 output_estimate: 147849216 sg: 60
Probe Kernel time GPU: 4.488992 Transfer size: 0 sg: 60
Transfer Time : 0.001024 Group Kernel time CPU: 0.001024 Transfer Time : 3.268608 sg = 60 non demand time = 7.18131
Probe Group Kernel time CPU: 1.781600 sg = 44 non demand time = 11.7015
Probe time 11.7667
Merge time 0.012064
Result:
Res count = 0
Query Execution Time: 72.3034
CPU Time: 1.7816
GPU Time: 60.2543
Transfer Time: 3.26861
Malloc Time: 0.013376

41

 Query: 41 19920101 19981231
Query Prepare Time: 42.3781
 Query Prepare Time using cpu 0.0423746

Query Optimization Time: 2.10109

s_suppkey
sg = 3
Filter Build Kernel time GPU: 0.029696 p_partkey
sg = 3
Filter Build Kernel time GPU: 31.725569 d_datekey
sg = 1
Build Kernel time GPU: 11.067424 Build time 43.0193
h_total: 34455032 output_estimate: 234881024 sg: 44
Probe Kernel time GPU: 9.940992 Transfer size: 34455032 sg: 44
h_total: 0 output_estimate: 725614592 sg: 60
Probe Kernel time GPU: 25.338881 Transfer size: 0 sg: 60
Transfer Time : 0.001024 Group Kernel time CPU: 0.001024 Transfer Time : 27.174911 sg = 60 non demand time = 47.0446
Probe Group Kernel time CPU: 11.423712 sg = 44 non demand time = 68.4473
Probe time 68.5404
Merge time 0.005376
Result:
Res count = 0
Query Execution Time: 111.645
CPU Time: 11.4237
GPU Time: 31.7553
Transfer Time: 27.1749
Malloc Time: 0.006336

31

 Query: 31 19920101 19971231
Query Prepare Time: 21.1388
 Query Prepare Time using cpu 0.0211356

Query Optimization Time: 2.15062

s_suppkey
sg = 3
Filter Build Kernel time GPU: 0.041984 d_datekey
sg = 3
Filter Build Kernel time GPU: 0.027648 Build time 0.182272
h_total: 34676093 output_estimate: 150994944 sg: 10
Probe Kernel time GPU: 4.979616 Transfer size: 34676093 sg: 10
h_total: 0 output_estimate: 725614592 sg: 14
Probe Kernel time GPU: 35.662849 Transfer size: 0 sg: 14
Transfer Time : 0.001024 Transfer Time : 21.892096 Group Kernel time CPU: 0.029664 sg = 14 non demand time = 52.1155
Probe Group Kernel time CPU: 15.864832 sg = 10 non demand time = 72.9528
Probe time 73.0348
Merge time 0.02736
Result:
Res count = 0
Query Execution Time: 73.3165
CPU Time: 15.8648
GPU Time: 35.6628
Transfer Time: 21.8921
Malloc Time: 0.0072

11

 Query: 11 19930101 19931231
Query Prepare Time: 0.35888
 Query Prepare Time using cpu 0.000355721

Query Optimization Time: 1.87187

d_datekey
sg = 3
Filter Build Kernel time GPU: 0.034816 Build time 0.093152
h_total: 0 output_estimate: 321722 sg: 30
Filter Probe Kernel time GPU: 0.289792 Transfer size: 0 sg: 30
Transfer Time : 0.009216 Aggr Kernel time CPU: 0.002048 sg = 30 non demand time = 0.598016
h_total: 70470315 output_estimate: 110100480 sg: 22
Filter Kernel time CPU: 18.281471 Transfer size: 70470315 sg: 22
Transfer Time : 10.552320 h_total: 19065074 output_estimate: 28828764 sg: 22
Filter Probe Kernel time GPU: 2.341888 Transfer size: 19065074 sg: 22
Transfer Time : 5.920896 Aggr Kernel time CPU: 5.771168 sg = 22 non demand time = 43.0172
Probe time 43.1053
Merge time 0.004032
Result:
Res count = 0
Query Execution Time: 43.2733
CPU Time: 24.0526
GPU Time: 2.34189
Transfer Time: 16.4732
Malloc Time: 0.00704

31

 Query: 31 19920101 19971231
Query Prepare Time: 20.9788
 Query Prepare Time using cpu 0.0209756

Query Optimization Time: 2.0695

s_suppkey
sg = 3
Filter Build Kernel time GPU: 0.032960 d_datekey
sg = 3
Filter Build Kernel time GPU: 0.023456 Build time 0.148256
h_total: 34676093 output_estimate: 150994944 sg: 10
Probe Kernel time GPU: 4.977664 Transfer size: 34676093 sg: 10
h_total: 0 output_estimate: 725614592 sg: 14
Probe Kernel time GPU: 35.668991 Transfer size: 0 sg: 14
Transfer Time : 0.001024 Transfer Time : 21.880768 Group Kernel time CPU: 0.002080 sg = 14 non demand time = 52.1083
Probe Group Kernel time CPU: 16.004095 sg = 10 non demand time = 73.0829
Probe time 73.1617
Merge time 0.020032
Result:
Res count = 0
Query Execution Time: 73.4005
CPU Time: 16.0041
GPU Time: 35.669
Transfer Time: 21.8808
Malloc Time: 0.00512

21

 Query: 21 1 19981231
Query Prepare Time: 55.6786
 Query Prepare Time using cpu 0.0556133

Query Optimization Time: 2.06643

s_suppkey
sg = 3
Filter Build Kernel time GPU: 0.031744 p_partkey
sg = 3
Filter Build Kernel time GPU: 60.060673 d_datekey
sg = 1
Build Kernel time GPU: 46.603264 Build time 106.882
h_total: 818425658 output_estimate: 960495616 sg: 14
Probe Kernel time GPU: 112.466942 Transfer size: 818425658 sg: 14
Transfer Time : 506.625031 Group Kernel time CPU: 18408.089844 sg = 14 non demand time = 19027.3
Probe time 19027.4
Merge time 0.490496
Result:
Res count = 0
Query Execution Time: 19136.7
CPU Time: 18408.1
GPU Time: 112.467
Transfer Time: 506.625
Malloc Time: 0.003168

33

 Query: 33 19920101 19971231
Query Prepare Time: 23.7478
 Query Prepare Time using cpu 0.0237343

Query Optimization Time: 1.93536

s_suppkey
sg = 3
Filter Build Kernel time GPU: 0.027648 d_datekey
sg = 3
Filter Build Kernel time GPU: 0.021504 Build time 0.13824
h_total: 989217 output_estimate: 150994944 sg: 10
Probe Kernel time GPU: 3.352576 Transfer size: 989217 sg: 10
h_total: 0 output_estimate: 725614592 sg: 14
Probe Kernel time GPU: 16.857088 Transfer size: 0 sg: 14
Transfer Time : 0.001024 Group Kernel time CPU: 0.001024 Transfer Time : 0.676864 sg = 14 non demand time = 17.5944
Probe Group Kernel time CPU: 1.090528 sg = 10 non demand time = 22.0662
Probe time 22.1213
Merge time 0.20688
Result:
Res count = 0
Query Execution Time: 22.9584
CPU Time: 1.09053
GPU Time: 16.8571
Transfer Time: 0.676864
Malloc Time: 16.8202

22

 Query: 22 1 19981231
Query Prepare Time: 55.7412
 Query Prepare Time using cpu 0.0556762

Query Optimization Time: 2.05107

s_suppkey
sg = 3
Filter Build Kernel time GPU: 0.034816 d_datekey
sg = 1
Build Kernel time GPU: 95.496094 Build time 95.6456
h_total: 0 output_estimate: 960495616 sg: 14
Probe Kernel time GPU: 62.516224 Transfer size: 0 sg: 14
Transfer Time : 0.004096 Group Kernel time CPU: 0.002048 sg = 14 non demand time = 62.6371
Probe time 62.6729
Merge time 0.551648
Result:
Res count = 0
Query Execution Time: 160.896
CPU Time: 0.002048
GPU Time: 95.4961
Transfer Time: 0.004096
Malloc Time: 0.0032

33

 Query: 33 19920101 19971231
Query Prepare Time: 23.8351
 Query Prepare Time using cpu 0.0238225

Query Optimization Time: 1.9968

s_suppkey
sg = 3
Filter Build Kernel time GPU: 0.026624 d_datekey
sg = 3
Filter Build Kernel time GPU: 0.021504 Build time 0.144448
h_total: 989217 output_estimate: 150994944 sg: 10
Probe Kernel time GPU: 3.220480 Transfer size: 989217 sg: 10
h_total: 0 output_estimate: 725614592 sg: 14
Probe Kernel time GPU: 16.232449 Transfer size: 0 sg: 14
Transfer Time : 0.002016 Transfer Time : 0.683008 Group Kernel time CPU: 0.004096 sg = 14 non demand time = 16.8325
Probe Group Kernel time CPU: 1.192096 sg = 10 non demand time = 21.2234
Probe time 21.2767
Merge time 0.282144
Result:
Res count = 0
Query Execution Time: 22.2118
CPU Time: 1.1921
GPU Time: 16.2324
Transfer Time: 0.683008
Malloc Time: 0.00512

22

 Query: 22 1 19981231
Query Prepare Time: 55.9057
 Query Prepare Time using cpu 0.055841

Query Optimization Time: 2.05827

s_suppkey
sg = 3
Filter Build Kernel time GPU: 0.027776 d_datekey
sg = 1
Build Kernel time GPU: 95.546112 Build time 95.6795
h_total: 0 output_estimate: 960495616 sg: 14
Probe Kernel time GPU: 61.903873 Transfer size: 0 sg: 14
Transfer Time : 0.004096 Group Kernel time CPU: 0.001024 sg = 14 non demand time = 62.0237
Probe time 62.0574
Merge time 0.732736
Result:
Res count = 0
Query Execution Time: 160.49
CPU Time: 0.001024
GPU Time: 95.5461
Transfer Time: 0.004096
Malloc Time: 0.003072

41

 Query: 41 19920101 19981231
Query Prepare Time: 42.0366
 Query Prepare Time using cpu 0.0420337

Query Optimization Time: 2.10118

s_suppkey
sg = 3
Filter Build Kernel time GPU: 0.028768 p_partkey
sg = 3
Filter Build Kernel time GPU: 31.707136 d_datekey
sg = 1
Build Kernel time GPU: 11.073536 Build time 42.9856
h_total: 34455032 output_estimate: 234881024 sg: 44
Probe Kernel time GPU: 9.934880 Transfer size: 34455032 sg: 44
h_total: Transfer Time : 27.397120 0 output_estimate: 725614592 sg: 60
Probe Kernel time GPU: 27.402241 Transfer size: 0 sg: 60
Transfer Time : 0.009152 Group Kernel time CPU: 0.002048 sg = 60 non demand time = 27.6449
Probe Group Kernel time CPU: 13.821728 sg = 44 non demand time = 51.3075
Probe time 51.3864
Merge time 0.004096
Result:
Res count = 0
Query Execution Time: 94.4429
CPU Time: 13.8217
GPU Time: 31.7359
Transfer Time: 27.3971
Malloc Time: 0.00944

42

 Query: 42 19970101 19981231
Query Prepare Time: 42.713
 Query Prepare Time using cpu 0.0427115

Query Optimization Time: 2.08691

s_suppkey
sg = 3
Filter Build Kernel time GPU: 0.033600 p_partkey
sg = 3
Filter Build Kernel time GPU: 60.187679 d_datekey
sg = 3
Filter Build Kernel time GPU: 0.030720 Build time 60.418
h_total: 3994550 output_estimate: 83886080 sg: 44
Probe Kernel time GPU: 2.600960 Transfer size: 3994550 sg: 44
Transfer Time : 3.685376 h_total: 0 output_estimate: 147849216 sg: 60
Probe Kernel time GPU: 3.733472 Transfer size: 0 sg: 60
Transfer Time : 0.014336 Group Kernel time CPU: 0.003072 sg = 60 non demand time = 3.9711
Probe Group Kernel time CPU: 2.406400 sg = 44 non demand time = 8.84835
Probe time 8.91802
Merge time 0.031712
Result:
Res count = 0
Query Execution Time: 69.4323
CPU Time: 2.4064
GPU Time: 60.252
Transfer Time: 3.68538
Malloc Time: 0.013088

33

 Query: 33 19920101 19971231
Query Prepare Time: 24.7711
 Query Prepare Time using cpu 0.0247581

Query Optimization Time: 2.06746

s_suppkey
sg = 3
Filter Build Kernel time GPU: 0.025600 d_datekey
sg = 3
Filter Build Kernel time GPU: 0.020704 Build time 0.134144
h_total: 989217 output_estimate: 150994944 sg: 10
Probe Kernel time GPU: 3.197952 Transfer size: 989217 sg: 10
h_total: 0 output_estimate: 725614592 sg: 14
Probe Kernel time GPU: 16.236769 Transfer size: 0 sg: 14
Transfer Time : 0.001024 Transfer Time : 0.684000 Group Kernel time CPU: 0.018432 sg = 14 non demand time = 16.8571
Probe Group Kernel time CPU: 1.377280 sg = 10 non demand time = 21.4303
Probe time 21.4825
Merge time 0.537888
Result:
Res count = 0
Query Execution Time: 22.6425
CPU Time: 1.37728
GPU Time: 16.2368
Transfer Time: 0.684
Malloc Time: 0.023552

33

 Query: 33 19920101 19971231
Query Prepare Time: 23.9989
 Query Prepare Time using cpu 0.0239844

Query Optimization Time: 2.0264

s_suppkey
sg = 3
Filter Build Kernel time GPU: 0.026624 d_datekey
sg = 3
Filter Build Kernel time GPU: 0.021504 Build time 0.137216
h_total: 989217 output_estimate: 150994944 sg: 10
Probe Kernel time GPU: 3.216384 Transfer size: 989217 sg: 10
h_total: 0 output_estimate: 725614592 sg: 14
Probe Kernel time GPU: 16.237345 Transfer size: 0 sg: 14
Transfer Time : 0.001952 Transfer Time : 0.674816 Group Kernel time CPU: 0.013216 sg = 14 non demand time = 16.8591
Probe Group Kernel time CPU: 1.356800 sg = 10 non demand time = 21.4221
Probe time 21.4753
Merge time 0.27808
Result:
Res count = 0
Query Execution Time: 22.3895
CPU Time: 1.3568
GPU Time: 16.2373
Transfer Time: 0.674816
Malloc Time: 0.009216

33

 Query: 33 19920101 19971231
Query Prepare Time: 24.1162
 Query Prepare Time using cpu 0.0241024

Query Optimization Time: 2.05107

s_suppkey
sg = 3
Filter Build Kernel time GPU: 0.025504 d_datekey
sg = 3
Filter Build Kernel time GPU: 0.020704 Build time 0.131072
h_total: 989217 output_estimate: 150994944 sg: 10
Probe Kernel time GPU: 3.185664 Transfer size: 989217 sg: 10
Transfer Time : 16.053247 h_total: 0 output_estimate: 725614592 sg: 14
Probe Kernel time GPU: 16.107519 Transfer size: 0 sg: 14
Transfer Time : 0.009088 Group Kernel time CPU: 0.004000 sg = 14 non demand time = 16.3205
Probe Group Kernel time CPU: 1.370112 sg = 10 non demand time = 20.7669
Probe time 20.8251
Merge time 0.27552
Result:
Res count = 0
Query Execution Time: 21.7278
CPU Time: 1.37011
GPU Time: 16.1075
Transfer Time: 16.0532
Malloc Time: 0.037696

11

 Query: 11 19930101 19931231
Query Prepare Time: 0.322112
 Query Prepare Time using cpu 0.000319958

Query Optimization Time: 1.77664

d_datekey
sg = 3
Filter Build Kernel time GPU: 0.029536 Build time 0.075776
h_total: 0 output_estimate: 321722 sg: 30
Filter Probe Kernel time GPU: 0.276608 Transfer size: 0 sg: 30
Transfer Time : 0.009216 Aggr Kernel time CPU: 0.002048 sg = 30 non demand time = 0.536576
h_total: 70470315 output_estimate: 110100480 sg: 22
Filter Kernel time CPU: 18.578432 Transfer size: 70470315 sg: 22
Transfer Time : 10.555200 h_total: 19065074 output_estimate: 28828764 sg: 22
Filter Probe Kernel time GPU: 2.349056 Transfer size: 19065074 sg: 22
Transfer Time : 5.919744 Aggr Kernel time CPU: 5.865472 sg = 22 non demand time = 43.4102
Probe time 43.4987
Merge time 0.004192
Result:
Res count = 0
Query Execution Time: 43.6612
CPU Time: 24.4439
GPU Time: 2.34906
Transfer Time: 16.4749
Malloc Time: 0.006976

12

 Query: 12 19940101 19940131
Query Prepare Time: 0.112032
 Query Prepare Time using cpu 0.000110149

Query Optimization Time: 1.83501

d_datekey
sg = 1
h_total: 31 output_estimate: 1048576 sg: 1
Filter Kernel time CPU: 0.215008 Transfer size: 31 sg: 1
Transfer Time: 0.01024 sg: 1
Build Kernel time GPU: 0.020320 Build time 0.340992
h_total: 0 output_estimate: 228780 sg: 30
Filter Probe Kernel time GPU: 0.125952 Transfer size: 0 sg: 30
Transfer Time : 0.008192 Aggr Kernel time CPU: 0.003072 sg = 30 non demand time = 0.494592
h_total: 209714 output_estimate: 419430 sg: 22
h_total: 3147770 output_estimate: 6291456 sg: 12
Filter Kernel time CPU: 1.696832 Filter Kernel time CPU: 1.950784 Transfer size: 209714 sg: 22
Transfer Time : 0.057408 Transfer size: 3147770 sg: 12
Transfer Time : 0.487424 h_total: 49676 output_estimate: 114389 sg: 22
Filter Probe Kernel time GPU: 0.231424 h_total: 624634 output_estimate: 1259108 sg: 12
Filter Probe Kernel time GPU: 0.187392 Transfer size: 624634 sg: 12
Transfer size: 49676 sg: 22
Transfer Time : 0.246528 Transfer Time : 0.135168 Aggr Kernel time CPU: 0.312320 sg = 22 non demand time = 3.584
Aggr Kernel time CPU: 0.701440 sg = 12 non demand time = 4.00374
Probe time 4.0407
Merge time 0.001728
Result:
Res count = 0
Query Execution Time: 4.4311
CPU Time: 2.65222
GPU Time: 0.231424
Transfer Time: 0.733952
Malloc Time: 0.106656

34

 Query: 34 19971201 19971231
Query Prepare Time: 21.5596
 Query Prepare Time using cpu 0.0215471

Query Optimization Time: 1.90566

s_suppkey
sg = 3
Filter Build Kernel time GPU: 0.023808 d_datekey
sg = 1
h_total: 31 output_estimate: 1048576 sg: 1
Filter Kernel time CPU: 0.380928 Transfer size: 31 sg: 1
Transfer Time: 0.008192 sg: 1
Build Kernel time GPU: 0.013312 Build time 0.553984
h_total: 0 output_estimate: 14680064 sg: 14
Probe Kernel time GPU: 0.347136 Transfer size: 0 sg: 14
Transfer Time : 0.004064 Group Kernel time CPU: 0.002016 sg = 14 non demand time = 0.44352
Probe time 0.464896
Merge time 0.250112
Result:
Res count = 0
Query Execution Time: 1.75946
CPU Time: 0.380928
GPU Time: 0.347136
Transfer Time: 0.008192
Malloc Time: 0.012288

23

 Query: 23 1 19981231
Query Prepare Time: 56.0584
 Query Prepare Time using cpu 0.0559938

Query Optimization Time: 2.06643

s_suppkey
sg = 3
Filter Build Kernel time GPU: 0.026624 d_datekey
sg = 1
Build Kernel time GPU: 95.521790 Build time 95.664
h_total: 0 output_estimate: 960495616 sg: 14
Probe Kernel time GPU: 26.632193 Transfer size: 0 sg: 14
Transfer Time : 0.004864 Group Kernel time CPU: 0.001024 sg = 14 non demand time = 26.752
Probe time 26.7837
Merge time 0.767488
Result:
Res count = 0
Query Execution Time: 125.23
CPU Time: 0.001024
GPU Time: 95.5218
Transfer Time: 0.004864
Malloc Time: 0.003904

42

 Query: 42 19970101 19981231
Query Prepare Time: 42.0277
 Query Prepare Time using cpu 0.0420256

Query Optimization Time: 1.97229

s_suppkey
sg = 3
Filter Build Kernel time GPU: 0.032768 p_partkey
sg = 3
Filter Build Kernel time GPU: 60.162048 d_datekey
sg = 3
Filter Build Kernel time GPU: 0.029696 Build time 60.4017
h_total: 3994550 output_estimate: 83886080 sg: 44
Probe Kernel time GPU: 2.601984 Transfer size: 3994550 sg: 44
Transfer Time : 3.678208 h_total: 0 output_estimate: 147849216 sg: 60
Probe Kernel time GPU: 3.721216 Transfer size: 0 sg: 60
Transfer Time : 0.011200 Group Kernel time CPU: 0.002048 sg = 60 non demand time = 3.91373
Probe Group Kernel time CPU: 2.396032 sg = 44 non demand time = 8.80333
Probe time 8.86579
Merge time 0.020448
Result:
Res count = 0
Query Execution Time: 69.3562
CPU Time: 2.39603
GPU Time: 60.2245
Transfer Time: 3.67821
Malloc Time: 0.00512

32

 Query: 32 19920101 19971231
Query Prepare Time: 24.5758
 Query Prepare Time using cpu 0.0245628

Query Optimization Time: 2.02771

s_suppkey
sg = 3
Filter Build Kernel time GPU: 0.026624 d_datekey
sg = 3
Filter Build Kernel time GPU: 0.021504 Build time 0.133152
h_total: 8988180 output_estimate: 150994944 sg: 10
Probe Kernel time GPU: 4.083936 Transfer size: 8988180 sg: 10
Transfer Time : 16.260096 h_total: 0 output_estimate: 725614592 sg: 14
Probe Kernel time GPU: 16.350176 Transfer size: 0 sg: 14
Transfer Time : 0.008096 Group Kernel time CPU: 0.002048 sg = 14 non demand time = 16.5632
Probe Group Kernel time CPU: 6.480896 sg = 10 non demand time = 27.0193
Probe time 27.094
Merge time 0.243776
Result:
Res count = 0
Query Execution Time: 27.9681
CPU Time: 6.4809
GPU Time: 16.3502
Transfer Time: 16.2601
Malloc Time: 0.016384

43

 Query: 43 19970101 19981231
Query Prepare Time: 44.9724
 Query Prepare Time using cpu 0.0449159

Query Optimization Time: 2.0704

s_suppkey
sg = 3
Filter Build Kernel time GPU: 0.030816 d_datekey
sg = 3
Filter Build Kernel time GPU: 0.021504 Build time 0.147456
h_total: 0 output_estimate: 83886080 sg: 44
Probe Kernel time GPU: 1.921024 Transfer size: 0 sg: 44
Transfer Time : 0.001024 Probe Group Kernel time CPU: 0.001024 h_total: 0 output_estimate: 147849216 sg: 60
sg = 44 non demand time = Probe Kernel time GPU: 3.620640 5.62883
Transfer size: 0 sg: 60
Transfer Time : 0.008352 Group Kernel time CPU: 0.002048 sg = 60 non demand time = 3.83795
Probe time 5.82861
Merge time 0.686752
Result:
Res count = 0
Query Execution Time: 8.42563
CPU Time: 0.002048
GPU Time: 3.62064
Transfer Time: 0.008352
Malloc Time: 0.007296

43

 Query: 43 19970101 19981231
Query Prepare Time: 43.2935
 Query Prepare Time using cpu 0.0432367

Query Optimization Time: 2.0439

s_suppkey
sg = 3
Filter Build Kernel time GPU: 0.030720 d_datekey
sg = 3
Filter Build Kernel time GPU: 0.021504 Build time 0.147456
h_total: 0 output_estimate: 83886080 sg: 44
Probe Kernel time GPU: 1.921888 Transfer size: 0 sg: 44
Transfer Time : 0.006304 Probe Group Kernel time CPU: 0.004096 sg = 44 non demand time = 2.03878
h_total: 0 output_estimate: 147849216 sg: 60
Probe Kernel time GPU: 3.585024 Transfer size: 0 sg: 60
Transfer Time : 0.008384 Group Kernel time CPU: 0.002944 sg = 60 non demand time = 3.84819
Probe time 5.84582
Merge time 0.577728
Result:
Res count = 0
Query Execution Time: 8.33379
CPU Time: 0.004096
GPU Time: 3.58502
Transfer Time: 0.008384
Malloc Time: 0.009216

21

 Query: 21 1 19981231
Query Prepare Time: 57.5326
 Query Prepare Time using cpu 0.0574684

Query Optimization Time: 2.08883

s_suppkey
sg = 3
Filter Build Kernel time GPU: 0.032768 p_partkey
sg = 3
Filter Build Kernel time GPU: 60.086273 d_datekey
sg = 1
Build Kernel time GPU: 46.582878 Build time 106.87
h_total: 818986246 output_estimate: 960495616 sg: 14
Probe Kernel time GPU: 112.487427 Transfer size: 818986246 sg: 14
Transfer Time : 506.995697 Group Kernel time CPU: 18449.685547 sg = 14 non demand time = 19069.3
Probe time 19069.4
Merge time 0.475456
Result:
Res count = 0
Query Execution Time: 19178.6
CPU Time: 18449.7
GPU Time: 112.487
Transfer Time: 506.996
Malloc Time: 0.00416

41

 Query: 41 19920101 19981231
Query Prepare Time: 42.0587
 Query Prepare Time using cpu 0.0420575

Query Optimization Time: 2.05226

s_suppkey
sg = 3
Filter Build Kernel time GPU: 0.029504 p_partkey
sg = 3
Filter Build Kernel time GPU: 31.739904 d_datekey
sg = 1
Build Kernel time GPU: 11.655104 Build time 43.607
h_total: 34455032 output_estimate: 234881024 sg: 44
Probe Kernel time GPU: 10.087424 Transfer size: 34455032 sg: 44
h_total: 0 output_estimate: 725614592 sg: 60
Probe Kernel time GPU: 20.155392 Transfer size: 0 sg: 60
Transfer Time : 0.001024 Group Kernel time CPU: 0.001024 sg = 60 non demand time = Transfer Time : 27.202560 47.4204
Probe Group Kernel time CPU: 10.413056 sg = 44 non demand time = 67.9854
Probe time 68.0806
Merge time 0.005504
Result:
Res count = 0
Query Execution Time: 111.771
CPU Time: 10.4131
GPU Time: 31.7694
Transfer Time: 27.2026
Malloc Time: 20.1155

32

 Query: 32 19920101 19971231
Query Prepare Time: 21.3866
 Query Prepare Time using cpu 0.0213728

Query Optimization Time: 2.00394

s_suppkey
sg = 3
Filter Build Kernel time GPU: 0.027648 d_datekey
sg = 3
Filter Build Kernel time GPU: 0.021504 Build time 0.141312
h_total: 8988180 output_estimate: 150994944 sg: 10
Probe Kernel time GPU: 4.293408 Transfer size: 8988180 sg: 10
h_total: 0 output_estimate: 725614592 sg: 14
Probe Kernel time GPU: 17.022976 Transfer size: 0 sg: 14
Transfer Time : 0.001824 Group Kernel time CPU: 0.001024 Transfer Time : 5.796864 sg = 14 non demand time = 22.8925
Probe Group Kernel time CPU: 5.526528 sg = 10 non demand time = 32.7475
Probe time 32.8223
Merge time 0.207552
Result:
Res count = 0
Query Execution Time: 33.6565
CPU Time: 5.52653
GPU Time: 17.023
Transfer Time: 5.79686
Malloc Time: 16.9861

32

 Query: 32 19920101 19971231
Query Prepare Time: 24.7489
 Query Prepare Time using cpu 0.0247357

Query Optimization Time: 2.01011

s_suppkey
sg = 3
Filter Build Kernel time GPU: 0.027648 d_datekey
sg = 3
Filter Build Kernel time GPU: 0.021344 Build time 0.13312
h_total: 8988180 output_estimate: 150994944 sg: 10
Probe Kernel time GPU: 4.294656 Transfer size: 8988180 sg: 10
Transfer Time : 17.048576 h_total: 0 output_estimate: 725614592 sg: 14
Probe Kernel time GPU: 17.121281 Transfer size: 0 sg: 14
Transfer Time : 0.007168 Group Kernel time CPU: 0.002048 sg = 14 non demand time = 17.3404
Probe Group Kernel time CPU: 6.202400 sg = 10 non demand time = 27.7361
Probe time 27.8108
Merge time 0.247232
Result:
Res count = 0
Query Execution Time: 28.6868
CPU Time: 6.2024
GPU Time: 17.1213
Transfer Time: 17.0486
Malloc Time: 0.007968

31

 Query: 31 19920101 19971231
Query Prepare Time: 21.6734
 Query Prepare Time using cpu 0.0216706

Query Optimization Time: 2.1545

s_suppkey
sg = 3
Filter Build Kernel time GPU: 0.033568 d_datekey
sg = 3
Filter Build Kernel time GPU: 0.022528 Build time 0.152544
h_total: 34676093 output_estimate: 150994944 sg: 10
Probe Kernel time GPU: 5.208064 Transfer size: 34676093 sg: 10
Transfer Time : 30.520321 h_total: 0 output_estimate: 725614592 sg: 14
Probe Kernel time GPU: 30.569471 Transfer size: 0 sg: 14
Transfer Time : 0.009056 Group Kernel time CPU: 0.002048 sg = 14 non demand time = 30.8265
Probe Group Kernel time CPU: 15.973376 sg = 10 non demand time = 51.8756
Probe time 51.9528
Merge time 0.0288
Result:
Res count = 0
Query Execution Time: 52.1948
CPU Time: 15.9734
GPU Time: 30.5695
Transfer Time: 30.5203
Malloc Time: 0.008992

34

 Query: 34 19971201 19971231
Query Prepare Time: 22.6297
 Query Prepare Time using cpu 0.0226159

Query Optimization Time: 2.03562

s_suppkey
sg = 3
Filter Build Kernel time GPU: 0.026624 d_datekey
sg = 1
h_total: 31 output_estimate: 1048576 sg: 1
Filter Kernel time CPU: 0.405408 Transfer size: 31 sg: 1
Transfer Time: 0.009216 sg: 1
Build Kernel time GPU: 0.013312 Build time 0.584896
h_total: 0 output_estimate: 14680064 sg: 14
Probe Kernel time GPU: 0.348096 Transfer size: 0 sg: 14
Transfer Time : 0.004000 Group Kernel time CPU: 0.002048 sg = 14 non demand time = 0.439296
Probe time 0.458752
Merge time 0.471552
Result:
Res count = 0
Query Execution Time: 1.99248
CPU Time: 0.405408
GPU Time: 0.348096
Transfer Time: 0.009216
Malloc Time: 0.012288

21

 Query: 21 1 19981231
Query Prepare Time: 55.8204
 Query Prepare Time using cpu 0.0557551

Query Optimization Time: 2.05517

s_suppkey
sg = 3
Filter Build Kernel time GPU: 0.029696 p_partkey
sg = 3
Filter Build Kernel time GPU: 60.108799 d_datekey
sg = 1
Build Kernel time GPU: 46.601345 Build time 106.908
h_total: 819000588 output_estimate: 960495616 sg: 14
Probe Kernel time GPU: 112.452446 Transfer size: 819000588 sg: 14
Transfer Time : 506.807922 Group Kernel time CPU: 18436.992188 sg = 14 non demand time = 19056.4
Probe time 19056.5
Merge time 0.493312
Result:
Res count = 0
Query Execution Time: 19165.8
CPU Time: 18437
GPU Time: 112.452
Transfer Time: 506.808
Malloc Time: 0.004224

34

 Query: 34 19971201 19971231
Query Prepare Time: 23.2516
 Query Prepare Time using cpu 0.0232384

Query Optimization Time: 1.87389

s_suppkey
sg = 3
Filter Build Kernel time GPU: 0.032992 d_datekey
sg = 1
h_total: 31 output_estimate: 1048576 sg: 1
Filter Kernel time CPU: 0.199616 Transfer size: 31 sg: 1
Transfer Time: 0.008192 sg: 1
Build Kernel time GPU: 0.013312 Build time 0.397312
h_total: 0 output_estimate: 14680064 sg: 14
Probe Kernel time GPU: 0.366400 Transfer size: 0 sg: 14
Transfer Time : 0.004096 Group Kernel time CPU: 0.001024 sg = 14 non demand time = 0.456704
Probe time 0.479232
Merge time 0.349344
Result:
Res count = 0
Query Execution Time: 1.71856
CPU Time: 0.199616
GPU Time: 0.3664
Transfer Time: 0.008192
Malloc Time: 0.012448

32

 Query: 32 19920101 19971231
Query Prepare Time: 21.7566
 Query Prepare Time using cpu 0.0217419

Query Optimization Time: 1.90266

s_suppkey
sg = 3
Filter Build Kernel time GPU: 0.027616 d_datekey
sg = 3
Filter Build Kernel time GPU: 0.024576 Build time 0.151552
h_total: 8988180 output_estimate: 150994944 sg: 10
Probe Kernel time GPU: 4.319232 Transfer size: 8988180 sg: 10
h_total: 0 output_estimate: 725614592 sg: 14
Probe Kernel time GPU: 17.021952 Transfer size: 0 sg: 14
Transfer Time : 0.001824 Group Kernel time CPU: 0.001024 Transfer Time : 5.797888 sg = 14 non demand time = 22.8803
Probe Group Kernel time CPU: 5.023872 sg = 10 non demand time = 32.2589
Probe time 32.3594
Merge time 0.177664
Result:
Res count = 0
Query Execution Time: 33.1967
CPU Time: 5.02387
GPU Time: 17.022
Transfer Time: 5.79789
Malloc Time: 0.013312

Cached segment: 4999 Cache total: 5000
Successfully cached

Query 11 fraction: 0.335043 total: 5068 cached: 1698
Query 12 fraction: 0.286898 total: 5068 cached: 1454
Query 13 fraction: 0.335043 total: 5068 cached: 1698
Query 21 fraction: 0.790341 total: 4369 cached: 3453
Query 22 fraction: 0.801431 total: 4613 cached: 3697
Query 23 fraction: 0.801431 total: 4613 cached: 3697
Query 31 fraction: 0.733924 total: 4852 cached: 3561
Query 32 fraction: 0.733924 total: 4852 cached: 3561
Query 33 fraction: 0.702803 total: 4852 cached: 3410
Query 34 fraction: 0.652514 total: 4852 cached: 3166
Query 41 fraction: 0.672795 total: 6745 cached: 4538
Query 42 fraction: 0.684354 total: 6992 cached: 4785
Query 43 fraction: 0.684354 total: 6992 cached: 4785

 epoch end
 epoch start 
21

 Query: 21 1 19981231
Query Prepare Time: 55.7398
 Query Prepare Time using cpu 0.0556748

Query Optimization Time: 2.21696

s_suppkey
sg = 3
Filter Build Kernel time GPU: 0.034816 p_partkey
sg = 3
Filter Build Kernel time GPU: 60.108704 d_datekey
sg = 1
Build Kernel time GPU: 46.601120 Build time 106.929
h_total: 818480197 output_estimate: 960495616 sg: 14
Probe Kernel time GPU: 113.415169 Transfer size: 818480197 sg: 14
Transfer Time : 506.670197 Group Kernel time CPU: 18422.976562 sg = 14 non demand time = 19043.2
Probe time 19043.3
Merge time 0.490272
Result:
Res count = 0
Query Execution Time: 19152.6
CPU Time: 18423
GPU Time: 113.415
Transfer Time: 506.67
Malloc Time: 0.003328

23

 Query: 23 1 19981231
Query Prepare Time: 55.5882
 Query Prepare Time using cpu 0.0555229

Query Optimization Time: 2.07053

s_suppkey
sg = 3
Filter Build Kernel time GPU: 0.030848 d_datekey
sg = 1
Build Kernel time GPU: 95.510468 Build time 95.6703
h_total: 0 output_estimate: 960495616 sg: 14
Probe Kernel time GPU: 27.602943 Transfer size: 0 sg: 14
Transfer Time : 0.006336 Group Kernel time CPU: 0.001024 sg = 14 non demand time = 27.7267
Probe time 27.7648
Merge time 0.570752
Result:
Res count = 0
Query Execution Time: 126.038
CPU Time: 0.001024
GPU Time: 95.5105
Transfer Time: 0.006336
Malloc Time: 0.003104

41

 Query: 41 19920101 19981231
Query Prepare Time: 41.8196
 Query Prepare Time using cpu 0.0418174

Query Optimization Time: 2.05011

s_suppkey
sg = 3
Filter Build Kernel time GPU: 0.031744 p_partkey
sg = 3
Filter Build Kernel time GPU: 31.684608 d_datekey
sg = 1
Build Kernel time GPU: 11.069440 Build time 42.9494
h_total: 34455032 output_estimate: 234881024 sg: 44
Probe Kernel time GPU: 9.947136 Transfer size: 34455032 sg: 44
h_total: 0 output_estimate: 725614592 sg: 60
Probe Kernel time GPU: 19.635008 Transfer size: 0 sg: 60
Transfer Time : 0.001024 Group Kernel time CPU: 0.001024 sg = 60 non demand time = Transfer Time : 27.169024 46.849
Probe Group Kernel time CPU: 11.348992 sg = 44 non demand time = 68.1943
Probe time 68.2834
Merge time 0.005152
Result:
Res count = 0
Query Execution Time: 111.309
CPU Time: 11.349
GPU Time: 31.7164
Transfer Time: 27.169
Malloc Time: 0.007968

34

 Query: 34 19971201 19971231
Query Prepare Time: 22.2395
 Query Prepare Time using cpu 0.0222266

Query Optimization Time: 2.0521

s_suppkey
sg = 3
Filter Build Kernel time GPU: 0.029696 d_datekey
sg = 1
h_total: 31 output_estimate: 1048576 sg: 1
Filter Kernel time CPU: 0.300832 Transfer size: 31 sg: 1
Transfer Time: 0.008384 sg: 1
Build Kernel time GPU: 0.014112 Build time 0.49664
h_total: 0 output_estimate: 14680064 sg: 14
Probe Kernel time GPU: 0.349184 Transfer size: 0 sg: 14
Transfer Time : 0.006368 Group Kernel time CPU: 0.001024 sg = 14 non demand time = 0.45056
Probe time 0.47616
Merge time 0.370016
Result:
Res count = 0
Query Execution Time: 1.82365
CPU Time: 0.300832
GPU Time: 0.349184
Transfer Time: 0.008384
Malloc Time: 0.014272

33

 Query: 33 19920101 19971231
Query Prepare Time: 21.689
 Query Prepare Time using cpu 0.0216758

Query Optimization Time: 1.83501

s_suppkey
sg = 3
Filter Build Kernel time GPU: 0.026464 d_datekey
sg = 3
Filter Build Kernel time GPU: 0.023616 Build time 0.139264
h_total: 989217 output_estimate: 150994944 sg: 10
Probe Kernel time GPU: 3.187904 Transfer size: 989217 sg: 10
h_total: 0 output_estimate: 725614592 sg: 14
Probe Kernel time GPU: 16.212992 Transfer size: 0 sg: 14
Transfer Time : 0.001024 Transfer Time : 0.692224 Group Kernel time CPU: 0.005120 sg = 14 non demand time = 16.8714
Probe Group Kernel time CPU: 1.355776 sg = 10 non demand time = 21.4252
Probe time 21.4794
Merge time 0.265824
Result:
Res count = 0
Query Execution Time: 22.3658
CPU Time: 1.35578
GPU Time: 16.213
Transfer Time: 0.692224
Malloc Time: 0.015168

32

 Query: 32 19920101 19971231
Query Prepare Time: 23.5258
 Query Prepare Time using cpu 0.0235124

Query Optimization Time: 1.94234

s_suppkey
sg = 3
Filter Build Kernel time GPU: 0.025600 d_datekey
sg = 3
Filter Build Kernel time GPU: 0.021504 Build time 0.13504
h_total: 8988180 output_estimate: 150994944 sg: 10
Probe Kernel time GPU: 4.109248 Transfer size: 8988180 sg: 10
h_total: 0 output_estimate: 725614592 sg: 14
Probe Kernel time GPU: 17.703808 Transfer size: 0 sg: 14
Transfer Time : 0.001024 Transfer Time : 5.779296 Group Kernel time CPU: 0.005152 sg = 14 non demand time = 22.138
Probe Group Kernel time CPU: 6.470656 sg = 10 non demand time = 32.7045
Probe time 32.7772
Merge time 0.240416
Result:
Res count = 0
Query Execution Time: 33.6388
CPU Time: 6.47066
GPU Time: 17.7038
Transfer Time: 5.7793
Malloc Time: 0.008192

13

 Query: 13 19940204 19940210
Query Prepare Time: 0.343168
 Query Prepare Time using cpu 0.000341177

Query Optimization Time: 1.74285

d_datekey
sg = 3
Filter Build Kernel time GPU: 0.026624 Build time 0.068608
h_total: 0 output_estimate: 128688 sg: 30
Filter Probe Kernel time GPU: 0.276576 Transfer size: 0 sg: 30
Transfer Time : 0.009216 Aggr Kernel time CPU: 0.002048 sg = 30 non demand time = 0.57232
h_total: 171384 output_estimate: 386066 sg: 4
Filter Kernel time CPU: 0.755808 Transfer size: 171384 sg: 4
Transfer Time : 0.041760 h_total: 152125 output_estimate: 171384 sg: 4
Probe Kernel time GPU: 0.039136 Transfer size: 152125 sg: 4
Transfer Time : 0.089088 Aggr Kernel time CPU: 0.134176 sg = 4 non demand time = 1.17248
Probe time 1.20934
Merge time 0.001952
Result:
Res count = 0
Query Execution Time: 1.3295
CPU Time: 0.889984
GPU Time: 0.276576
Transfer Time: 0.130848
Malloc Time: 0.007232

21

 Query: 21 1 19981231
Query Prepare Time: 57.1085
 Query Prepare Time using cpu 0.0570445

Query Optimization Time: 2.04493

s_suppkey
sg = 3
Filter Build Kernel time GPU: 0.031744 p_partkey
sg = 3
Filter Build Kernel time GPU: 60.055714 d_datekey
sg = 1
Build Kernel time GPU: 46.601185 Build time 106.864
h_total: 818498273 output_estimate: 960495616 sg: 14
Probe Kernel time GPU: 112.461891 Transfer size: 818498273 sg: 14
Transfer Time : 506.663940 Group Kernel time CPU: 18452.634766 sg = 14 non demand time = 19071.9
Probe time 19072
Merge time 0.484832
Result:
Res count = 0
Query Execution Time: 19181.2
CPU Time: 18452.6
GPU Time: 112.462
Transfer Time: 506.664
Malloc Time: 0.002752

11

 Query: 11 19930101 19931231
Query Prepare Time: 0.132288
 Query Prepare Time using cpu 0.000130415

Query Optimization Time: 1.72646

d_datekey
sg = 3
Filter Build Kernel time GPU: 0.031872 Build time 0.079872
h_total: 0 output_estimate: 321722 sg: 30
Filter Probe Kernel time GPU: 0.121824 Transfer size: 0 sg: 30
Transfer Time : 0.004928 Aggr Kernel time CPU: 0.002048 sg = 30 non demand time = 0.285664
h_total: 70470315 output_estimate: 110100480 sg: 22
Filter Kernel time CPU: 9.417728 Transfer size: 70470315 sg: 22
Transfer Time : 10.557344 h_total: 19065074 output_estimate: 28828764 sg: 22
Filter Probe Kernel time GPU: 2.351968 Transfer size: 19065074 sg: 22
Transfer Time : 5.926048 Aggr Kernel time CPU: 5.637120 sg = 22 non demand time = 34.0367
Probe time 34.1187
Merge time 0.00304
Result:
Res count = 0
Query Execution Time: 34.2697
CPU Time: 15.0548
GPU Time: 2.35197
Transfer Time: 16.4834
Malloc Time: 0.006048

13

 Query: 13 19940204 19940210
Query Prepare Time: 0.110656
 Query Prepare Time using cpu 0.000108242

Query Optimization Time: 1.71418

d_datekey
sg = 3
Filter Build Kernel time GPU: 0.027648 Build time 0.070656
h_total: 0 output_estimate: 128688 sg: 30
Filter Probe Kernel time GPU: 0.109568 Transfer size: 0 sg: 30
Transfer Time : 0.005120 Aggr Kernel time CPU: 0.002048 sg = 30 non demand time = 0.274432
h_total: 171384 output_estimate: 386066 sg: 4
Filter Kernel time CPU: 0.397152 Transfer size: 171384 sg: 4
Transfer Time : 0.039136 h_total: 152125 output_estimate: 171384 sg: 4
Probe Kernel time GPU: 0.036768 Transfer size: 152125 sg: 4
Transfer Time : 0.068608 Aggr Kernel time CPU: 0.123712 sg = 4 non demand time = 0.775168
Probe time 0.816128
Merge time 0.00192
Result:
Res count = 0
Query Execution Time: 0.946848
CPU Time: 0.520864
GPU Time: 0.109568
Transfer Time: 0.107744
Malloc Time: 0.007168

21

 Query: 21 1 19981231
Query Prepare Time: 55.4402
 Query Prepare Time using cpu 0.0553758

Query Optimization Time: 2.00099

s_suppkey
sg = 3
Filter Build Kernel time GPU: 0.031744 p_partkey
sg = 3
Filter Build Kernel time GPU: 60.081154 d_datekey
sg = 1
Build Kernel time GPU: 46.613503 Build time 106.886
h_total: 818944380 output_estimate: 960495616 sg: 14
Probe Kernel time GPU: 113.488899 Transfer size: 818944380 sg: 14
Transfer Time : 506.632202 Group Kernel time CPU: 18405.791016 sg = 14 non demand time = 19026
Probe time 19026.1
Merge time 0.490368
Result:
Res count = 0
Query Execution Time: 19135.4
CPU Time: 18405.8
GPU Time: 113.489
Transfer Time: 506.632
Malloc Time: 0.003008

33

 Query: 33 19920101 19971231
Query Prepare Time: 23.0726
 Query Prepare Time using cpu 0.0230594

Query Optimization Time: 2.01523

s_suppkey
sg = 3
Filter Build Kernel time GPU: 0.027648 d_datekey
sg = 3
Filter Build Kernel time GPU: 0.021504 Build time 0.13504
h_total: 989217 output_estimate: 150994944 sg: 10
Probe Kernel time GPU: 3.366080 Transfer size: 989217 sg: 10
h_total: 0 output_estimate: 725614592 sg: 14
Probe Kernel time GPU: 17.269760 Transfer size: 0 sg: 14
Transfer Time : 0.672768 Transfer Time : 0.022496 Group Kernel time CPU: 0.001952 sg = 14 non demand time = 17.76
Probe Group Kernel time CPU: 1.065088 sg = 10 non demand time = 22.1798
Probe time 22.2341
Merge time 0.19408
Result:
Res count = 0
Query Execution Time: 23.0568
CPU Time: 1.06509
GPU Time: 17.2698
Transfer Time: 0.672768
Malloc Time: 0.027648

41

 Query: 41 19920101 19981231
Query Prepare Time: 42.5145
 Query Prepare Time using cpu 0.0425134

Query Optimization Time: 2.10013

s_suppkey
sg = 3
Filter Build Kernel time GPU: 0.027712 p_partkey
sg = 3
Filter Build Kernel time GPU: 31.707199 d_datekey
sg = 1
Build Kernel time GPU: 11.650144 Build time 43.5325
h_total: 34455032 output_estimate: 234881024 sg: 44
Probe Kernel time GPU: 10.080256 Transfer size: 34455032 sg: 44
h_total: 0 output_estimate: 725614592 sg: 60
Probe Kernel time GPU: 20.146175 Transfer size: 0 sg: 60
Transfer Time : 0.001024 Group Kernel time CPU: 0.001024 sg = 60 non demand time = Transfer Time : 27.195393 47.3999
Probe Group Kernel time CPU: 11.223968 sg = 44 non demand time = 68.7677
Probe time 68.8589
Merge time 0.005376
Result:
Res count = 0
Query Execution Time: 112.468
CPU Time: 11.224
GPU Time: 31.7349
Transfer Time: 27.1954
Malloc Time: 20.1083

12

 Query: 12 19940101 19940131
Query Prepare Time: 0.113504
 Query Prepare Time using cpu 0.000112057

Query Optimization Time: 1.85446

d_datekey
sg = 1
h_total: 31 output_estimate: 1048576 sg: 1
Filter Kernel time CPU: 0.149504 Transfer size: 31 sg: 1
Transfer Time: 0.01024 sg: 1
Build Kernel time GPU: 0.021632 Build time 0.272384
h_total: 0 output_estimate: 228780 sg: 30
Filter Probe Kernel time GPU: 0.379008 Transfer size: 0 sg: 30
Transfer Time : 0.006144 Aggr Kernel time CPU: 0.002048 sg = 30 non demand time = 0.705536
h_total: 3147770 output_estimate: 6291456 sg: 12
h_total: Filter Kernel time CPU: 1.410048 209714 output_estimate: 419430 sg: 22
Filter Kernel time CPU: 1.325056 Transfer size: 3147770 sg: 12
Transfer Time : 0.491520 Transfer size: 209714 sg: 22
Transfer Time : 0.166912 h_total: 624634 output_estimate: 1259108 sg: 12
Filter Probe Kernel time GPU: 0.202752 Transfer size: 624634 sg: 12
h_total: 49676 output_estimate: 114389 sg: 22
Filter Probe Kernel time GPU: 0.166912 Transfer Time : 0.225280 Transfer size: 49676 sg: 22
Transfer Time : 0.035840 Aggr Kernel time CPU: 0.501760 sg = 12 non demand time = 3.14778
Aggr Kernel time CPU: 0.448512 sg = 22 non demand time = 3.14874
Probe time 3.40256
Merge time 0.002464
Result:
Res count = 0
Query Execution Time: 3.73091
CPU Time: 1.91181
GPU Time: 0.379008
Transfer Time: 0.7168
Malloc Time: 0.073728

41

 Query: 41 19920101 19981231
Query Prepare Time: 42.3201
 Query Prepare Time using cpu 0.0423174

Query Optimization Time: 2.09408

s_suppkey
sg = 3
Filter Build Kernel time GPU: 0.027520 p_partkey
sg = 3
Filter Build Kernel time GPU: 31.710209 d_datekey
sg = 1
Build Kernel time GPU: 11.075616 Build time 42.9763
h_total: 34455032 output_estimate: 234881024 sg: 44
Probe Kernel time GPU: 9.925632 Transfer size: 34455032 sg: 44
h_total: 0 output_estimate: 725614592 sg: 60
Probe Kernel time GPU: 25.144320 Transfer size: 0 sg: 60
Transfer Time : 0.001024 Transfer Time : 27.186176 Group Kernel time CPU: 0.001024 sg = 60 non demand time = 46.8859
Probe Group Kernel time CPU: 13.710368 sg = 44 non demand time = 70.5434
Probe time 70.6222
Merge time 0.004288
Result:
Res count = 0
Query Execution Time: 113.666
CPU Time: 13.7104
GPU Time: 31.7377
Transfer Time: 27.1862
Malloc Time: 0.004096

12

 Query: 12 19940101 19940131
Query Prepare Time: 0.112864
 Query Prepare Time using cpu 0.000110149

Query Optimization Time: 1.86982

d_datekey
sg = 1
h_total: 31 output_estimate: 1048576 sg: 1
Filter Kernel time CPU: 0.189408 Transfer size: 31 sg: 1
Transfer Time: 0.01024 sg: 1
Build Kernel time GPU: 0.020480 Build time 0.31232
h_total: 0 output_estimate: 228780 sg: 30
Filter Probe Kernel time GPU: 0.428992 Transfer size: 0 sg: 30
Transfer Time : 0.009184 Aggr Kernel time CPU: 0.002048 sg = 30 non demand time = 0.78352
h_total: 3147770 output_estimate: 6291456 sg: 12
h_total: 209714 output_estimate: 419430 sg: 22
Filter Kernel time CPU: 1.778688 Transfer size: 209714 sg: 22
Filter Kernel time CPU: 1.880064 Transfer size: 3147770 sg: 12
Transfer Time : 0.056320 Transfer Time : 0.487424 h_total: 49676 output_estimate: 114389 sg: 22
Filter Probe Kernel time GPU: 0.231232 h_total: 624634 output_estimate: 1259108 sg: 12
Filter Probe Kernel time GPU: 0.217088 Transfer size: 49676 sg: 22
Transfer size: 624634 sg: 12
Transfer Time : 0.239616 Transfer Time : 0.246784 Aggr Kernel time CPU: 0.392000 sg = 22 non demand time = 3.712
Aggr Kernel time CPU: 0.507904 sg = 12 non demand time = 3.94861
Probe time 3.98643
Merge time 0.001952
Result:
Res count = 0
Query Execution Time: 4.35107
CPU Time: 2.38797
GPU Time: 0.428992
Transfer Time: 0.72704
Malloc Time: 0.051104

41

 Query: 41 19920101 19981231
Query Prepare Time: 42.6025
 Query Prepare Time using cpu 0.0426011

Query Optimization Time: 2.0911

s_suppkey
sg = 3
Filter Build Kernel time GPU: 0.028672 p_partkey
sg = 3
Filter Build Kernel time GPU: 31.704063 d_datekey
sg = 1
Build Kernel time GPU: 11.068288 Build time 42.9527
h_total: 34455032 output_estimate: 234881024 sg: 44
Probe Kernel time GPU: 9.924608 Transfer size: 34455032 sg: 44
Transfer Time : 31.040512 h_total: 0 output_estimate: 725614592 sg: 60
Probe Kernel time GPU: 20.115711 Transfer size: 0 sg: 60
Transfer Time : 0.009216 Group Kernel time CPU: 0.002048 sg = 60 non demand time = 31.3006
Probe Group Kernel time CPU: 13.809728 sg = 44 non demand time = 54.9161
Probe time 54.9919
Merge time 0.004096
Result:
Res count = 0
Query Execution Time: 98.0139
CPU Time: 13.8097
GPU Time: 31.7327
Transfer Time: 31.0405
Malloc Time: 0.004192

13

 Query: 13 19940204 19940210
Query Prepare Time: 0.122784
 Query Prepare Time using cpu 0.00012064

Query Optimization Time: 1.80224

d_datekey
sg = 3
Filter Build Kernel time GPU: 0.027648 Build time 0.072928
h_total: 0 output_estimate: 128688 sg: 30
Filter Probe Kernel time GPU: 0.288768 Transfer size: 0 sg: 30
Transfer Time : 0.009216 Aggr Kernel time CPU: 0.002048 sg = 30 non demand time = 0.58368
h_total: 171384 output_estimate: 386066 sg: 4
Filter Kernel time CPU: 0.824352 Transfer size: 171384 sg: 4
Transfer Time : 0.039936 h_total: 152125 output_estimate: 171384 sg: 4
Probe Kernel time GPU: 0.036864 Transfer size: 152125 sg: 4
Transfer Time : 0.065536 Aggr Kernel time CPU: 0.177984 sg = 4 non demand time = 1.26669
Probe time 1.3097
Merge time 0.002016
Result:
Res count = 0
Query Execution Time: 1.44829
CPU Time: 1.00234
GPU Time: 0.288768
Transfer Time: 0.105472
Malloc Time: 0.007168

43

 Query: 43 19970101 19981231
Query Prepare Time: 43.3685
 Query Prepare Time using cpu 0.0433121

Query Optimization Time: 1.9671

s_suppkey
sg = 3
Filter Build Kernel time GPU: 0.029888 d_datekey
sg = 3
Filter Build Kernel time GPU: 0.022528 Build time 0.143136
h_total: 0 output_estimate: 83886080 sg: 44
Probe Kernel time GPU: 1.921824 Transfer size: 0 sg: 44
Transfer Time : 0.005120 Probe Group Kernel time CPU: 0.001952 sg = 44 non demand time = 2.01626
h_total: 0 output_estimate: 147849216 sg: 60
Probe Kernel time GPU: 3.584096 Transfer size: 0 sg: 60
Transfer Time : 0.009152 Group Kernel time CPU: 0.002048 sg = 60 non demand time = 3.80746
Probe time 5.80915
Merge time 0.597472
Result:
Res count = 0
Query Execution Time: 8.33926
CPU Time: 0.002048
GPU Time: 3.5841
Transfer Time: 0.009152
Malloc Time: 0.009984

31

 Query: 31 19920101 19971231
Query Prepare Time: 20.9318
 Query Prepare Time using cpu 0.0209296

Query Optimization Time: 1.88605

s_suppkey
sg = 3
Filter Build Kernel time GPU: 0.031744 d_datekey
sg = 3
Filter Build Kernel time GPU: 0.023488 Build time 0.140288
h_total: 34676093 output_estimate: 150994944 sg: 10
Probe Kernel time GPU: 4.959232 Transfer size: 34676093 sg: 10
Transfer Time : 41.564034 h_total: 0 output_estimate: 725614592 sg: 14
Probe Kernel time GPU: 30.307360 Transfer size: 0 sg: 14
Transfer Time : 0.008192 Group Kernel time CPU: 0.002976 sg = 14 non demand time = 41.812
Probe Group Kernel time CPU: 16.436224 sg = 10 non demand time = 63.0835
Probe time 63.1561
Merge time 0.020768
Result:
Res count = 0
Query Execution Time: 63.3832
CPU Time: 16.4362
GPU Time: 30.3074
Transfer Time: 41.564
Malloc Time: 0.0048

21

 Query: 21 1 19981231
Query Prepare Time: 56.5106
 Query Prepare Time using cpu 0.0564466

Query Optimization Time: 2.08486

s_suppkey
sg = 3
Filter Build Kernel time GPU: 0.031744 p_partkey
sg = 3
Filter Build Kernel time GPU: 60.050430 d_datekey
sg = 1
Build Kernel time GPU: 46.585632 Build time 106.828
h_total: 818931999 output_estimate: 960495616 sg: 14
Probe Kernel time GPU: 112.524284 Transfer size: 818931999 sg: 14
Transfer Time : 506.920807 Group Kernel time CPU: 18423.343750 sg = 14 non demand time = 19042.9
Probe time 19043
Merge time 0.408416
Result:
Res count = 0
Query Execution Time: 19152.2
CPU Time: 18423.3
GPU Time: 112.524
Transfer Time: 506.921
Malloc Time: 0.004064

12

 Query: 12 19940101 19940131
Query Prepare Time: 0.112096
 Query Prepare Time using cpu 0.000110626

Query Optimization Time: 1.72749

d_datekey
sg = 1
h_total: 31 output_estimate: 1048576 sg: 1
Filter Kernel time CPU: 0.147488 Transfer size: 31 sg: 1
Transfer Time: 0.010368 sg: 1
Build Kernel time GPU: 0.020480 Build time 0.376736
h_total: 0 output_estimate: 228780 sg: 30
Filter Probe Kernel time GPU: 0.109568 Transfer size: 0 sg: 30
Transfer Time : 0.004224 Aggr Kernel time CPU: 0.001024 sg = 30 non demand time = 0.279552
h_total: 209714 output_estimate: 419430 sg: 22
Filter Kernel time CPU: 0.670720 Transfer size: 209714 sg: 22
Transfer Time : 0.047104 h_total: 49676 output_estimate: 114389 sg: 22
Filter Probe Kernel time GPU: 0.047104 Transfer size: 49676 sg: 22
Transfer Time : 0.036704 Aggr Kernel time CPU: 0.109536 sg = 22 non demand time = 1.1264
h_total: 3147770 output_estimate: 6291456 sg: 12
Filter Kernel time CPU: 1.067008 Transfer size: 3147770 sg: 12
Transfer Time : 0.484352 h_total: 624634 output_estimate: 1259108 sg: 12
Filter Probe Kernel time GPU: 0.185344 Transfer size: 624634 sg: 12
Transfer Time : 0.261120 Aggr Kernel time CPU: 0.633632 sg = 12 non demand time = 3.0167
Probe time 3.05766
Merge time 0.001696
Result:
Res count = 0
Query Execution Time: 3.51562
CPU Time: 1.70064
GPU Time: 0.185344
Transfer Time: 0.745472
Malloc Time: 0.028672

42

 Query: 42 19970101 19981231
Query Prepare Time: 42.2491
 Query Prepare Time using cpu 0.0422473

Query Optimization Time: 1.93126

s_suppkey
sg = 3
Filter Build Kernel time GPU: 0.032576 p_partkey
sg = 3
Filter Build Kernel time GPU: 60.236897 d_datekey
sg = 3
Filter Build Kernel time GPU: 0.029696 Build time 60.4633
h_total: 3994550 output_estimate: 83886080 sg: 44
Probe Kernel time GPU: 2.710528 Transfer size: 3994550 sg: 44
h_total: 0 output_estimate: 147849216 sg: 60
Probe Kernel time GPU: 4.490240 Transfer size: 0 sg: 60
Transfer Time : 0.001024 Group Kernel time CPU: 0.001024 Transfer Time : 3.276640 sg = 60 non demand time = 7.1936
Probe Group Kernel time CPU: 1.797120 sg = 44 non demand time = 11.7187
Probe time 11.7832
Merge time 0.014784
Result:
Res count = 0
Query Execution Time: 72.3317
CPU Time: 1.79712
GPU Time: 60.2992
Transfer Time: 3.27664
Malloc Time: 0.013472

13

 Query: 13 19940204 19940210
Query Prepare Time: 0.106656
 Query Prepare Time using cpu 0.000104666

Query Optimization Time: 1.72131

d_datekey
sg = 3
Filter Build Kernel time GPU: 0.026528 Build time 0.066688
h_total: 0 output_estimate: 128688 sg: 30
Filter Probe Kernel time GPU: 0.113664 Transfer size: 0 sg: 30
Transfer Time : 0.007168 Aggr Kernel time CPU: 0.001024 sg = 30 non demand time = 0.3072
h_total: 171384 output_estimate: 386066 sg: 4
Filter Kernel time CPU: 0.451584 Transfer size: 171384 sg: 4
Transfer Time : 0.039936 h_total: 152125 output_estimate: 171384 sg: 4
Probe Kernel time GPU: 0.036864 Transfer size: 152125 sg: 4
Transfer Time : 0.068608 Aggr Kernel time CPU: 0.123904 sg = 4 non demand time = 0.828416
Probe time 0.864032
Merge time 0.001952
Result:
Res count = 0
Query Execution Time: 0.98288
CPU Time: 0.575488
GPU Time: 0.113664
Transfer Time: 0.108544
Malloc Time: 0.008064

33

 Query: 33 19920101 19971231
Query Prepare Time: 24.338
 Query Prepare Time using cpu 0.0243256

Query Optimization Time: 2.0183

s_suppkey
sg = 3
Filter Build Kernel time GPU: 0.025600 d_datekey
sg = 3
Filter Build Kernel time GPU: 0.020672 Build time 0.13504
h_total: 989217 output_estimate: 150994944 sg: 10
Probe Kernel time GPU: 3.358816 Transfer size: 989217 sg: 10
h_total: 0 output_estimate: 725614592 sg: 14
Probe Kernel time GPU: 16.862207 Transfer size: 0 sg: 14
Transfer Time : 0.001824 Group Kernel time CPU: 0.001024 Transfer Time : 0.691200 sg = 14 non demand time = 17.6374
Probe Group Kernel time CPU: 1.358848 sg = 10 non demand time = 22.3816
Probe time 22.4327
Merge time 0.241632
Result:
Res count = 0
Query Execution Time: 23.305
CPU Time: 1.35885
GPU Time: 16.8622
Transfer Time: 0.6912
Malloc Time: 16.8223

32

 Query: 32 19920101 19971231
Query Prepare Time: 23.8152
 Query Prepare Time using cpu 0.0238016

Query Optimization Time: 1.97347

s_suppkey
sg = 3
Filter Build Kernel time GPU: 0.025600 d_datekey
sg = 3
Filter Build Kernel time GPU: 0.020544 Build time 0.138304
h_total: 8988180 output_estimate: 150994944 sg: 10
Probe Kernel time GPU: 4.291552 Transfer size: 8988180 sg: 10
h_total: 0 output_estimate: 725614592 sg: 14
Probe Kernel time GPU: 19.949568 Transfer size: 0 sg: 14
Transfer Time : 5.788672 Transfer Time : 0.025600 Group Kernel time CPU: 0.001952 sg = 14 non demand time = 22.9682
Probe Group Kernel time CPU: 6.439072 sg = 10 non demand time = 33.6783
Probe time 33.751
Merge time 0.204192
Result:
Res count = 0
Query Execution Time: 34.592
CPU Time: 6.43907
GPU Time: 19.9496
Transfer Time: 5.78867
Malloc Time: 0.027424

42

 Query: 42 19970101 19981231
Query Prepare Time: 43.1008
 Query Prepare Time using cpu 0.0430984

Query Optimization Time: 2.10842

s_suppkey
sg = 3
Filter Build Kernel time GPU: 0.032768 p_partkey
sg = 3
Filter Build Kernel time GPU: 60.186623 d_datekey
sg = 3
Filter Build Kernel time GPU: 0.027648 Build time 60.415
h_total: 3994550 output_estimate: 83886080 sg: 44
Probe Kernel time GPU: 2.706432 Transfer size: 3994550 sg: 44
h_total: 0 output_estimate: 147849216 sg: 60
Probe Kernel time GPU: 4.501504 Transfer size: 0 sg: 60
Transfer Time : 0.001024 Group Kernel time CPU: 0.001024 Transfer Time : 3.268608 sg = 60 non demand time = 7.18438
Probe Group Kernel time CPU: 2.502656 sg = 44 non demand time = 12.4324
Probe time 12.5029
Merge time 0.028064
Result:
Res count = 0
Query Execution Time: 73.0059
CPU Time: 2.50266
GPU Time: 60.247
Transfer Time: 3.26861
Malloc Time: 0.007168

31

 Query: 31 19920101 19971231
Query Prepare Time: 20.8679
 Query Prepare Time using cpu 0.0208645

Query Optimization Time: 2.02742

s_suppkey
sg = 3
Filter Build Kernel time GPU: 0.031904 d_datekey
sg = 3
Filter Build Kernel time GPU: 0.022528 Build time 0.140384
h_total: 34676093 output_estimate: 150994944 sg: 10
Probe Kernel time GPU: 5.087232 Transfer size: 34676093 sg: 10
h_total: 0 output_estimate: 725614592 sg: 14
Probe Kernel time GPU: 35.693569 Transfer size: 0 sg: 14
Transfer Time : 0.001024 Transfer Time : 21.888000 Group Kernel time CPU: 0.002176 sg = 14 non demand time = 52.1789
Probe Group Kernel time CPU: 16.097088 sg = 10 non demand time = 73.2795
Probe time 73.3596
Merge time 0.0208
Result:
Res count = 0
Query Execution Time: 73.5842
CPU Time: 16.0971
GPU Time: 35.6936
Transfer Time: 21.888
Malloc Time: 0.007904

11

 Query: 11 19930101 19931231
Query Prepare Time: 0.355648
 Query Prepare Time using cpu 0.000350952

Query Optimization Time: 1.84832

d_datekey
sg = 3
Filter Build Kernel time GPU: 0.032768 Build time 0.082112
h_total: 0 output_estimate: 321722 sg: 30
Filter Probe Kernel time GPU: 0.280768 Transfer size: 0 sg: 30
Transfer Time : 0.008960 Aggr Kernel time CPU: 0.003072 sg = 30 non demand time = 0.523264
h_total: 70470315 output_estimate: 110100480 sg: 22
Filter Kernel time CPU: 18.532352 Transfer size: 70470315 sg: 22
Transfer Time : 10.551520 h_total: 19065074 output_estimate: 28828764 sg: 22
Filter Probe Kernel time GPU: 2.349120 Transfer size: 19065074 sg: 22
Transfer Time : 5.919744 Aggr Kernel time CPU: 6.080544 sg = 22 non demand time = 43.5569
Probe time 43.6429
Merge time 0.00384
Result:
Res count = 0
Query Execution Time: 43.7914
CPU Time: 24.6129
GPU Time: 2.34912
Transfer Time: 16.4713
Malloc Time: 0.008128

34

 Query: 34 19971201 19971231
Query Prepare Time: 21.2205
 Query Prepare Time using cpu 0.0212066

Query Optimization Time: 2.00397

s_suppkey
sg = 3
Filter Build Kernel time GPU: 0.027680 d_datekey
sg = 1
h_total: 31 output_estimate: 1048576 sg: 1
Filter Kernel time CPU: 0.407552 Transfer size: 31 sg: 1
Transfer Time: 0.009216 sg: 1
Build Kernel time GPU: 0.013312 Build time 0.585728
h_total: 0 output_estimate: 14680064 sg: 14
Probe Kernel time GPU: 0.347232 Transfer size: 0 sg: 14
Transfer Time : 0.004000 Group Kernel time CPU: 0.001024 sg = 14 non demand time = 0.434176
Probe time 0.453824
Merge time 0.292512
Result:
Res count = 0
Query Execution Time: 1.80826
CPU Time: 0.407552
GPU Time: 0.347232
Transfer Time: 0.009216
Malloc Time: 0.011488

11

 Query: 11 19930101 19931231
Query Prepare Time: 0.091424
 Query Prepare Time using cpu 8.98838e-05

Query Optimization Time: 1.67117

d_datekey
sg = 3
Filter Build Kernel time GPU: 0.027392 Build time 0.070528
h_total: 0 output_estimate: 321722 sg: 30
Filter Probe Kernel time GPU: 0.129024 Transfer size: 0 sg: 30
Transfer Time : 0.008288 Aggr Kernel time CPU: 0.002048 sg = 30 non demand time = 0.336768
h_total: 70470315 output_estimate: 110100480 sg: 22
Filter Kernel time CPU: 18.188288 Transfer size: 70470315 sg: 22
Transfer Time : 10.554560 h_total: 19065074 output_estimate: 28828764 sg: 22
Filter Probe Kernel time GPU: 2.345984 Transfer size: 19065074 sg: 22
Transfer Time : 5.920768 Aggr Kernel time CPU: 5.736448 sg = 22 non demand time = 42.8904
Probe time 42.9681
Merge time 0.002528
Result:
Res count = 0
Query Execution Time: 43.098
CPU Time: 23.9247
GPU Time: 2.34598
Transfer Time: 16.4753
Malloc Time: 0.008096

21

 Query: 21 1 19981231
Query Prepare Time: 55.496
 Query Prepare Time using cpu 0.0554295

Query Optimization Time: 2.09411

s_suppkey
sg = 3
Filter Build Kernel time GPU: 0.031552 p_partkey
sg = 3
Filter Build Kernel time GPU: 60.086239 d_datekey
sg = 1
Build Kernel time GPU: 46.603008 Build time 106.878
h_total: 818426588 output_estimate: 960495616 sg: 14
Probe Kernel time GPU: 112.345085 Transfer size: 818426588 sg: 14
Transfer Time : 506.306580 Group Kernel time CPU: 18438.251953 sg = 14 non demand time = 19057
Probe time 19057.1
Merge time 0.499744
Result:
Res count = 0
Query Execution Time: 19166.5
CPU Time: 18438.3
GPU Time: 112.345
Transfer Time: 506.307
Malloc Time: 0.004768

12

 Query: 12 19940101 19940131
Query Prepare Time: 0.122656
 Query Prepare Time using cpu 0.000119925

Query Optimization Time: 1.78698

d_datekey
sg = 1
h_total: 31 output_estimate: 1048576 sg: 1
Filter Kernel time CPU: 0.123904 Transfer size: 31 sg: 1
Transfer Time: 0.011264 sg: 1
Build Kernel time GPU: 0.019584 Build time 0.265216
h_total: 0 output_estimate: 228780 sg: 30
Filter Probe Kernel time GPU: 0.188416 Transfer size: 0 sg: 30
Transfer Time : 0.004224 Aggr Kernel time CPU: 0.002048 sg = 30 non demand time = 0.44544
h_total: h_total: 3147770 output_estimate: 2097146291456 sg: 12
 output_estimate: Filter Kernel time CPU: 0.996128 419430 sg: 22
Filter Kernel time CPU: 0.907488 Transfer size: 3147770 sg: 12
Transfer size: 209714 sg: 22
Transfer Time : 0.533472 Transfer Time : 0.049152 h_total: 624634 output_estimate: 1259108 sg: 12
h_total: 49676 output_estimate: 114389 sg: 22
Filter Probe Kernel time GPU: 0.201632 Filter Probe Kernel time GPU: 0.039712 Transfer size: 49676 sg: 22
Transfer size: 624634 sg: 12
Transfer Time : 0.278528 Transfer Time : 0.257824 Aggr Kernel time CPU: 0.331776 sg = 22 non demand time = 2.61222
Aggr Kernel time CPU: 0.520032 sg = 12 non demand time = 2.83136
Probe time 2.87027
Merge time 0.00208
Result:
Res count = 0
Query Execution Time: 3.1905
CPU Time: 1.51616
GPU Time: 0.201632
Transfer Time: 0.791296
Malloc Time: 0.017408

41

 Query: 41 19920101 19981231
Query Prepare Time: 46.7165
 Query Prepare Time using cpu 0.0467136

Query Optimization Time: 2.0183

s_suppkey
sg = 3
Filter Build Kernel time GPU: 0.027552 p_partkey
sg = 3
Filter Build Kernel time GPU: 31.724545 d_datekey
sg = 1
Build Kernel time GPU: 11.659104 Build time 43.562
h_total: 34455032 output_estimate: 234881024 sg: 44
Probe Kernel time GPU: 10.082304 Transfer size: 34455032 sg: 44
h_total: 0 output_estimate: 725614592 sg: 60
Probe Kernel time GPU: 25.675743 Transfer size: 0 sg: 60
Transfer Time : 0.001024 Group Kernel time CPU: 0.001024 Transfer Time : 27.198463 sg = 60 non demand time = 47.4266
Probe Group Kernel time CPU: 10.434560 sg = 44 non demand time = 67.9834
Probe time 68.0817
Merge time 0.005472
Result:
Res count = 0
Query Execution Time: 111.725
CPU Time: 10.4346
GPU Time: 31.7521
Transfer Time: 27.1985
Malloc Time: 20.1175

12

 Query: 12 19940101 19940131
Query Prepare Time: 0.111808
 Query Prepare Time using cpu 0.000109434

Query Optimization Time: 1.7879

d_datekey
sg = 1
h_total: 31 output_estimate: 1048576 sg: 1
Filter Kernel time CPU: 0.138016 Transfer size: 31 sg: 1
Transfer Time: 0.01024 sg: 1
Build Kernel time GPU: 0.020640 Build time 0.262368
h_total: 209714 output_estimate: 419430 sg: 22
Filter Kernel time CPU: 1.169408 h_total: 3147770 output_estimate: 6291456 sg: 12
Filter Kernel time CPU: 1.409024 h_total: 0 output_estimate: 228780 sg: 30
Transfer size: 3147770 sg: 12
Filter Probe Kernel time GPU: 0.112736 Transfer size: Transfer size: 0 sg: 30
209714 sg: 22
Transfer Time : 0.004096 Transfer Time : 0.494432 Aggr Kernel time CPU: 0.001024 Transfer Time : 0.073728 sg = 30 non demand time = 0.826368
h_total: 624634 output_estimate: 1259108 sg: 12
Filter Probe Kernel time GPU: 0.195584 Transfer size: 624634 sg: 12
h_total: 49676 output_estimate: 114389 sg: 22
Filter Probe Kernel time GPU: 0.183520 Transfer Time : 0.234496 Transfer size: 49676 sg: 22
Transfer Time : 0.033856 Aggr Kernel time CPU: 0.405504 Aggr Kernel time CPU: 0.479232 sg = 22 non demand time = 3.00029
sg = 12 non demand time = 3.15491
Probe time 3.33005
Merge time 0.002144
Result:
Res count = 0
Query Execution Time: 3.65459
CPU Time: 1.88826
GPU Time: 0.195584
Transfer Time: 0.728928
Malloc Time: 0.017408

34

 Query: 34 19971201 19971231
Query Prepare Time: 21.7183
 Query Prepare Time using cpu 0.0217056

Query Optimization Time: 1.90042

s_suppkey
sg = 3
Filter Build Kernel time GPU: 0.024576 d_datekey
sg = 1
h_total: 31 output_estimate: 1048576 sg: 1
Filter Kernel time CPU: 0.320512 Transfer size: 31 sg: 1
Transfer Time: 0.009024 sg: 1
Build Kernel time GPU: 0.012352 Build time 0.492704
h_total: 0 output_estimate: 14680064 sg: 14
Probe Kernel time GPU: 0.364448 Transfer size: 0 sg: 14
Transfer Time : 0.004096 Group Kernel time CPU: 0.002048 sg = 14 non demand time = 0.453632
Probe time 0.475136
Merge time 0.230944
Result:
Res count = 0
Query Execution Time: 1.67424
CPU Time: 0.320512
GPU Time: 0.364448
Transfer Time: 0.009024
Malloc Time: 0.011488

31

 Query: 31 19920101 19971231
Query Prepare Time: 20.8862
 Query Prepare Time using cpu 0.020884

Query Optimization Time: 1.86573

s_suppkey
sg = 3
Filter Build Kernel time GPU: 0.030880 d_datekey
sg = 3
Filter Build Kernel time GPU: 0.022528 Build time 0.150624
h_total: 34676093 output_estimate: 150994944 sg: 10
Probe Kernel time GPU: 5.229568 Transfer size: 34676093 sg: 10
h_total: 0 output_estimate: 725614592 sg: 14
Probe Kernel time GPU: 41.229313 Transfer size: 0Transfer Time : 21.926975  sg: 14
Transfer Time : 0.009216 Group Kernel time CPU: 0.001824 sg = 14 non demand time = 52.1985
Probe Group Kernel time CPU: 15.657984 sg = 10 non demand time = 73.0448
Probe time 73.1392
Merge time 0.035392
Result:
Res count = 0
Query Execution Time: 73.3909
CPU Time: 15.658
GPU Time: 41.2293
Transfer Time: 21.927
Malloc Time: 0.03072

21

 Query: 21 1 19981231
Query Prepare Time: 57.0552
 Query Prepare Time using cpu 0.0569897

Query Optimization Time: 2.16576

s_suppkey
sg = 3
Filter Build Kernel time GPU: 0.032640 p_partkey
sg = 3
Filter Build Kernel time GPU: 60.038048 d_datekey
sg = 1
Build Kernel time GPU: 46.600384 Build time 106.834
h_total: 818407247 output_estimate: 960495616 sg: 14
Probe Kernel time GPU: 113.552383 Transfer size: 818407247 sg: 14
Transfer Time : 506.599426 Group Kernel time CPU: 18447.501953 sg = 14 non demand time = 19067.8
Probe time 19067.9
Merge time 0.477696
Result:
Res count = 0
Query Execution Time: 19177.2
CPU Time: 18447.5
GPU Time: 113.552
Transfer Time: 506.599
Malloc Time: 0.00432

12

 Query: 12 19940101 19940131
Query Prepare Time: 0.138496
 Query Prepare Time using cpu 0.000136614

Query Optimization Time: 1.7367

d_datekey
sg = 1
h_total: 31 output_estimate: 1048576 sg: 1
Filter Kernel time CPU: 0.122880 Transfer size: 31 sg: 1
Transfer Time: 0.011264 sg: 1
Build Kernel time GPU: 0.020576 Build time 0.259168
h_total: 0 output_estimate: 228780 sg: 30
Filter Probe Kernel time GPU: 0.111648 Transfer size: 0 sg: 30
Transfer Time : 0.004096 Aggr Kernel time CPU: 0.001024 sg = 30 non demand time = 0.288768
h_total: h_total: 209714 output_estimate: 3147770419430 sg: 22 output_estimate: 6291456 sg: 12

Filter Kernel time CPU: 0.986112 Transfer size: 3147770 sg: 12
Transfer Time : 0.487424 Filter Kernel time CPU: 1.381472 Transfer size: 209714 sg: 22
h_total: 624634 output_estimate: 1259108 sg: 12
Filter Probe Kernel time GPU: 0.252928 Transfer Time : 0.049152 Transfer size: 624634 sg: 12
h_total: 49676 output_estimate: 114389 sg: 22
Filter Probe Kernel time GPU: 0.263168 Transfer Time : 0.262144 Transfer size: 49676 sg: 22
Transfer Time : 0.036864 Aggr Kernel time CPU: 0.399360 sg = 22 non demand time = 2.62042
Aggr Kernel time CPU: 0.497664 sg = 12 non demand time = 2.74739
Probe time 2.78938
Merge time 0.003392
Result:
Res count = 0
Query Execution Time: 3.11005
CPU Time: 1.78083
GPU Time: 0.263168
Transfer Time: 0.749568
Malloc Time: 0.02784

31

 Query: 31 19920101 19971231
Query Prepare Time: 21.2998
 Query Prepare Time using cpu 0.0212975

Query Optimization Time: 1.81562

s_suppkey
sg = 3
Filter Build Kernel time GPU: 0.034720 d_datekey
sg = 3
Filter Build Kernel time GPU: 0.025600 Build time 0.162816
h_total: 34676093 output_estimate: 150994944 sg: 10
Probe Kernel time GPU: 5.223424 Transfer size: 34676093 sg: 10
h_total: 0 output_estimate: 725614592 sg: 14
Probe Kernel time GPU: 30.127136 Transfer size: 0 sg: 14
Transfer Time : 0.001824 Group Kernel time CPU: 0.001024 Transfer Time : 21.933887 sg = 14 non demand time = 52.1175
Probe Group Kernel time CPU: 12.329024 sg = 10 non demand time = 69.7088
Probe time 69.7948
Merge time 0.022496
Result:
Res count = 0
Query Execution Time: 70.0566
CPU Time: 12.329
GPU Time: 30.1271
Transfer Time: 21.9339
Malloc Time: 0.00512

23

 Query: 23 1 19981231
Query Prepare Time: 55.8743
 Query Prepare Time using cpu 0.0558088

Query Optimization Time: 2.084

s_suppkey
sg = 3
Filter Build Kernel time GPU: 0.031584 d_datekey
sg = 1
Build Kernel time GPU: 95.568962 Build time 95.7317
h_total: 0 output_estimate: 960495616 sg: 14
Probe Kernel time GPU: 26.630144 Transfer size: 0 sg: 14
Transfer Time : 0.006080 Group Kernel time CPU: 0.001024 sg = 14 non demand time = 26.7622
Probe time 26.803
Merge time 0.597664
Result:
Res count = 0
Query Execution Time: 125.176
CPU Time: 0.001024
GPU Time: 95.569
Transfer Time: 0.00608
Malloc Time: 0.003232

23

 Query: 23 1 19981231
Query Prepare Time: 55.6362
 Query Prepare Time using cpu 0.0555711

Query Optimization Time: 2.01626

s_suppkey
sg = 3
Filter Build Kernel time GPU: 0.029696 d_datekey
sg = 1
Build Kernel time GPU: 95.538368 Build time 95.6959
h_total: 0 output_estimate: 960495616 sg: 14
Probe Kernel time GPU: 26.637312 Transfer size: 0 sg: 14
Transfer Time : 0.006144 Group Kernel time CPU: 0.001024 sg = 14 non demand time = 26.7643
Probe time 26.8051
Merge time 0.56496
Result:
Res count = 0
Query Execution Time: 125.094
CPU Time: 0.001024
GPU Time: 95.5384
Transfer Time: 0.006144
Malloc Time: 0.004448

22

 Query: 22 1 19981231
Query Prepare Time: 56.6276
 Query Prepare Time using cpu 0.0565622

Query Optimization Time: 2.03162

s_suppkey
sg = 3
Filter Build Kernel time GPU: 0.030720 d_datekey
sg = 1
Build Kernel time GPU: 95.535103 Build time 95.6938
h_total: 0 output_estimate: 960495616 sg: 14
Probe Kernel time GPU: 61.906113 Transfer size: 0 sg: 14
Transfer Time : 0.006176 Group Kernel time CPU: 0.002048 sg = 14 non demand time = 62.0393
Probe time 62.084
Merge time 0.65088
Result:
Res count = 0
Query Execution Time: 160.458
CPU Time: 0.002048
GPU Time: 95.5351
Transfer Time: 0.006176
Malloc Time: 0.004096

23

 Query: 23 1 19981231
Query Prepare Time: 60.4166
 Query Prepare Time using cpu 0.0603514

Query Optimization Time: 2.05398

s_suppkey
sg = 3
Filter Build Kernel time GPU: 0.031744 d_datekey
sg = 1
Build Kernel time GPU: 95.561760 Build time 95.7225
h_total: 0 output_estimate: 960495616 sg: 14
Probe Kernel time GPU: 26.637312 Transfer size: 0 sg: 14
Transfer Time : 0.007168 Group Kernel time CPU: 0.001024 sg = 14 non demand time = 26.7714
Probe time 26.8104
Merge time 0.730016
Result:
Res count = 0
Query Execution Time: 125.295
CPU Time: 0.001024
GPU Time: 95.5618
Transfer Time: 0.007168
Malloc Time: 0.004256

31

 Query: 31 19920101 19971231
Query Prepare Time: 21.3799
 Query Prepare Time using cpu 0.0213771

Query Optimization Time: 1.86454

s_suppkey
sg = 3
Filter Build Kernel time GPU: 0.032960 d_datekey
sg = 3
Filter Build Kernel time GPU: 0.023488 Build time 0.144384
h_total: 34676093 output_estimate: 150994944 sg: 10
Probe Kernel time GPU: 4.961472 Transfer size: 34676093 sg: 10
h_total: 0 output_estimate: 725614592 sg: 14
Probe Kernel time GPU: 35.668961 Transfer size: 0 sg: 14
Transfer Time : 0.001024 Transfer Time : 21.879808 Group Kernel time CPU: 0.002048 sg = 14 non demand time = 52.096
Probe Group Kernel time CPU: 16.091137 sg = 10 non demand time = 73.1903
Probe time 73.2723
Merge time 0.033216
Result:
Res count = 0
Query Execution Time: 73.5369
CPU Time: 16.0911
GPU Time: 35.669
Transfer Time: 21.8798
Malloc Time: 0.004096

12

 Query: 12 19940101 19940131
Query Prepare Time: 0.363296
 Query Prepare Time using cpu 0.00036025

Query Optimization Time: 1.77446

d_datekey
sg = 1
h_total: 31 output_estimate: 1048576 sg: 1
Filter Kernel time CPU: 0.195808 Transfer size: 31 sg: 1
Transfer Time: 0.010112 sg: 1
Build Kernel time GPU: 0.020544 Build time 0.327744
h_total: 0 output_estimate: 228780 sg: 30
Filter Probe Kernel time GPU: 0.275456 Transfer size: 0 sg: 30
Transfer Time : 0.009216 Aggr Kernel time CPU: 0.003072 sg = 30 non demand time = 0.744352
h_total: 3147770 output_estimate: 6291456 sg: 12
Filter Kernel time CPU: 1.777664 Transfer size: 3147770 sg: 12
h_total: 209714 output_estimate: 419430 sg: 22
Transfer Time : 0.490368 Filter Kernel time CPU: 0.001888 Transfer size: 209714 sg: 22
h_total: 624634 output_estimate: 1259108 sg: 12
Filter Probe Kernel time GPU: 0.253952 Transfer Time : 0.053248 Transfer size: 624634 sg: 12
h_total: 49676 output_estimate: 114389 sg: 22
Filter Probe Kernel time GPU: 0.223232 Transfer Time : 0.224384 Transfer size: 49676 sg: 22
Transfer Time : 0.036864 Aggr Kernel time CPU: 0.434240 sg = 22 non demand time = 3.35578
Aggr Kernel time CPU: 0.550944 sg = 12 non demand time = 3.84534
Probe time 3.88611
Merge time 0.00336
Result:
Res count = 0
Query Execution Time: 4.27171
CPU Time: 2.32861
GPU Time: 0.275456
Transfer Time: 0.714752
Malloc Time: 0.142368

33

 Query: 33 19920101 19971231
Query Prepare Time: 22.4762
 Query Prepare Time using cpu 0.0224633

Query Optimization Time: 1.90669

s_suppkey
sg = 3
Filter Build Kernel time GPU: 0.025408 d_datekey
sg = 3
Filter Build Kernel time GPU: 0.021440 Build time 0.130048
h_total: 989217 output_estimate: 150994944 sg: 10
Probe Kernel time GPU: 3.209152 Transfer size: 989217 sg: 10
h_total: 0 output_estimate: 725614592 sg: 14
Probe Kernel time GPU: 16.064512 Transfer size: 0 sg: 14
Transfer Time : 0.001024 Group Kernel time CPU: 0.001024 Transfer Time : 0.682176 sg = 14 non demand time = 16.8172
Probe Group Kernel time CPU: 1.359872 sg = 10 non demand time = 21.4036
Probe time 21.4661
Merge time 0.207008
Result:
Res count = 0
Query Execution Time: 22.2998
CPU Time: 1.35987
GPU Time: 16.0645
Transfer Time: 0.682176
Malloc Time: 0.008352

23

 Query: 23 1 19981231
Query Prepare Time: 56.481
 Query Prepare Time using cpu 0.0564158

Query Optimization Time: 2.03677

s_suppkey
sg = 3
Filter Build Kernel time GPU: 0.029632 d_datekey
sg = 1
Build Kernel time GPU: 95.599617 Build time 95.7459
h_total: 0 output_estimate: 960495616 sg: 14
Probe Kernel time GPU: 26.632193 Transfer size: 0 sg: 14
Transfer Time : 0.004096 Group Kernel time CPU: 0.001024 sg = 14 non demand time = 26.754
Probe time 26.7836
Merge time 0.669568
Result:
Res count = 0
Query Execution Time: 125.217
CPU Time: 0.001024
GPU Time: 95.5996
Transfer Time: 0.004096
Malloc Time: 0.004192

31

 Query: 31 19920101 19971231
Query Prepare Time: 21.1633
 Query Prepare Time using cpu 0.0211611

Query Optimization Time: 1.82374

s_suppkey
sg = 3
Filter Build Kernel time GPU: 0.031744 d_datekey
sg = 3
Filter Build Kernel time GPU: 0.022528 Build time 0.142336
h_total: 34676093 output_estimate: 150994944 sg: 10
Probe Kernel time GPU: 4.957984 Transfer size: 34676093 sg: 10
h_total: 0 output_estimate: 725614592 sg: 14
Probe Kernel time GPU: 41.161537 Transfer size: 0 sg: 14Transfer Time : 21.878784 
Transfer Time : 0.009216 Group Kernel time CPU: 0.002048 sg = 14 non demand time = 52.1361
Probe Group Kernel time CPU: 16.136192 sg = 10 non demand time = 73.2039
Probe time 73.2805
Merge time 0.03248
Result:
Res count = 0
Query Execution Time: 73.5222
CPU Time: 16.1362
GPU Time: 41.1615
Transfer Time: 21.8788
Malloc Time: 0.027648

34

 Query: 34 19971201 19971231
Query Prepare Time: 23.3093
 Query Prepare Time using cpu 0.0232961

Query Optimization Time: 1.95379

s_suppkey
sg = 3
Filter Build Kernel time GPU: 0.025600 d_datekey
sg = 1
h_total: 31 output_estimate: 1048576 sg: 1
Filter Kernel time CPU: 0.317280 Transfer size: 31 sg: 1
Transfer Time: 0.008192 sg: 1
Build Kernel time GPU: 0.013312 Build time 0.498688
h_total: 0 output_estimate: 14680064 sg: 14
Probe Kernel time GPU: 0.348160 Transfer size: 0 sg: 14
Transfer Time : 0.004096 Group Kernel time CPU: 0.001856 sg = 14 non demand time = 0.440384
Probe time 0.462848
Merge time 0.42752
Result:
Res count = 0
Query Execution Time: 1.86381
CPU Time: 0.31728
GPU Time: 0.34816
Transfer Time: 0.008192
Malloc Time: 0.01312

11

 Query: 11 19930101 19931231
Query Prepare Time: 0.0904
 Query Prepare Time using cpu 8.89301e-05

Query Optimization Time: 1.53088

d_datekey
sg = 3
Filter Build Kernel time GPU: 0.026624 Build time 0.067584
h_total: 0 output_estimate: 321722 sg: 30
Filter Probe Kernel time GPU: 0.288768 Transfer size: 0 sg: 30
Transfer Time : 0.009216 Aggr Kernel time CPU: 0.002240 sg = 30 non demand time = 0.594944
h_total: 70470315 output_estimate: 110100480 sg: 22
Filter Kernel time CPU: 18.245760 Transfer size: 70470315 sg: 22
Transfer Time : 10.555392 h_total: 19065074 output_estimate: 28828764 sg: 22
Filter Probe Kernel time GPU: 2.358496 Transfer size: 19065074 sg: 22
Transfer Time : 5.920768 Aggr Kernel time CPU: 5.828704 sg = 22 non demand time = 43.0716
Probe time 43.1616
Merge time 0.004128
Result:
Res count = 0
Query Execution Time: 43.3237
CPU Time: 24.0745
GPU Time: 2.3585
Transfer Time: 16.4762
Malloc Time: 0.010432

42

 Query: 42 19970101 19981231
Query Prepare Time: 42.1382
 Query Prepare Time using cpu 0.0421362

Query Optimization Time: 2.01216

s_suppkey
sg = 3
Filter Build Kernel time GPU: 0.033024 p_partkey
sg = 3
Filter Build Kernel time GPU: 60.147713 d_datekey
sg = 3
Filter Build Kernel time GPU: 0.028640 Build time 60.3791
h_total: 3994550 output_estimate: 83886080 sg: 44
Probe Kernel time GPU: 2.599936 Transfer size: 3994550 sg: 44
h_total: 0 output_estimate: 147849216 sg: 60
Probe Kernel time GPU: 4.951840 Transfer size: 0 sg: 60
Transfer Time : 0.001024 Transfer Time : 3.266560 Group Kernel time CPU: 0.002048 sg = 60 non demand time = 7.02157
Probe Group Kernel time CPU: 2.397152 sg = 44 non demand time = 12.0658
Probe time 12.1446
Merge time 0.018112
Result:
Res count = 0
Query Execution Time: 72.6091
CPU Time: 2.39715
GPU Time: 60.2094
Transfer Time: 3.26656
Malloc Time: 0.004896

41

 Query: 41 19920101 19981231
Query Prepare Time: 42.6066
 Query Prepare Time using cpu 0.0426047

Query Optimization Time: 2.04083

s_suppkey
sg = 3
Filter Build Kernel time GPU: 0.027648 p_partkey
sg = 3
Filter Build Kernel time GPU: 31.696096 d_datekey
sg = 1
Build Kernel time GPU: 11.069440 Build time 42.9455
h_total: 34455032 output_estimate: 234881024 sg: 44
Probe Kernel time GPU: 9.922560 Transfer size: 34455032 sg: 44
h_total: 0 output_estimate: 725614592 sg: 60
Probe Kernel time GPU: 25.271233 Transfer size: 0 sg: 60
Transfer Time : 0.001024 Group Kernel time CPU: 0.001024 Transfer Time : 27.171713 sg = 60 non demand time = 46.9975
Probe Group Kernel time CPU: 13.719552 sg = 44 non demand time = 70.6818
Probe time 70.7645
Merge time 0.00448
Result:
Res count = 0
Query Execution Time: 113.788
CPU Time: 13.7196
GPU Time: 31.7237
Transfer Time: 27.1717
Malloc Time: 0.029792

42

 Query: 42 19970101 19981231
Query Prepare Time: 42.5797
 Query Prepare Time using cpu 0.0425768

Query Optimization Time: 1.98573

s_suppkey
sg = 3
Filter Build Kernel time GPU: 0.034656 p_partkey
sg = 3
Filter Build Kernel time GPU: 60.184574 d_datekey
sg = 3
Filter Build Kernel time GPU: 0.029696 Build time 60.4191
h_total: 3994550 output_estimate: 83886080 sg: 44
Probe Kernel time GPU: 2.628608 Transfer size: 3994550 sg: 44
h_total: 0 output_estimate: 147849216 sg: 60
Probe Kernel time GPU: 4.339712 Transfer size: 0 sg: 60
Transfer Time : 0.001824 Group Kernel time CPU: 0.001824 Transfer Time : 3.262464 sg = 60 non demand time = 7.02362
Probe Group Kernel time CPU: 2.397184 sg = 44 non demand time = 12.0772
Probe time 12.1539
Merge time 0.027936
Result:
Res count = 0
Query Execution Time: 72.671
CPU Time: 2.39718
GPU Time: 60.2489
Transfer Time: 3.26246
Malloc Time: 3.6608

12

 Query: 12 19940101 19940131
Query Prepare Time: 0.103616
 Query Prepare Time using cpu 0.000101805

Query Optimization Time: 1.71213

d_datekey
sg = 1
h_total: 31 output_estimate: 1048576 sg: 1
Filter Kernel time CPU: 0.196576 Transfer size: 31 sg: 1
Transfer Time: 0.009344 sg: 1
Build Kernel time GPU: 0.018432 Build time 0.315392
h_total: 0 output_estimate: 228780 sg: 30
Filter Probe Kernel time GPU: 0.128000 Transfer size: 0 sg: 30
Transfer Time : 0.008192 Aggr Kernel time CPU: 0.003040 sg = 30 non demand time = 0.355392
h_total: 3147770 output_estimate: 6291456 sg: 12
Filter Kernel time CPU: 1.891328 h_total: 209714 output_estimate: 419430 sg: 22
Transfer size: 3147770 sg: 12
Filter Kernel time CPU: 1.738752 Transfer Time : 0.489472 Transfer size: 209714 sg: 22
h_total: 624634 output_estimate: 1259108 sg: 12
Filter Probe Kernel time GPU: 0.203776 Transfer Time : 0.047104 Transfer size: 624634 sg: 12
h_total: 49676 output_estimate: 114389 sg: 22
Filter Probe Kernel time GPU: 0.223104 Transfer Time : 0.225312 Transfer size: 49676 sg: 22
Transfer Time : 0.036864 Aggr Kernel time CPU: 0.407552 sg = 22 non demand time = 3.46835
Aggr Kernel time CPU: 0.513952 sg = 12 non demand time = 3.61882
Probe time 3.6608
Merge time 0.003168
Result:
Res count = 0
Query Execution Time: 4.03267
CPU Time: 2.40528
GPU Time: 0.223104
Transfer Time: 0.714784
Malloc Time: 0.016256

32

 Query: 32 19920101 19971231
Query Prepare Time: 22.6988
 Query Prepare Time using cpu 0.0226855

Query Optimization Time: 1.8679

s_suppkey
sg = 3
Filter Build Kernel time GPU: 0.025600 d_datekey
sg = 3
Filter Build Kernel time GPU: 0.020480 Build time 0.128928
h_total: 8988180 output_estimate: 150994944 sg: 10
Probe Kernel time GPU: 4.092928 Transfer size: 8988180 sg: 10
Transfer Time : 16.314367 h_total: 0 output_estimate: 725614592 sg: 14
Probe Kernel time GPU: 16.360449 Transfer size: 0 sg: 14
Transfer Time : 0.011296 Group Kernel time CPU: 0.002048 sg = 14 non demand time = 16.5622
Probe Group Kernel time CPU: 6.348800 sg = 10 non demand time = 26.9015
Probe time 26.9764
Merge time 0.245984
Result:
Res count = 0
Query Execution Time: 27.8418
CPU Time: 6.3488
GPU Time: 16.3604
Transfer Time: 16.3144
Malloc Time: 0.008192

31

 Query: 31 19920101 19971231
Query Prepare Time: 21.8299
 Query Prepare Time using cpu 0.0218272

Query Optimization Time: 2.06541

s_suppkey
sg = 3
Filter Build Kernel time GPU: 0.033792 d_datekey
sg = 3
Filter Build Kernel time GPU: 0.022528 Build time 0.14848
h_total: 34676093 output_estimate: 150994944 sg: 10
Probe Kernel time GPU: 4.964352 Transfer size: 34676093 sg: 10
Transfer Time : 30.481407 h_total: 0 output_estimate: 725614592 sg: 14
Probe Kernel time GPU: 30.534529 Transfer size: 0 sg: 14
Transfer Time : 0.012288 Group Kernel time CPU: 0.002880 sg = 14 non demand time = 30.7796
Probe Group Kernel time CPU: 16.177153 sg = 10 non demand time = 51.789
Probe time 51.8636
Merge time 0.01952
Result:
Res count = 0
Query Execution Time: 52.0978
CPU Time: 16.1772
GPU Time: 30.5345
Transfer Time: 30.4814
Malloc Time: 0.01024

43

 Query: 43 19970101 19981231
Query Prepare Time: 43.1932
 Query Prepare Time using cpu 0.0431359

Query Optimization Time: 1.94662

s_suppkey
sg = 3
Filter Build Kernel time GPU: 0.032768 d_datekey
sg = 3
Filter Build Kernel time GPU: 0.021632 Build time 0.150528
h_total: 0 output_estimate: 83886080 sg: 44
Probe Kernel time GPU: 1.965056 Transfer size: 0 sg: 44
h_total: 0 output_estimate: 147849216 sg: 60
Probe Kernel time GPU: 3.592192 Transfer Time : 0.015552 Probe Group Kernel time CPU: 0.002016 sg = 44 non demand time = 5.68525
Transfer size: 0 sg: 60
Transfer Time : 0.009216 Group Kernel time CPU: 0.001024 sg = 60 non demand time = 3.79904
Probe time 5.79786
Merge time 0.626368
Result:
Res count = 0
Query Execution Time: 8.33322
CPU Time: 0.002016
GPU Time: 3.59219
Transfer Time: 0.015552
Malloc Time: 0.010304

11

 Query: 11 19930101 19931231
Query Prepare Time: 0.1152
 Query Prepare Time using cpu 0.000113726

Query Optimization Time: 1.60563

d_datekey
sg = 3
Filter Build Kernel time GPU: 0.027616 Build time 0.077824
h_total: 0 output_estimate: 321722 sg: 30
Filter Probe Kernel time GPU: 0.091136 Transfer size: 0 sg: 30
Transfer Time : 0.009216 Aggr Kernel time CPU: 0.002976 sg = 30 non demand time = 0.264192
h_total: 70470315 output_estimate: 110100480 sg: 22
Filter Kernel time CPU: 18.723841 Transfer size: 70470315 sg: 22
Transfer Time : 10.554368 h_total: 19065074 output_estimate: 28828764 sg: 22
Filter Probe Kernel time GPU: 2.352288 Transfer size: 19065074 sg: 22
Transfer Time : 5.920768 Aggr Kernel time CPU: 5.801984 sg = 22 non demand time = 43.4964
Probe time 43.5825
Merge time 0.003872
Result:
Res count = 0
Query Execution Time: 43.7308
CPU Time: 24.5258
GPU Time: 2.35229
Transfer Time: 16.4751
Malloc Time: 0.008384

31

 Query: 31 19920101 19971231
Query Prepare Time: 20.9028
 Query Prepare Time using cpu 0.020901

Query Optimization Time: 1.97939

s_suppkey
sg = 3
Filter Build Kernel time GPU: 0.032768 d_datekey
sg = 3
Filter Build Kernel time GPU: 0.022528 Build time 0.149504
h_total: 34676093 output_estimate: 150994944 sg: 10
Probe Kernel time GPU: 4.965376 Transfer size: 34676093 sg: 10
Transfer Time : 41.307137 h_total: 0 output_estimate: 725614592 sg: 14
Probe Kernel time GPU: 30.312576 Transfer size: 0 sg: 14
Transfer Time : 0.008192 Group Kernel time CPU: 0.001024 sg = 14 non demand time = 41.5827
Probe Group Kernel time CPU: 16.159777 sg = 10 non demand time = 62.5787
Probe time 62.6587
Merge time 0.028608
Result:
Res count = 0
Query Execution Time: 62.9019
CPU Time: 16.1598
GPU Time: 30.3126
Transfer Time: 41.3071
Malloc Time: 5.55088

33

 Query: 33 19920101 19971231
Query Prepare Time: 21.9868
 Query Prepare Time using cpu 0.0219736

Query Optimization Time: 2.04186

s_suppkey
sg = 3
Filter Build Kernel time GPU: 0.025600 d_datekey
sg = 3
Filter Build Kernel time GPU: 0.020608 Build time 0.134144
h_total: 989217 output_estimate: 150994944 sg: 10
Probe Kernel time GPU: 3.189920 Transfer size: 989217 sg: 10
Transfer Time : 16.345087 h_total: 0 output_estimate: 725614592 sg: 14
Probe Kernel time GPU: 16.062464 Transfer size: 0 sg: 14
Transfer Time : 0.008192 Group Kernel time CPU: 0.002048 sg = 14 non demand time = 16.5819
Probe Group Kernel time CPU: 1.371136 sg = 10 non demand time = 21.0258
Probe time 21.0903
Merge time 0.224512
Result:
Res count = 0
Query Execution Time: 21.939
CPU Time: 1.37114
GPU Time: 16.0625
Transfer Time: 16.3451
Malloc Time: 0.004864

21

 Query: 21 1 19981231
Query Prepare Time: 57.7732
 Query Prepare Time using cpu 0.0577083

Query Optimization Time: 2.06029

s_suppkey
sg = 3
Filter Build Kernel time GPU: 0.033664 p_partkey
sg = 3
Filter Build Kernel time GPU: 60.068737 d_datekey
sg = 1
Build Kernel time GPU: 46.588928 Build time 106.857
h_total: 818997146 output_estimate: 960495616 sg: 14
Probe Kernel time GPU: 112.504707 Transfer size: 818997146 sg: 14
Transfer Time : 506.960846 Group Kernel time CPU: 18438.890625 sg = 14 non demand time = 19058.5
Probe time 19058.6
Merge time 0.498944
Result:
Res count = 0
Query Execution Time: 19167.9
CPU Time: 18438.9
GPU Time: 112.505
Transfer Time: 506.961
Malloc Time: 0.003136

42

 Query: 42 19970101 19981231
Query Prepare Time: 41.9824
 Query Prepare Time using cpu 0.0419805

Query Optimization Time: 1.94563

s_suppkey
sg = 3
Filter Build Kernel time GPU: 0.033792 p_partkey
sg = 3
Filter Build Kernel time GPU: 60.227680 d_datekey
sg = 3
Filter Build Kernel time GPU: 0.028672 Build time 60.4662
h_total: 3994550 output_estimate: 83886080 sg: 44
Probe Kernel time GPU: 2.689024 Transfer size: 3994550 sg: 44
h_total: 0 output_estimate: 147849216 sg: 60
Probe Kernel time GPU: 3.867648 Transfer size: 0 sg: 60
Transfer Time : 0.001024 Group Kernel time CPU: 0.001024 sg = 60 non demand time = Transfer Time : 3.278656 7.19462
Probe Group Kernel time CPU: 1.800192 sg = 44 non demand time = 11.733
Probe time 11.7955
Merge time 0.012544
Result:
Res count = 0
Query Execution Time: 72.3432
CPU Time: 1.80019
GPU Time: 60.2901
Transfer Time: 3.27866
Malloc Time: 3.83411

43

 Query: 43 19970101 19981231
Query Prepare Time: 43.0375
 Query Prepare Time using cpu 0.0429809

Query Optimization Time: 1.95584

s_suppkey
sg = 3
Filter Build Kernel time GPU: 0.029856 d_datekey
sg = 3
Filter Build Kernel time GPU: 0.022528 Build time 0.145376
h_total: 0 output_estimate: 83886080 sg: 44
Probe Kernel time GPU: 2.009088 Transfer size: 0 sg: 44
h_total: 0 output_estimate: 147849216 sg: 60
Probe Kernel time GPU: 3.770368 Transfer Time : 0.007168 Probe Group Kernel time CPU: 0.003904 sg = 44 non demand time = 5.93494
Transfer size: 0 sg: 60
Transfer Time : 0.007168 Group Kernel time CPU: 0.002048 sg = 60 non demand time = 3.9496
Probe time 6.02538
Merge time 0.56784
Result:
Res count = 0
Query Execution Time: 8.50931
CPU Time: 0.003904
GPU Time: 3.77037
Transfer Time: 0.007168
Malloc Time: 3.73555

13

 Query: 13 19940204 19940210
Query Prepare Time: 0.1192
 Query Prepare Time using cpu 0.000116825

Query Optimization Time: 1.60973

d_datekey
sg = 3
Filter Build Kernel time GPU: 0.024576 Build time 0.060512
h_total: 0 output_estimate: 128688 sg: 30
Filter Probe Kernel time GPU: 0.111616 Transfer size: 0 sg: 30
Transfer Time : 0.006976 Aggr Kernel time CPU: 0.002048 sg = 30 non demand time = 0.279392
h_total: 171384 output_estimate: 386066 sg: 4
Filter Kernel time CPU: 0.610528 Transfer size: 171384 sg: 4
Transfer Time : 0.040032 h_total: 152125 output_estimate: 171384 sg: 4
Probe Kernel time GPU: 0.034816 Transfer size: 152125 sg: 4
Transfer Time : 0.075776 Aggr Kernel time CPU: 0.129216 sg = 4 non demand time = 1.00435
Probe time 1.04022
Merge time 0.00192
Result:
Res count = 0
Query Execution Time: 1.1536
CPU Time: 0.739744
GPU Time: 0.111616
Transfer Time: 0.115808
Malloc Time: 0.007968

43

 Query: 43 19970101 19981231
Query Prepare Time: 42.4989
 Query Prepare Time using cpu 0.0424426

Query Optimization Time: 1.84941

s_suppkey
sg = 3
Filter Build Kernel time GPU: 0.029728 d_datekey
sg = 3
Filter Build Kernel time GPU: 0.022304 Build time 0.146432
h_total: 0 output_estimate: 83886080 sg: 44
Probe Kernel time GPU: 1.921888 Transfer size: 0 sg: 44
h_total: Transfer Time : 0.008992 0 output_estimate: 147849216 sg: 60
Probe Kernel time GPU: 3.605504 Probe Group Kernel time CPU: 0.001952 sg = 44 non demand time = 5.67706
Transfer size: 0 sg: 60
Transfer Time : 0.009312 Group Kernel time CPU: 0.002048 sg = 60 non demand time = 3.80826
Probe time 5.82544
Merge time 0.575232
Result:
Res count = 0
Query Execution Time: 8.31136
CPU Time: 0.002048
GPU Time: 3.6055
Transfer Time: 0.009312
Malloc Time: 3.55619

41

 Query: 41 19920101 19981231
Query Prepare Time: 42.1895
 Query Prepare Time using cpu 0.0421875

Query Optimization Time: 1.99373

s_suppkey
sg = 3
Filter Build Kernel time GPU: 0.026624 p_partkey
sg = 3
Filter Build Kernel time GPU: 31.712255 d_datekey
sg = 1
Build Kernel time GPU: 11.063296 Build time 42.9619
h_total: 34455032 output_estimate: 234881024 sg: 44
Probe Kernel time GPU: 9.938784 Transfer size: 34455032 sg: 44
h_total: 0 output_estimate: 725614592 sg: 60
Probe Kernel time GPU: 19.996609 Transfer size: 0 sg: 60
Transfer Time : 0.001024 Group Kernel time CPU: 0.001024 sg = 60 non demand time = Transfer Time : 27.196640 47.2678
Probe Group Kernel time CPU: 13.716288 sg = 44 non demand time = 70.9939
Probe time 71.0758
Merge time 0.004064
Result:
Res count = 0
Query Execution Time: 114.106
CPU Time: 13.7163
GPU Time: 31.7389
Transfer Time: 27.1966
Malloc Time: 19.9404

34

 Query: 34 19971201 19971231
Query Prepare Time: 21.9814
 Query Prepare Time using cpu 0.0219681

Query Optimization Time: 1.92307

s_suppkey
sg = 3
Filter Build Kernel time GPU: 0.027552 d_datekey
sg = 1
h_total: 31 output_estimate: 1048576 sg: 1
Filter Kernel time CPU: 0.311168 Transfer size: 31 sg: 1
Transfer Time: 0.009216 sg: 1
Build Kernel time GPU: 0.013056 Build time 0.489376
h_total: 0 output_estimate: 14680064 sg: 14
Probe Kernel time GPU: 0.347136 Transfer size: 0 sg: 14
Transfer Time : 0.003168 Group Kernel time CPU: 0.002048 sg = 14 non demand time = 0.448416
Probe time 0.469984
Merge time 0.304192
Result:
Res count = 0
Query Execution Time: 1.74317
CPU Time: 0.311168
GPU Time: 0.347136
Transfer Time: 0.009216
Malloc Time: 0.012288

22

 Query: 22 1 19981231
Query Prepare Time: 55.9958
 Query Prepare Time using cpu 0.0559306

Query Optimization Time: 1.96915

s_suppkey
sg = 3
Filter Build Kernel time GPU: 0.026624 d_datekey
sg = 1
Build Kernel time GPU: 95.541084 Build time 95.6774
h_total: 0 output_estimate: 960495616 sg: 14
Probe Kernel time GPU: 61.898911 Transfer size: 0 sg: 14
Transfer Time : 0.004096 Group Kernel time CPU: 0.001024 sg = 14 non demand time = 62.0288
Probe time 62.0647
Merge time 0.69056
Result:
Res count = 0
Query Execution Time: 160.455
CPU Time: 0.001024
GPU Time: 95.5411
Transfer Time: 0.004096
Malloc Time: 0.003072

43

 Query: 43 19970101 19981231
Query Prepare Time: 43.9302
 Query Prepare Time using cpu 0.0438731

Query Optimization Time: 1.90794

s_suppkey
sg = 3
Filter Build Kernel time GPU: 0.029696 d_datekey
sg = 3
Filter Build Kernel time GPU: 0.021504 Build time 0.14336
h_total: 0 output_estimate: 83886080 sg: 44
Probe Kernel time GPU: 1.921024 Transfer size: 0 sg: 44
Transfer Time : 0.027552 Probe Group Kernel time CPU: 0.002048 sg = 44 non demand time = 5.61981
h_total: 0 output_estimate: 147849216 sg: 60
Probe Kernel time GPU: 3.611648 Transfer size: 0 sg: 60
Transfer Time : 0.009216 Group Kernel time CPU: 0.002048 sg = 60 non demand time = 3.80416
Probe time 5.79994
Merge time 0.568864
Result:
Res count = 0
Query Execution Time: 8.27744
CPU Time: 0.002048
GPU Time: 3.61165
Transfer Time: 0.027552
Malloc Time: 0.022528

13

 Query: 13 19940204 19940210
Query Prepare Time: 0.135008
 Query Prepare Time using cpu 0.000133038

Query Optimization Time: 1.60358

d_datekey
sg = 3
Filter Build Kernel time GPU: 0.023552 Build time 0.065408
h_total: 0 output_estimate: 128688 sg: 30
Filter Probe Kernel time GPU: 0.145408 Transfer size: 0 sg: 30
Transfer Time : 0.009088 Aggr Kernel time CPU: 0.002048 sg = 30 non demand time = 0.361472
h_total: 171384 output_estimate: 386066 sg: 4
Filter Kernel time CPU: 0.816128 Transfer size: 171384 sg: 4
Transfer Time : 0.039936 h_total: 152125 output_estimate: 171384 sg: 4
Probe Kernel time GPU: 0.034816 Transfer size: 152125 sg: 4
Transfer Time : 0.073664 Aggr Kernel time CPU: 0.160896 sg = 4 non demand time = 1.23184
Probe time 1.27283
Merge time 0.003584
Result:
Res count = 0
Query Execution Time: 1.39162
CPU Time: 0.977024
GPU Time: 0.145408
Transfer Time: 0.1136
Malloc Time: 0.00832

43

 Query: 43 19970101 19981231
Query Prepare Time: 42.8767
 Query Prepare Time using cpu 0.0428202

Query Optimization Time: 1.85968

s_suppkey
sg = 3
Filter Build Kernel time GPU: 0.027840 d_datekey
sg = 3
Filter Build Kernel time GPU: 0.021504 Build time 0.13744
h_total: 0 output_estimate: 83886080 sg: 44
Probe Kernel time GPU: 1.943552 Transfer size: 0 sg: 44
h_total: Transfer Time : 0.009216 0 output_estimate: 147849216 sg: 60
Probe Kernel time GPU: 3.586048 Probe Group Kernel time CPU: 0.002048 sg = 44 non demand time = 5.65661
Transfer size: 0 sg: 60
Transfer Time : 0.009216 Group Kernel time CPU: 0.002048 sg = 60 non demand time = 3.79597
Probe time 5.78765
Merge time 0.533408
Result:
Res count = 0
Query Execution Time: 8.22739
CPU Time: 0.002048
GPU Time: 3.58605
Transfer Time: 0.009216
Malloc Time: 0.011136

31

 Query: 31 19920101 19971231
Query Prepare Time: 21.0262
 Query Prepare Time using cpu 0.0210245

Query Optimization Time: 1.80019

s_suppkey
sg = 3
Filter Build Kernel time GPU: 0.031968 d_datekey
sg = 3
Filter Build Kernel time GPU: 0.022528 Build time 0.141312
h_total: 34676093 output_estimate: 150994944 sg: 10
Probe Kernel time GPU: 5.006144 Transfer size: 34676093 sg: 10
h_total: 0 output_estimate: 725614592 sg: 14
Probe Kernel time GPU: 30.122175 Transfer size: 0 sg: 14
Transfer Time : 0.001024 Group Kernel time CPU: 0.001024 Transfer Time : 21.886017 sg = 14 non demand time = 52.0808
Probe Group Kernel time CPU: 16.090208 sg = 10 non demand time = 73.1761
Probe time 73.2703
Merge time 0.04016
Result:
Res count = 0
Query Execution Time: 73.5263
CPU Time: 16.0902
GPU Time: 30.1222
Transfer Time: 21.886
Malloc Time: 0.007168

31

 Query: 31 19920101 19971231
Query Prepare Time: 21.7553
 Query Prepare Time using cpu 0.0217528

Query Optimization Time: 2.02547

s_suppkey
sg = 3
Filter Build Kernel time GPU: 0.033632 d_datekey
sg = 3
Filter Build Kernel time GPU: 0.022528 Build time 0.144384
h_total: 34676093 output_estimate: 150994944 sg: 10
Probe Kernel time GPU: 4.966464 Transfer size: 34676093 sg: 10
h_total: 0 output_estimate: 725614592 sg: 14
Probe Kernel time GPU: 35.648415 Transfer size: 0 sg: 14
Transfer Time : 0.001024 Transfer Time : 21.897217 Group Kernel time CPU: 0.002048 sg = 14 non demand time = 52.0827
Probe Group Kernel time CPU: 16.045952 sg = 10 non demand time = 73.1361
Probe time 73.2109
Merge time 0.019616
Result:
Res count = 0
Query Execution Time: 73.4404
CPU Time: 16.046
GPU Time: 35.6484
Transfer Time: 21.8972
Malloc Time: 0.00592

31

 Query: 31 19920101 19971231
Query Prepare Time: 21.5936
 Query Prepare Time using cpu 0.0215907

Query Optimization Time: 1.9089

s_suppkey
sg = 3
Filter Build Kernel time GPU: 0.032768 d_datekey
sg = 3
Filter Build Kernel time GPU: 0.022368 Build time 0.146432
h_total: 34676093 output_estimate: 150994944 sg: 10
Probe Kernel time GPU: 5.006240 Transfer size: 34676093 sg: 10
h_total: 0 output_estimate: 725614592 sg: 14
Probe Kernel time GPU: 30.117887 Transfer size: 0 sg: 14
Transfer Time : 0.001024 Group Kernel time CPU: 0.002048 Transfer Time : 21.886976 sg = 14 non demand time = 52.0786
Probe Group Kernel time CPU: 16.167809 sg = 10 non demand time = 73.2467
Probe time 73.3225
Merge time 0.02848
Result:
Res count = 0
Query Execution Time: 73.5678
CPU Time: 16.1678
GPU Time: 30.1179
Transfer Time: 21.887
Malloc Time: 0.007168

12

 Query: 12 19940101 19940131
Query Prepare Time: 0.350752
 Query Prepare Time using cpu 0.000348568

Query Optimization Time: 1.75523

d_datekey
sg = 1
h_total: 31 output_estimate: 1048576 sg: 1
Filter Kernel time CPU: 0.186368 Transfer size: 31 sg: 1
Transfer Time: 0.01024 sg: 1
Build Kernel time GPU: 0.019456 Build time 0.311264
h_total: 0 output_estimate: 228780 sg: 30
Filter Probe Kernel time GPU: 0.300064 Transfer size: 0 sg: 30
Transfer Time : 0.009248 Aggr Kernel time CPU: 0.002048 sg = 30 non demand time = 0.794624
h_total: 3147770 output_estimate: 6291456 sg: 12
Filter Kernel time CPU: 1.787904 Transfer size: 3147770 sg: 12
Transfer Time : 0.489472 h_total: 624634 output_estimate: 1259108 sg: 12
Filter Probe Kernel time GPU: 0.194560 Transfer size: 624634 sg: 12
h_total: 209714 output_estimate: 419430 sg: 22
Transfer Time : 0.221184 Filter Kernel time CPU: 0.529408 Transfer size: 209714 sg: 22
Transfer Time : 0.080896 Aggr Kernel time CPU: 0.438272 h_total: 49676 output_estimate: 114389 sg: 22
sg = 12 non demand time = 3.41606
Filter Probe Kernel time GPU: 0.214208 Transfer size: 49676 sg: 22
Transfer Time : 0.040960 Aggr Kernel time CPU: 0.152480 sg = 22 non demand time = 3.93523
Probe time 4.1409
Merge time 0.002496
Result:
Res count = 0
Query Execution Time: 4.51184
CPU Time: 2.22618
GPU Time: 0.300064
Transfer Time: 0.710656
Malloc Time: 0.017376

41

 Query: 41 19920101 19981231
Query Prepare Time: 42.5072
 Query Prepare Time using cpu 0.0425053

Query Optimization Time: 1.97837

s_suppkey
sg = 3
Filter Build Kernel time GPU: 0.026624 p_partkey
sg = 3
Filter Build Kernel time GPU: 31.718399 d_datekey
sg = 1
Build Kernel time GPU: 11.069344 Build time 42.9713
h_total: 34455032 output_estimate: 234881024 sg: 44
Probe Kernel time GPU: 9.919264 Transfer size: 34455032 sg: 44
h_total: 0 output_estimate: 725614592 sg: 60
Probe Kernel time GPU: 25.481216 Transfer size: 0 sg: 60
Transfer Time : 0.001024 Group Kernel time CPU: 0.001024 Transfer Time : 27.164673 sg = 60 non demand time = 47.1962
Probe Group Kernel time CPU: 13.902848 sg = 44 non demand time = 71.084
Probe time 71.1813
Merge time 0.004832
Result:
Res count = 0
Query Execution Time: 114.222
CPU Time: 13.9028
GPU Time: 31.745
Transfer Time: 27.1647
Malloc Time: 19.9107

12

 Query: 12 19940101 19940131
Query Prepare Time: 0.108992
 Query Prepare Time using cpu 0.000107288

Query Optimization Time: 1.74285

d_datekey
sg = 1
h_total: 31 output_estimate: 1048576 sg: 1
Filter Kernel time CPU: 0.187552 Transfer size: 31 sg: 1
Transfer Time: 0.00944 sg: 1
Build Kernel time GPU: 0.020480 Build time 0.309248
h_total: 0 output_estimate: 228780 sg: 30
Filter Probe Kernel time GPU: 0.145408 Transfer size: 0 sg: 30
Transfer Time : 0.009216 Aggr Kernel time CPU: 0.002176 sg = 30 non demand time = 0.474208
h_total: 209714 output_estimate: 419430 sg: 22
h_total: 3147770 output_estimate: 6291456 sg: 12
Filter Kernel time CPU: 1.974240 Filter Kernel time CPU: 1.879040 Transfer size: 3147770 sg: 12
Transfer Time : 0.492320 Transfer size: 209714 sg: 22
h_total: 624634 output_estimate: 1259108 sg: 12
Filter Probe Kernel time GPU: 0.204800 Transfer Time : 0.048128 Transfer size: 624634 sg: 12
Transfer Time : 0.245760 h_total: 49676 output_estimate: 114389 sg: 22
Filter Probe Kernel time GPU: 0.055232 Transfer size: 49676 sg: 22
Transfer Time : 0.037888 Aggr Kernel time CPU: 0.397152 Aggr Kernel time CPU: 0.502784 sg = 22 non demand time = 3.56867
sg = 12 non demand time = 3.83078
Probe time 3.91658
Merge time 0.002464
Result:
Res count = 0
Query Execution Time: 4.2848
CPU Time: 2.47702
GPU Time: 0.2048
Transfer Time: 0.73808
Malloc Time: 0.191584

33

 Query: 33 19920101 19971231
Query Prepare Time: 21.4658
 Query Prepare Time using cpu 0.0214531

Query Optimization Time: 1.86163

s_suppkey
sg = 3
Filter Build Kernel time GPU: 0.024576 d_datekey
sg = 3
Filter Build Kernel time GPU: 0.021504 Build time 0.132096
h_total: 989217 output_estimate: 150994944 sg: 10
Probe Kernel time GPU: 3.186624 Transfer size: 989217 sg: 10
h_total: 0 output_estimate: 725614592 sg: 14
Probe Kernel time GPU: 16.233440 Transfer size: 0 sg: 14
Transfer Time : 0.001024 Transfer Time : 0.688960 Group Kernel time CPU: 0.005120 sg = 14 non demand time = 16.8653
Probe Group Kernel time CPU: 1.361920 sg = 10 non demand time = 21.4364
Probe time 21.4968
Merge time 0.204224
Result:
Res count = 0
Query Execution Time: 22.3256
CPU Time: 1.36192
GPU Time: 16.2334
Transfer Time: 0.68896
Malloc Time: 0.007392

23

 Query: 23 1 19981231
Query Prepare Time: 58.0601
 Query Prepare Time using cpu 0.0579956

Query Optimization Time: 2.03267

s_suppkey
sg = 3
Filter Build Kernel time GPU: 0.028576 d_datekey
sg = 1
Build Kernel time GPU: 95.590401 Build time 95.7298
h_total: 0 output_estimate: 960495616 sg: 14
Probe Kernel time GPU: 26.630337 Transfer size: 0 sg: 14
Transfer Time : 0.004096 Group Kernel time CPU: 0.001024 sg = 14 non demand time = 26.7521
Probe time 26.7837
Merge time 0.701536
Result:
Res count = 0
Query Execution Time: 125.24
CPU Time: 0.001024
GPU Time: 95.5904
Transfer Time: 0.004096
Malloc Time: 0.003968

41

 Query: 41 19920101 19981231
Query Prepare Time: 42.4136
 Query Prepare Time using cpu 0.0424113

Query Optimization Time: 1.99158

s_suppkey
sg = 3
Filter Build Kernel time GPU: 0.027744 p_partkey
sg = 3
Filter Build Kernel time GPU: 31.708288 d_datekey
sg = 1
Build Kernel time GPU: 11.066144 Build time 42.9791
h_total: 34455032 output_estimate: 234881024 sg: 44
Probe Kernel time GPU: 9.952320 Transfer size: 34455032 sg: 44
h_total: 0 output_estimate: 725614592 sg: 60
Probe Kernel time GPU: 25.503744 Transfer size: 0 sg: 60
Transfer Time : 0.001024 Transfer Time : 27.170816 Group Kernel time CPU: 0.001024 sg = 60 non demand time = 47.2413
Probe Group Kernel time CPU: 13.762560 sg = 44 non demand time = 70.9642
Probe time 71.0432
Merge time 0.00336
Result:
Res count = 0
Query Execution Time: 114.098
CPU Time: 13.7626
GPU Time: 31.736
Transfer Time: 27.1708
Malloc Time: 0.007328

33

 Query: 33 19920101 19971231
Query Prepare Time: 21.5883
 Query Prepare Time using cpu 0.0215747

Query Optimization Time: 1.98144

s_suppkey
sg = 3
Filter Build Kernel time GPU: 0.026624 d_datekey
sg = 3
Filter Build Kernel time GPU: 0.021280 Build time 0.136192
h_total: 989217 output_estimate: 150994944 sg: 10
Probe Kernel time GPU: 3.186688 Transfer size: 989217 sg: 10
h_total: 0 output_estimate: 725614592 sg: 14
Probe Kernel time GPU: 16.388096 Transfer size: 0 sg: 14
Transfer Time : 0.673792 Transfer Time : 0.030880 Group Kernel time CPU: 0.002048 sg = 14 non demand time = 16.8837
Probe Group Kernel time CPU: 1.343488 sg = 10 non demand time = 21.4038
Probe time 21.4733
Merge time 0.237248
Result:
Res count = 0
Query Execution Time: 22.3381
CPU Time: 1.34349
GPU Time: 16.3881
Transfer Time: 0.673792
Malloc Time: 0.0264

23

 Query: 23 1 19981231
Query Prepare Time: 58.4732
 Query Prepare Time using cpu 0.0584085

Query Optimization Time: 2.04698

s_suppkey
sg = 3
Filter Build Kernel time GPU: 0.029504 d_datekey
sg = 1
Build Kernel time GPU: 95.544159 Build time 95.6828
h_total: 0 output_estimate: 960495616 sg: 14
Probe Kernel time GPU: 26.629025 Transfer size: 0 sg: 14
Transfer Time : 0.004160 Group Kernel time CPU: 0.001024 sg = 14 non demand time = 26.7438
Probe time 26.7745
Merge time 0.645472
Result:
Res count = 0
Query Execution Time: 125.134
CPU Time: 0.001024
GPU Time: 95.5442
Transfer Time: 0.00416
Malloc Time: 0.003264

41

 Query: 41 19920101 19981231
Query Prepare Time: 41.781
 Query Prepare Time using cpu 0.0417788

Query Optimization Time: 1.9591

s_suppkey
sg = 3
Filter Build Kernel time GPU: 0.027648 p_partkey
sg = 3
Filter Build Kernel time GPU: 31.709152 d_datekey
sg = 1
Build Kernel time GPU: 11.074464 Build time 42.9608
h_total: 34455032 output_estimate: 234881024 sg: 44
Probe Kernel time GPU: 9.939872 Transfer size: 34455032 sg: 44
h_total: 0 output_estimate: 725614592 sg: 60
Probe Kernel time GPU: 30.679808 Transfer size: 0 sg: 60
Transfer Time : 0.001024 Transfer Time : 27.176960 Group Kernel time CPU: 0.002048 sg = 60 non demand time = 46.9862
Probe Group Kernel time CPU: 14.051552 sg = 44 non demand time = 70.9908
Probe time 71.0748
Merge time 0.005408
Result:
Res count = 0
Query Execution Time: 114.108
CPU Time: 14.0516
GPU Time: 31.7368
Transfer Time: 27.177
Malloc Time: 0.027616

33

 Query: 33 19920101 19971231
Query Prepare Time: 21.721
 Query Prepare Time using cpu 0.0217078

Query Optimization Time: 1.99475

s_suppkey
sg = 3
Filter Build Kernel time GPU: 0.026688 d_datekey
sg = 3
Filter Build Kernel time GPU: 0.021440 Build time 0.131264
h_total: 989217 output_estimate: 150994944 sg: 10
Probe Kernel time GPU: 3.187712 Transfer size: 989217 sg: 10
h_total: 0 output_estimate: 725614592 sg: 14
Probe Kernel time GPU: 16.387072 Transfer size: 0 sg: 14
Transfer Time : 0.673824 Transfer Time : 0.009216 Group Kernel time CPU: 0.002048 sg = 14 non demand time = 16.8562
Probe Group Kernel time CPU: 1.341440 sg = 10 non demand time = 21.368
Probe time 21.4365
Merge time 0.276736
Result:
Res count = 0
Query Execution Time: 22.3672
CPU Time: 1.34144
GPU Time: 16.3871
Transfer Time: 0.673824
Malloc Time: 0.00432

31

 Query: 31 19920101 19971231
Query Prepare Time: 21.6059
 Query Prepare Time using cpu 0.0216033

Query Optimization Time: 1.95578

s_suppkey
sg = 3
Filter Build Kernel time GPU: 0.032768 d_datekey
sg = 3
Filter Build Kernel time GPU: 0.022464 Build time 0.144544
h_total: 34676093 output_estimate: 150994944 sg: 10
Probe Kernel time GPU: 4.972544 Transfer size: 34676093 sg: 10
h_total: 0 output_estimate: 725614592 sg: 14
Probe Kernel time GPU: 35.639297 Transfer size: 0 sg: 14
Transfer Time : 0.001024 Transfer Time : 21.897217 Group Kernel time CPU: 0.004096 sg = 14 non demand time = 52.0724
Probe Group Kernel time CPU: 15.946784 sg = 10 non demand time = 73.0388
Probe time 73.127
Merge time 0.049536
Result:
Res count = 0
Query Execution Time: 73.3862
CPU Time: 15.9468
GPU Time: 35.6393
Transfer Time: 21.8972
Malloc Time: 0.006144

31

 Query: 31 19920101 19971231
Query Prepare Time: 21.6496
 Query Prepare Time using cpu 0.021647

Query Optimization Time: 2.02854

s_suppkey
sg = 3
Filter Build Kernel time GPU: 0.032768 d_datekey
sg = 3
Filter Build Kernel time GPU: 0.022528 Build time 0.155488
h_total: 34676093 output_estimate: 150994944 sg: 10
Probe Kernel time GPU: 4.960256 Transfer size: 34676093 sg: 10
Transfer Time : 30.490623 h_total: 0 output_estimate: 725614592 sg: 14
Probe Kernel time GPU: 30.561377 Transfer size: 0 sg: 14
Transfer Time : 0.012128 Group Kernel time CPU: 0.002048 sg = 14 non demand time = 30.8337
Probe Group Kernel time CPU: 16.004095 sg = 10 non demand time = 51.6362
Probe time 51.7079
Merge time 0.030048
Result:
Res count = 0
Query Execution Time: 51.9589
CPU Time: 16.0041
GPU Time: 30.5614
Transfer Time: 30.4906
Malloc Time: 0.034656

12

 Query: 12 19940101 19940131
Query Prepare Time: 0.351712
 Query Prepare Time using cpu 0.00034976

Query Optimization Time: 1.78794

d_datekey
sg = 1
h_total: 31 output_estimate: 1048576 sg: 1
Filter Kernel time CPU: 0.190464 Transfer size: 31 sg: 1
Transfer Time: 0.010208 sg: 1
Build Kernel time GPU: 0.020480 Build time 0.315392
h_total: 0 output_estimate: 228780 sg: 30
Filter Probe Kernel time GPU: 0.283776 Transfer size: 0 sg: 30
Transfer Time : 0.009216 Aggr Kernel time CPU: 0.002976 sg = 30 non demand time = 0.613248
h_total: 209714 output_estimate: 419430 sg: 22
h_total: 3147770 output_estimate: 6291456 sg: 12
Filter Kernel time CPU: 1.926336 Filter Kernel time CPU: 1.970176 Transfer size: 3147770 sg: 12
Transfer Time : 0.489472 Transfer size: 209714 sg: 22
h_total: 624634 output_estimate: 1259108 sg: 12
Filter Probe Kernel time GPU: 0.203776 Transfer Time : 0.046304 Transfer size: 624634 sg: 12
h_total: 49676 output_estimate: 114389 sg: 22
Filter Probe Kernel time GPU: 0.226304 Transfer Time : 0.236448 Transfer size: 49676 sg: 22
Transfer Time : 0.036864 Aggr Kernel time CPU: 0.432128 sg = 22 non demand time = 3.75805
Aggr Kernel time CPU: 0.648192 sg = 12 non demand time = 3.96083
Probe time 3.99779
Merge time 0.002464
Result:
Res count = 0
Query Execution Time: 4.36902
CPU Time: 2.61837
GPU Time: 0.283776
Transfer Time: 0.72592
Malloc Time: 0.19968

32

 Query: 32 19920101 19971231
Query Prepare Time: 22.4538
 Query Prepare Time using cpu 0.0224411

Query Optimization Time: 1.88506

s_suppkey
sg = 3
Filter Build Kernel time GPU: 0.025696 d_datekey
sg = 3
Filter Build Kernel time GPU: 0.021504 Build time 0.132864
h_total: 8988180 output_estimate: 150994944 sg: 10
Probe Kernel time GPU: 4.084736 Transfer size: 8988180 sg: 10
h_total: 0 output_estimate: 725614592 sg: 14
Probe Kernel time GPU: 19.154881 Transfer size: 0 sg: 14Transfer Time : 5.781504 
Transfer Time : 0.009216 Group Kernel time CPU: 0.001920 sg = 14 non demand time = 22.1174
Probe Group Kernel time CPU: 6.416384 sg = 10 non demand time = 32.6083
Probe time 32.6818
Merge time 0.217664
Result:
Res count = 0
Query Execution Time: 33.528
CPU Time: 6.41638
GPU Time: 19.1549
Transfer Time: 5.7815
Malloc Time: 0.00512

34

 Query: 34 19971201 19971231
Query Prepare Time: 25.2764
 Query Prepare Time using cpu 0.0252633

Query Optimization Time: 1.98451

s_suppkey
sg = 3
Filter Build Kernel time GPU: 0.025600 d_datekey
sg = 1
h_total: 31 output_estimate: 1048576 sg: 1
Filter Kernel time CPU: 0.303104 Transfer size: 31 sg: 1
Transfer Time: 0.009216 sg: 1
Build Kernel time GPU: 0.012288 Build time 0.493568
h_total: 0 output_estimate: 14680064 sg: 14
Probe Kernel time GPU: 0.351168 Transfer size: 0 sg: 14
Transfer Time : 0.004096 Group Kernel time CPU: 0.001024 sg = 14 non demand time = 0.45568
Probe time 0.477184
Merge time 0.293248
Result:
Res count = 0
Query Execution Time: 1.74234
CPU Time: 0.303104
GPU Time: 0.351168
Transfer Time: 0.009216
Malloc Time: 0.01312

34

 Query: 34 19971201 19971231
Query Prepare Time: 21.6568
 Query Prepare Time using cpu 0.0216427

Query Optimization Time: 1.78714

s_suppkey
sg = 3
Filter Build Kernel time GPU: 0.022592 d_datekey
sg = 1
h_total: 31 output_estimate: 1048576 sg: 1
Filter Kernel time CPU: 0.307200 Transfer size: 31 sg: 1
Transfer Time: 0.008128 sg: 1
Build Kernel time GPU: 0.012192 Build time 0.479232
h_total: 0 output_estimate: 14680064 sg: 14
Probe Kernel time GPU: 0.346112 Transfer size: 0 sg: 14
Transfer Time : 0.004096 Group Kernel time CPU: 0.001792 sg = 14 non demand time = 0.44032
Probe time 0.4608
Merge time 0.368512
Result:
Res count = 0
Query Execution Time: 1.78166
CPU Time: 0.3072
GPU Time: 0.346112
Transfer Time: 0.008128
Malloc Time: 0.012288

23

 Query: 23 1 19981231
Query Prepare Time: 55.8483
 Query Prepare Time using cpu 0.0557835

Query Optimization Time: 1.96522

s_suppkey
sg = 3
Filter Build Kernel time GPU: 0.027776 d_datekey
sg = 1
Build Kernel time GPU: 95.527939 Build time 95.6672
h_total: 0 output_estimate: 960495616 sg: 14
Probe Kernel time GPU: 26.631168 Transfer size: 0 sg: 14
Transfer Time : 0.004096 Group Kernel time CPU: 0.001024 sg = 14 non demand time = 26.749
Probe time 26.7817
Merge time 0.696544
Result:
Res count = 0
Query Execution Time: 125.173
CPU Time: 0.001024
GPU Time: 95.5279
Transfer Time: 0.004096
Malloc Time: 0.003936

43

 Query: 43 19970101 19981231
Query Prepare Time: 42.8268
 Query Prepare Time using cpu 0.0427699

Query Optimization Time: 1.90464

s_suppkey
sg = 3
Filter Build Kernel time GPU: 0.030720 d_datekey
sg = 3
Filter Build Kernel time GPU: 0.021568 Build time 0.14848
h_total: 0 output_estimate: 83886080 sg: 44
Probe Kernel time GPU: 1.921184 Transfer size: 0 sg: 44
Transfer Time : 0.001024 Probe Group Kernel time CPU: 0.001024 sg = 44 non demand time = 5.59923
h_total: 0 output_estimate: 147849216 sg: 60
Probe Kernel time GPU: 3.616544 Transfer size: 0 sg: 60
Transfer Time : 0.009216 Group Kernel time CPU: 0.002016 sg = 60 non demand time = 3.79104
Probe time 5.78778
Merge time 0.590176
Result:
Res count = 0
Query Execution Time: 8.29344
CPU Time: 0.002016
GPU Time: 3.61654
Transfer Time: 0.009216
Malloc Time: 0.00512

32

 Query: 32 19920101 19971231
Query Prepare Time: 23.6688
 Query Prepare Time using cpu 0.0236557

Query Optimization Time: 1.89747

s_suppkey
sg = 3
Filter Build Kernel time GPU: 0.025600 d_datekey
sg = 3
Filter Build Kernel time GPU: 0.021504 Build time 0.140288
h_total: 8988180 output_estimate: 150994944 sg: 10
Probe Kernel time GPU: 4.087808 Transfer size: 8988180 sg: 10
h_total: 0 output_estimate: 725614592 sg: 14
Probe Kernel time GPU: 17.671360 Transfer size: 0 sg: 14
Transfer Time : 0.001024 Transfer Time : 5.794816 Group Kernel time CPU: 0.004864 sg = 14 non demand time = 22.1061
Probe Group Kernel time CPU: 6.392832 sg = 10 non demand time = 32.6103
Probe time 32.6851
Merge time 0.21952
Result:
Res count = 0
Query Execution Time: 33.5433
CPU Time: 6.39283
GPU Time: 17.6714
Transfer Time: 5.79482
Malloc Time: 0.00512

31

 Query: 31 19920101 19971231
Query Prepare Time: 21.8594
 Query Prepare Time using cpu 0.0218563

Query Optimization Time: 1.95584

s_suppkey
sg = 3
Filter Build Kernel time GPU: 0.033792 d_datekey
sg = 3
Filter Build Kernel time GPU: 0.023328 Build time 0.14848
h_total: 34676093 output_estimate: 150994944 sg: 10
Probe Kernel time GPU: 4.958432 Transfer size: 34676093 sg: 10
h_total: 0 output_estimate: 725614592 sg: 14
Probe Kernel time GPU: 35.643391 Transfer size: 0 sg: 14
Transfer Time : 0.001024 Transfer Time : 21.899263 Group Kernel time CPU: 0.001952 sg = 14 non demand time = 52.0695
Probe Group Kernel time CPU: 16.049215 sg = 10 non demand time = 73.1228
Probe time 73.213
Merge time 0.024352
Result:
Res count = 0
Query Execution Time: 73.454
CPU Time: 16.0492
GPU Time: 35.6434
Transfer Time: 21.8993
Malloc Time: 0.004928

21

 Query: 21 1 19981231
Query Prepare Time: 55.7141
 Query Prepare Time using cpu 0.0556483

Query Optimization Time: 2.04595

s_suppkey
sg = 3
Filter Build Kernel time GPU: 0.031744 p_partkey
sg = 3
Filter Build Kernel time GPU: 60.118015 d_datekey
sg = 1
Build Kernel time GPU: 46.611649 Build time 106.947
h_total: 819019478 output_estimate: 960495616 sg: 14
Probe Kernel time GPU: 112.248993 Transfer size: 819019478 sg: 14
Transfer Time : 507.005737 Group Kernel time CPU: 18452.035156 sg = 14 non demand time = 19071.4
Probe time 19071.5
Merge time 0.486336
Result:
Res count = 0
Query Execution Time: 19180.9
CPU Time: 18452
GPU Time: 112.249
Transfer Time: 507.006
Malloc Time: 0.003616

33

 Query: 33 19920101 19971231
Query Prepare Time: 23.5588
 Query Prepare Time using cpu 0.0235462

Query Optimization Time: 1.85754

s_suppkey
sg = 3
Filter Build Kernel time GPU: 0.027648 d_datekey
sg = 3
Filter Build Kernel time GPU: 0.021472 Build time 0.13824
h_total: 989217 output_estimate: 150994944 sg: 10
Probe Kernel time GPU: 3.352544 Transfer size: 989217 sg: 10
h_total: 0 output_estimate: 725614592 sg: 14
Probe Kernel time GPU: 17.013760 Transfer size: 0 sg: 14
Transfer Time : 0.001024 Transfer Time : 0.695296 Group Kernel time CPU: 0.002048 sg = 14 non demand time = 17.5995
Probe Group Kernel time CPU: 1.089536 sg = 10 non demand time = 22.058
Probe time 22.1151
Merge time 0.211232
Result:
Res count = 0
Query Execution Time: 22.9569
CPU Time: 1.08954
GPU Time: 17.0138
Transfer Time: 0.695296
Malloc Time: 0.004224

21

 Query: 21 1 19981231
Query Prepare Time: 55.9768
 Query Prepare Time using cpu 0.0559123

Query Optimization Time: 2.02957

s_suppkey
sg = 3
Filter Build Kernel time GPU: 0.033792 p_partkey
sg = 3
Filter Build Kernel time GPU: 60.089409 d_datekey
sg = 1
Build Kernel time GPU: 46.611458 Build time 106.903
h_total: 818498250 output_estimate: 960495616 sg: 14
Probe Kernel time GPU: 112.495773 Transfer size: 818498250 sg: 14
Transfer Time : 506.663940 Group Kernel time CPU: 18415.695312 sg = 14 non demand time = 19035
Probe time 19035.1
Merge time 0.496832
Result:
Res count = 0
Query Execution Time: 19144.4
CPU Time: 18415.7
GPU Time: 112.496
Transfer Time: 506.664
Malloc Time: 0.003872

43

 Query: 43 19970101 19981231
Query Prepare Time: 43.3457
 Query Prepare Time using cpu 0.0432882

Query Optimization Time: 1.90774

s_suppkey
sg = 3
Filter Build Kernel time GPU: 0.030720 d_datekey
sg = 3
Filter Build Kernel time GPU: 0.022528 Build time 0.14848
h_total: 0 output_estimate: 83886080 sg: 44
Probe Kernel time GPU: 2.008928 Transfer size: 0 sg: 44
Transfer Time : 0.007168 h_total: 0 output_estimate: 147849216 sg: 60
Probe Group Kernel time CPU: 0.002048 Probe Kernel time GPU: 3.783680 sg = 44 non demand time = 5.87651
Transfer size: 0 sg: 60
Transfer Time : 0.005120 Group Kernel time CPU: 0.001024 sg = 60 non demand time = 3.91792
Probe time 5.99757
Merge time 0.464
Result:
Res count = 0
Query Execution Time: 8.37958
CPU Time: 0.002048
GPU Time: 3.78368
Transfer Time: 0.007168
Malloc Time: 0.004096

11

 Query: 11 19930101 19931231
Query Prepare Time: 0.12288
 Query Prepare Time using cpu 0.000121117

Query Optimization Time: 1.6169

d_datekey
sg = 3
Filter Build Kernel time GPU: 0.026624 Build time 0.070656
h_total: 0 output_estimate: 321722 sg: 30
Filter Probe Kernel time GPU: 0.117760 Transfer size: 0 sg: 30
Transfer Time : 0.005120 Aggr Kernel time CPU: 0.002048 sg = 30 non demand time = 0.262304
h_total: 70470315 output_estimate: 110100480 sg: 22
Filter Kernel time CPU: 9.640960 Transfer size: 70470315 sg: 22
Transfer Time : 10.556416 h_total: 19065074 output_estimate: 28828764 sg: 22
Filter Probe Kernel time GPU: 2.343872 Transfer size: 19065074 sg: 22
Transfer Time : 5.926912 Aggr Kernel time CPU: 5.491712 sg = 22 non demand time = 34.1206
Probe time 34.2098
Merge time 0.003392
Result:
Res count = 0
Query Execution Time: 34.3536
CPU Time: 15.1327
GPU Time: 2.34387
Transfer Time: 16.4833
Malloc Time: 0.005952

Cached segment: 4999 Cache total: 5000
Successfully cached

Query 11 fraction: 0.335043 total: 5068 cached: 1698
Query 12 fraction: 0.286898 total: 5068 cached: 1454
Query 13 fraction: 0.335043 total: 5068 cached: 1698
Query 21 fraction: 0.757382 total: 4369 cached: 3309
Query 22 fraction: 0.801431 total: 4613 cached: 3697
Query 23 fraction: 0.801431 total: 4613 cached: 3697
Query 31 fraction: 0.763603 total: 4852 cached: 3705
Query 32 fraction: 0.763603 total: 4852 cached: 3705
Query 33 fraction: 0.732481 total: 4852 cached: 3554
Query 34 fraction: 0.682193 total: 4852 cached: 3310
Query 41 fraction: 0.694144 total: 6745 cached: 4682
Query 42 fraction: 0.684354 total: 6992 cached: 4785
Query 43 fraction: 0.684354 total: 6992 cached: 4785

 epoch end
 epoch start 
13

 Query: 13 19940204 19940210
Query Prepare Time: 0.113824
 Query Prepare Time using cpu 0.000112295

Query Optimization Time: 1.65069

d_datekey
sg = 3
Filter Build Kernel time GPU: 0.028576 Build time 0.073728
h_total: 0 output_estimate: 128688 sg: 30
Filter Probe Kernel time GPU: 0.123968 Transfer size: 0 sg: 30
Transfer Time : 0.006144 Aggr Kernel time CPU: 0.001024 sg = 30 non demand time = 0.308224
h_total: 171384 output_estimate: 386066 sg: 4
Filter Kernel time CPU: 0.766976 Transfer size: 171384 sg: 4
Transfer Time : 0.040960 h_total: 152125 output_estimate: 171384 sg: 4
Probe Kernel time GPU: 0.035968 Transfer size: 152125 sg: 4
Transfer Time : 0.068672 Aggr Kernel time CPU: 0.135168 sg = 4 non demand time = 1.17555
Probe time 1.21453
Merge time 0.001792
Result:
Res count = 0
Query Execution Time: 1.34147
CPU Time: 0.902144
GPU Time: 0.123968
Transfer Time: 0.109632
Malloc Time: 0.010368

22

 Query: 22 1 19981231
Query Prepare Time: 55.975
 Query Prepare Time using cpu 0.0559092

Query Optimization Time: 1.92717

s_suppkey
sg = 3
Filter Build Kernel time GPU: 0.026688 d_datekey
sg = 1
Build Kernel time GPU: 95.458305 Build time 95.5955
h_total: 0 output_estimate: 960495616 sg: 14
Probe Kernel time GPU: 62.530560 Transfer size: 0 sg: 14
Transfer Time : 0.004128 Group Kernel time CPU: 0.001024 sg = 14 non demand time = 62.6534
Probe time 62.6934
Merge time 0.599168
Result:
Res count = 0
Query Execution Time: 160.916
CPU Time: 0.001024
GPU Time: 95.4583
Transfer Time: 0.004128
Malloc Time: 0.003328

43

 Query: 43 19970101 19981231
Query Prepare Time: 42.8623
 Query Prepare Time using cpu 0.0428045

Query Optimization Time: 1.91898

s_suppkey
sg = 3
Filter Build Kernel time GPU: 0.030816 d_datekey
sg = 3
Filter Build Kernel time GPU: 0.021504 Build time 0.146464
h_total: 0 output_estimate: 83886080 sg: 44
Probe Kernel time GPU: 1.944576 Transfer size: 0 sg: 44
h_total: 0 output_estimate: 147849216 sg: 60
Probe Kernel time GPU: 3.590144 Transfer Time : 0.016384 Probe Group Kernel time CPU: 0.001952 sg = 44 non demand time = 5.6544
Transfer size: 0 sg: 60
Transfer Time : 0.010240 Group Kernel time CPU: 0.002048 sg = 60 non demand time = 3.7888
Probe time 5.78064
Merge time 0.560992
Result:
Res count = 0
Query Execution Time: 8.26739
CPU Time: 0.002048
GPU Time: 3.59014
Transfer Time: 0.016384
Malloc Time: 0.012128

41

 Query: 41 19920101 19981231
Query Prepare Time: 46.2733
 Query Prepare Time using cpu 0.0462711

Query Optimization Time: 1.97008

s_suppkey
sg = 3
Filter Build Kernel time GPU: 0.027648 p_partkey
sg = 3
Filter Build Kernel time GPU: 31.711231 d_datekey
sg = 1
Build Kernel time GPU: 11.069440 Build time 42.9619
h_total: 3994550 output_estimate: 83886080 sg: 44
Probe Kernel time GPU: 2.599968 Transfer size: 3994550 sg: 44
h_total: 0 output_estimate: 876609536 sg: 60
Probe Kernel time GPU: 26.194944 Transfer size: 0 sg: 60
Transfer Time : 0.001024 Group Kernel time CPU: 0.001024 Transfer Time : 3.286016 sg = 60 non demand time = 28.886
Probe Group Kernel time CPU: 2.080768 sg = 44 non demand time = 33.6097
Probe time 33.6732
Merge time 0.004448
Result:
Res count = 0
Query Execution Time: 76.7086
CPU Time: 2.08077
GPU Time: 31.7389
Transfer Time: 3.28602
Malloc Time: 0.00512

43

 Query: 43 19970101 19981231
Query Prepare Time: 43.7346
 Query Prepare Time using cpu 0.0436776

Query Optimization Time: 2.0441

s_suppkey
sg = 3
Filter Build Kernel time GPU: 0.031488 d_datekey
sg = 3
Filter Build Kernel time GPU: 0.021504 Build time 0.157696
h_total: 0 output_estimate: 83886080 sg: 44
Probe Kernel time GPU: 1.923040 Transfer size: 0 sg: 44
Transfer Time : 0.002048 Probe Group Kernel time CPU: 0.001024 h_total: 0 output_estimate: 147849216 sg: 60
sg = 44 non demand time = Probe Kernel time GPU: 3.620864 5.61565
Transfer size: 0 sg: 60
Transfer Time : 0.014336 Group Kernel time CPU: 0.003072 sg = 60 non demand time = 3.85126
Probe time 5.85008
Merge time 0.585248
Result:
Res count = 0
Query Execution Time: 8.3607
CPU Time: 0.003072
GPU Time: 3.62086
Transfer Time: 0.014336
Malloc Time: 0.008256

23

 Query: 23 1 19981231
Query Prepare Time: 63.4503
 Query Prepare Time using cpu 0.0633864

Query Optimization Time: 2.03264

s_suppkey
sg = 3
Filter Build Kernel time GPU: 0.028672 d_datekey
sg = 1
Build Kernel time GPU: 95.563774 Build time 95.7121
h_total: 0 output_estimate: 960495616 sg: 14
Probe Kernel time GPU: 26.642464 Transfer size: 0 sg: 14
Transfer Time : 0.004128 Group Kernel time CPU: 0.001024 sg = 14 non demand time = 26.7492
Probe time 26.7816
Merge time 0.754336
Result:
Res count = 0
Query Execution Time: 125.264
CPU Time: 0.001024
GPU Time: 95.5638
Transfer Time: 0.004128
Malloc Time: 0.004032

11

 Query: 11 19930101 19931231
Query Prepare Time: 0.101216
 Query Prepare Time using cpu 9.91821e-05

Query Optimization Time: 1.68653

d_datekey
sg = 3
Filter Build Kernel time GPU: 0.028832 Build time 0.072736
h_total: 0 output_estimate: 321722 sg: 30
Filter Probe Kernel time GPU: 0.121856 Transfer size: 0 sg: 30
Transfer Time : 0.009216 Aggr Kernel time CPU: 0.003072 sg = 30 non demand time = 0.336064
h_total: 70470315 output_estimate: 110100480 sg: 22
Filter Kernel time CPU: 18.695200 Transfer size: 70470315 sg: 22
Transfer Time : 10.552320 h_total: 19065074 output_estimate: 28828764 sg: 22
Filter Probe Kernel time GPU: 2.340960 Transfer size: 19065074 sg: 22
Transfer Time : 5.920768 Aggr Kernel time CPU: 5.806272 sg = 22 non demand time = 43.4401
Probe time 43.5292
Merge time 0.00384
Result:
Res count = 0
Query Execution Time: 43.6883
CPU Time: 24.5015
GPU Time: 2.34096
Transfer Time: 16.4731
Malloc Time: 0.007168

34

 Query: 34 19971201 19971231
Query Prepare Time: 21.2121
 Query Prepare Time using cpu 0.0211992

Query Optimization Time: 1.93229

s_suppkey
sg = 3
Filter Build Kernel time GPU: 0.025824 d_datekey
sg = 1
h_total: 31 output_estimate: 1048576 sg: 1
Filter Kernel time CPU: 0.369664 Transfer size: 31 sg: 1
Transfer Time: 0.008192 sg: 1
Build Kernel time GPU: 0.012448 Build time 0.560288
h_total: 0 output_estimate: 14680064 sg: 14
Probe Kernel time GPU: 0.349184 Transfer size: 0 sg: 14
Transfer Time : 0.004096 Group Kernel time CPU: 0.002048 sg = 14 non demand time = 0.449536
Probe time 0.470976
Merge time 0.304896
Result:
Res count = 0
Query Execution Time: 1.81117
CPU Time: 0.369664
GPU Time: 0.349184
Transfer Time: 0.008192
Malloc Time: 0.012288

33

 Query: 33 19920101 19971231
Query Prepare Time: 21.6647
 Query Prepare Time using cpu 0.0216508

Query Optimization Time: 1.82067

s_suppkey
sg = 3
Filter Build Kernel time GPU: 0.022528 d_datekey
sg = 3
Filter Build Kernel time GPU: 0.021472 Build time 0.119808
h_total: 0 output_estimate: 876609536 sg: 14
Probe Kernel time GPU: 19.680256 Transfer size: 0 sg: 14
Transfer Time : 0.004096 Group Kernel time CPU: 0.001024 sg = 14 non demand time = 19.7724
Probe time 19.796
Merge time 0.397536
Result:
Res count = 0
Query Execution Time: 20.7865
CPU Time: 0.001024
GPU Time: 19.6803
Transfer Time: 0.004096
Malloc Time: 0.003072

33

 Query: 33 19920101 19971231
Query Prepare Time: 22.3751
 Query Prepare Time using cpu 0.0223622

Query Optimization Time: 1.77766

s_suppkey
sg = 3
Filter Build Kernel time GPU: 0.025600 d_datekey
sg = 3
Filter Build Kernel time GPU: 0.020480 Build time 0.123904
h_total: 0 output_estimate: 876609536 sg: 14
Probe Kernel time GPU: 19.680256 Transfer size: 0 sg: 14
Transfer Time : 0.003936 Group Kernel time CPU: 0.001824 sg = 14 non demand time = 19.7754
Probe time 19.798
Merge time 0.436288
Result:
Res count = 0
Query Execution Time: 20.8312
CPU Time: 0.001824
GPU Time: 19.6803
Transfer Time: 0.003936
Malloc Time: 0.003904

21

 Query: 21 1 19981231
Query Prepare Time: 55.4014
 Query Prepare Time using cpu 0.0553372

Query Optimization Time: 1.96624

s_suppkey
sg = 3
Filter Build Kernel time GPU: 0.031744 p_partkey
sg = 1
p_partkey
sg = 3
Build Kernel time GPU: 60.183552 Filter Build Kernel time GPU: 3.889152 d_datekey
sg = 1
Build Kernel time GPU: 46.602081 Build time 107.028
h_total: 818527196 output_estimate: 960495616 sg: 14
Probe Kernel time GPU: 112.514206 Transfer size: 818527196 sg: 14
