Alloc ating 8000 MB GPU Cache and 36000 MB GPU Processing Region
959992225
959993607
959988832
959997159
959999488
959989568
959998082
959999813
959996771
959998631
959992612
959991717
959996352
959994051
959994754
959990561
959999300
959995331
959996163
959990720
959999398
959991840
959999587
959999073
959996773
959997158
959994369
959999045
959991077
959998919
959997540
959997541
959998917
959992994
959993984
959998853
959997796
959998372
959998375
959998151
959999266
959996263
959986977
959995046
959991302
959995717
959995620
959998209
959990788
959995751
959992641
959999046
959999585
959993027
959996103
959999521
959995779
959996866
959999968
959990785
959999717
959998725
959993826
959999201
959997669
959997030
959997191
959999524
959988513
959999810
959998311
959996225
959991873
959996707
959998370
959988130
959997126
959995424
959997344
959995174
959995525
959995744
959999972
959995042
959998595
959993222
959996519
959993126
959992737
959997858
959999106
959990018
959994630
959999429
959999780
959998752
959996517
959989925
959999878
959998272
959993509
959999744
959994465
959999075
959998374
959998786
959999584
959998021
959999494
959995044
959996195
959996546
959998400
959996071
959991136
959998244
959992963
959999685
959995398
959998406
959997633
959976646
959993350
959992231
959993986
959994880
959996608
959998496
959996704
959995270
959996993
959999974
959994181
959996034
959994759
959995009
959990369
959997892
959999906
959999299
959999237
959999392
959995430
959998662
959975462
959996899
959997504
959999781
959991365
959999296
959997473
959996515
959999492
959996675
959999110
959999911
959995297
959999844
959999840
959996902
959997027
959999136
959997920
959998690
959998694
959993606
959994851
959996385
959999074
959999873
959991202
959997025
959994247
959999396
959993698
959998594
959988583
959986786
959999431
959998084
959998789
959999556
959996644
959992134
959997987
959999236
959999042
959995781
959993859
959994848
959997251
959997063
959992192
959998756
959999559
959995271
959999751
959998499
959997508
959998438
959999558
959991685
959998885
959997957
959998950
959995527
959997318
959999623
959997988
959997382
959996448
959999331
959997670
959994596
959997729
959994432
959995232
959999267
959997601
959995653
959999904
959997345
959998437
959990020
959997830
959999111
959997219
959997668
959987365
959996615
959996133
959998148
959997701
959996963
959996740
959995811
959994918
959996194
959998944
959998339
959999329
959999169
959998566
959999493
959997923
959997124
959999428
959998913
959997921
959999078
959995234
959997509
959990629
959994791
959995749
959999298
959998498
959999363
959999877
959996992
959997028
959998816
959997671
959997477
959994114
959999335
959997093
959982119
959999235
959998820
959997478
959995941
959998338
959996580
959996416
959997538
959998723
959998080
959997378
959996230
959996864
959997734
959997955
959998119
959998212
959992320
959999459
959998790
959998083
959998181
959996481
959996292
959995334
959996096
959998980
959990535
959999360
959996833
959989158
959996900
959992996
959999333
959999203
959999938
959997697
959999782
959995265
959998851
959996834
959988226
959993762
959997122
959999206
959992836
959993505
959999910
959993729
959997922
959996705
959994821
959999362
959997252
959996160
959997312
959999460
959986560
959999713
959992551
959992163
959994854
959999200
959999973
959999815
959996999
959995429
959997505
959984867
959997377
959999654
959988804
959998915
959998182
959999748
959998146
959998753
959997954
959999522
959998656
959997990
959998245
959996579
959998309
959994823
959995171
959992327
959994244
959995936
959991686
959994021
959999777
959999588
959982981
959997666
959995585
959997059
959996647
959995045
959997123
959999425
959999461
959999876
959988098
959995906
959990725
959999589
959999718
959994400
959996932
959996324
959991431
959996870
959999367
959999424
959996070
959996516
959999109
959997057
959978914
959998022
959992868
959993122
959996837
959996387
959998818
959989860
959993441
959999783
959989731
959995815
959997956
959998565
959999652
959997952
959985446
959994624
959980711
959996896
959997986
959999463
959996102
959999940
959998691
959997573
959996032
959995940
959998916
959991687
959995810
959992416
959999941
959999908
959996386
959990689
959994116
959998692
959999265
959990245
959999841
959999269
959996224
959989824
959993569
959995590
959996390
959995783
959990660
959999874
959998471
959990180
959994466
959997056
959997313
959997218
959964226
959995008
959997062
959999361
959999076
959998918
959998435
959996611
959997797
959996164
959999138
959996359
959989445
959999684
959994529
959997315
959998439
959999936
959998563
959998179
959999520
959998211
959998177
959997827
959997925
959998822
959988097
959991776
959999745
959997440
959999332
959999846
959996804
959998727
959977957
959991174
959998788
959985984
959998180
959993574
959997441
959998213
959999618
959999238
959998754
959998402
959998273
959998947
959997026
959998247
959999650
959995206
959995716
959998852
959997799
959995782
959999268
959999683
959996227
959999077
959999430
959997606
959996064
959998501
959998951
959993830
959996198
959997415
959990848
959990978
959996487
959996960
959992486
959996295
959999746
959997156
959999462
959998114
959994180
959999426
959991555
959998624
959997893
959997637
959998630
959998564
959988001
959988289
959995520
959997762
959999264
959999015
959993348
959993601
959990791
959999137
959997861
959999041
959998981
959992901
959997862
959999875
959999554
959999715
959998053
959999527
959995938
959997831
959993159
959995012
959997895
959982695
959999142
959986085
959999648
959999297
959998176
959994340
959994724
959997889
959999943
959996965
959994786
959993153
959983328
959991105
959998115
959999970
959997185
959996738
959994213
959999616
959981317
959997152
959998342
959998434
959998017
959999719
959999207
959991811
959997568
959997479
959995654
959994790
959997859
959997350
959994758
959999620
959995557
959994278
959983111
959991488
959997829
959999458
959994691
959999687
959999653
959997575
960000000
959996933
959993444
959995616
959995207
959994497
959997286
959998598
959998949
959998530
959997638
959997088
959994755
959997255
959998465
959999655
959997250
959985858
959998468
959997507
959992262
959995491
959990499
959997253
959999171
959979523
959997570
959999686
959993281
959998657
959993475
959989028
959999040
959997319
959999399
959999014
959999270
959999393
959998887
959996099
959998242
959999043
959989894
959992166
959999622
959989383
959999779
959996484
959999681
959986529
959995456
959999552
959997031
959999812
959993412
959997924
959994375
959988327
959995650
959998978
959999072
959999845
959987525
959996069
959999239
959999847
959992289
959997445
959999139
959998433
959999872
959998785
959994401
959995584
959997475
959996995
959992997
959993799
959999778
959993892
959990467
959994022
959999271
959998886
959992386
959999008
959999937
959998693
959997991
959996518
959997447
959992037
959997767
959998658
959998599
959984839
959998791
959996550
959996485
959998241
959999682
959989122
959998596
959990402
959988321
959993862
959995459
959999366
959998466
959995907
959999750
959996576
959998531
959994592
959997347
959999905
959994982
959991558
959993797
959997699
959997702
959998561
959999975
959997092
959996869
959998695
959999969
959995425
959999651
959998979
959999397
959995680
959998977
959997539
959994822
959996196
959995395
959998912
959997280
959996100
959993636
959998118
959998404
959995300
959999590
959998405
959986148
959999971
959996836
959991714
959998821
959998016
959993188
959999716
959996358
959994337
959999557
959999942
959991271
959999174
959996801
959997314
959997860
959991525
959994054
959999811
959996806
959998946
959997029
959999808
959992772
959990118
959995296
959999365
959996199
959996192
959993669
959996613
959999649
959998854
959993923
959974305
959997891
959998150
959992419
959999555
959995137
959989056
959999523
959995460
959999427
959987014
959995175
959997824
959999495
959996710
959986726
959990949
959995747
959994017
959992580
959998689
959997186
959999526
959997472
959996803
959998243
959998850
959994977
959997766
959999621
959997696
959993701
959996037
959997959
959996326
959999525
959988707
959999456
959984422
959998560
959989317
959992967
959996743
959998726
959993703
959998629
959987751
959998626
959998368
959992672
959999879
959987011
959997761
959990726
959998533
959995970
959991941
959998855
959999680
959997317
959995299
959998914
959990819
959998755
959998720
959998625
959998373
959999491
959998759
959995138
959995428
959995878
959995136
959993605
959998308
959998306
959986788
959999140
959993414
959996419
959996261
959997408
959999909
959999394
959998470
959996066
959995809
959999907
959989508
959996513
959999747
959983335
959996674
959991461
959998240
959997248
959993187
959998848
959999749
959996067
959989633
959988996
959995492
959999714
959999457
959998880
959992197
959999814
959994950
959996128
959998055
959998661
959991335
959999617
959999843
959984835
959999939
959997376
959997635
959999108
959995555
959986273
959998784
959996483
959999776
959996291
959995619
959999712
959995329
959999170
959999105
959995140
959999809
959978695
 the seg index is 916 320000
320000
319999
320000
320000
320000
320000
320000
320000
320000
320000
320000
320000
320000
320000
320000
320000
320000
320000
320000
320000
320000
319999
320000
320000
320000
320000
320000
320000
320000
320000
320000
320000
320000
320000
320000
320000
320000
320000
320000
319999
320000
320000
320000
320000
320000
320000
320000
320000
320000
320000
320000
320000
320000
320000
319999
320000
320000
320000
320000
320000
320000
320000
320000
320000
320000
319999
320000
320000
320000
320000
320000
320000
320000
320000
320000
320000
320000
320000
320000
320000
320000
320000
320000
320000
320000
320000
320000
320000
320000
320000
320000
320000
320000
320000
320000
320000
320000
320000
320000
320000
320000
320000
320000
320000
320000
320000
319999
320000
320000
320000
320000
320000
320000
320000
320000
320000
320000
320000
320000
320000
320000
320000
319999
320000
320000
320000
320000
320000
320000
320000
320000
320000
320000
320000
320000
320000
320000
320000
320000
320000
320000
319999
320000
320000
320000
320000
320000
320000
320000
320000
320000
320000
320000
320000
320000
320000
320000
319999
320000
320000
320000
320000
320000
320000
320000
320000
320000
320000
320000
320000
320000
320000
320000
320000
320000
320000
320000
320000
320000
320000
320000
320000
320000
320000
320000
320000
320000
320000
320000
320000
320000
320000
320000
320000
320000
320000
320000
320000
320000
320000
320000
320000
320000
320000
320000
320000
320000
320000
320000
320000
319999
320000
320000
320000
320000
320000
320000
320000
319999
320000
320000
320000
320000
320000
320000
320000
320000
320000
320000
320000
320000
320000
320000
320000
320000
320000
320000
320000
320000
320000
320000
320000
320000
319999
320000
320000
320000
320000
320000
320000
320000
320000
319999
320000
320000
320000
320000
320000
320000
320000
320000
320000
320000
320000
320000
320000
320000
320000
320000
320000
319999
320000
320000
320000
320000
320000
320000
320000
320000
320000
320000
320000
320000
320000
320000
320000
319999
320000
320000
320000
320000
320000
320000
320000
320000
320000
320000
320000
320000
320000
320000
319999
320000
320000
319999
320000
320000
320000
320000
320000
320000
320000
320000
320000
320000
320000
320000
320000
320000
320000
320000
320000
320000
320000
320000
320000
320000
320000
320000
320000
320000
320000
320000
320000
320000
320000
320000
320000
320000
320000
320000
320000
320000
319999
320000
320000
320000
320000
320000
320000
320000
320000
320000
320000
320000
320000
320000
320000
320000
320000
320000
320000
320000
320000
320000
320000
320000
320000
320000
320000
320000
320000
320000
320000
319999
320000
320000
320000
320000
320000
320000
320000
320000
320000
320000
319999
320000
320000
320000
320000
320000
320000
320000
320000
320000
320000
320000
320000
320000
320000
320000
319999
320000
320000
320000
320000
320000
320000
320000
320000
320000
320000
320000
320000
320000
320000
320000
320000
320000
320000
320000
320000
320000
320000
320000
320000
320000
320000
320000
320000
320000
320000
320000
320000
320000
320000
320000
320000
320000
320000
320000
320000
320000
320000
320000
320000
320000
320000
320000
320000
320000
320000
320000
320000
320000
320000
320000
320000
320000
320000
320000
320000
320000
320000
320000
320000
320000
320000
320000
319999
320000
320000
320000
320000
319999
320000
320000
320000
320000
320000
320000
320000
320000
320000
320000
320000
320000
320000
320000
320000
320000
320000
319999
320000
320000
320000
320000
320000
320000
320000
320000
320000
320000
320000
320000
320000
320000
320000
320000
320000
320000
320000
320000
320000
320000
320000
320000
320000
320000
320000
320000
320000
320000
320000
320000
320000
320000
320000
320000
320000
320000
320000
320000
320000
320000
320000
320000
320000
320000
320000
320000
320000
320000
320000
320000
320000
320000
320000
320000
320000
320000
320000
320000
320000
320000
320000
320000
320000
320000
320000
320000
320000
320000
320000
320000
319999
320000
320000
320000
320000
320000
320000
320000
320000
320000
320000
320000
320000
320000
320000
320000
320000
320000
320000
320000
320000
320000
320000
320000
320000
319999
320000
320000
320000
320000
320000
320000
320000
320000
320000
320000
320000
320000
320000
320000
320000
320000
320000
320000
320000
320000
320000
320000
320000
320000
320000
320000
320000
320000
320000
320000
320000
320000
320000
320000
320000
320000
320000
320000
320000
320000
320000
320000
320000
319999
320000
320000
320000
319999
320000
320000
320000
320000
320000
320000
320000
320000
320000
320000
320000
320000
320000
320000
320000
320000
320000
320000
319999
320000
320000
320000
320000
320000
320000
320000
320000
320000
320000
320000
320000
320000
320000
320000
320000
320000
320000
320000
320000
320000
319999
320000
320000
320000
320000
320000
320000
320000
320000
320000
320000
320000
320000
320000
319999
320000
320000
320000
320000
320000
320000
320000
320000
320000
320000
319998
320000
320000
320000
320000
320000
320000
320000
320000
320000
320000
320000
320000
320000
320000
320000
319999
320000
320000
320000
320000
320000
320000
320000
320000
320000
320000
319999
320000
320000
320000
320000
320000
320000
319999
320000
320000
320000
320000
320000
320000
320000
320000
320000
320000
320000
320000
320000
320000
320000
320000
320000
320000
320000
320000
320000
320000
320000
320000
320000
320000
320000
320000
320000
320000
320000
320000
320000
320000
320000
320000
320000
320000
320000
320000
320000
320000
320000
320000
320000
320000
320000
319999
320000
320000
320000
320000
320000
320000
320000
320000
320000
319999
320000
320000
320000
320000
320000
320000
320000
320000
320000
320000
320000
320000
320000
320000
320000
320000
320000
320000
320000
320000
320000
320000
320000
320000
319999
320000
320000
320000
320000
320000
320000
320000
320000
320000
320000
320000
320000
320000
320000
320000
320000
320000
320000
320000
320000
320000
320000
320000
319999
319999
320000
320000
320000
320000
320000
320000
320000
320000
320000
319999
320000
320000
320000
320000
320000
320000
320000
320000
320000
320000
320000
320000
320000
319999
320000
320000
320000
319999
320000
320000
320000
320000
320000
320000
320000
320000
320000
320000
320000
320000
320000
320000
320000
320000
320000
320000
320000
320000
320000
320000
320000
320000
320000
320000
320000
320000
320000
320000
320000
320000
319999
320000
320000
320000
320000
320000
320000
320000
 the seg index is 916 4799969
4799977
4799962
4799995
4799989
4799993
4799995
4799998
4799971
4799938
4799974
4799956
4799981
4799998
4799998
4799998
4799989
4799977
4799999
4799983
4799971
4799995
4799995
4799951
4799971
4799990
4799993
4799989
4799995
4799975
4799996
4799984
4799962
4799986
4799996
4799935
4799959
4799999
4799977
4799908
4799986
4799987
4799978
4799995
4799998
4799999
4799999
4799969
4799999
4799956
4799992
4799998
4799987
4799965
4799954
4799983
4799995
4799993
4799986
4799908
4799978
4799975
4799998
4799980
4799999
4799998
4799977
4799989
4799902
4799989
4799999
4799986
4799959
4799999
4799992
4799996
4799993
4799983
4799996
4799998
4799995
4799999
4799950
4799962
4799983
4799996
4799980
4799993
4799978
4799983
4799992
4799992
4799948
4799974
4799996
4799992
4799980
4799986
4799996
4799986
4799998
4799987
4799996
4799935
4799962
4799993
4799995
4799999
4799998
4799995
4799987
4799995
4799992
4799974
4799972
4799989
4799953
4799995
4799984
4799962
4799987
4799974
4799968
4799968
4799980
4799983
4799966
4799974
4799984
4799986
4799990
4799999
4799989
4799999
4799993
4799989
4799998
4799992
4799995
4799989
4799981
4799983
4799993
4799993
4799968
4799995
4799986
4799998
4799974
4799999
4799999
4799996
4799999
4799957
4799986
4799978
4799968
4799995
4799998
4799977
4799984
4799987
4799986
4799969
4799971
4799995
4799998
4799966
4799981
4799950
4799989
4799993
4799998
4799957
4799999
4799995
4799998
4799999
4799999
4799999
4799989
4799980
4799995
4799990
4799978
4799998
4799978
4799989
4799968
4799996
4799989
4799968
4799990
4799992
4799983
4799978
4799977
4799995
4799987
4799995
4799990
4799944
4799990
4799996
4799989
4799975
4799990
4799999
4799995
4799993
4799998
4799983
4799980
4799995
4799989
4799984
4799984
4799998
4799968
4799998
4799944
4799972
4799969
4799995
4799978
4799999
4799993
4799977
4799965
4799996
4799962
4799989
4799995
4799995
4799983
4799992
4799947
4799977
4799996
4799984
4799999
4799995
4799983
4799992
4799944
4799981
4799998
4799990
4799999
4799986
4799966
4799998
4799980
4799971
4799969
4799992
4799999
4799951
4799974
4799987
4799966
4799986
4799998
4799995
4799974
4799998
4799984
4799965
4799998
4799980
4799980
4799992
4799992
4799990
4799992
4799992
4799987
4799966
4799992
4799999
4799986
4799974
4799981
4799953
4799980
4799998
4799999
4799977
4799993
4799993
4799959
4799992
4799981
4799977
4799959
4799978
4799983
4799999
4799998
4799995
4799978
4799995
4799984
4799962
4799971
4799977
4799999
4799980
4799993
4799989
4799999
4799998
4799974
4799984
4799905
4799999
4799998
4799996
4799989
4799992
4799999
4799992
4799984
4799959
4799980
4799999
4799996
4799980
4799978
4799969
4799999
4799998
4799989
4799947
4799993
4799996
4799983
4799941
4799975
4799989
4799995
4799965
4799993
4799990
4799992
4799998
4799989
4799993
4799999
4799959
4799953
4799992
4799999
4799998
4799971
4799969
4799993
4799968
4799989
4799990
4799936
4799954
4799998
4799980
4799963
4799999
4799989
4799983
4799992
4799984
4799998
4799999
4799996
4799999
4799999
4799999
4799989
4799989
4799959
4799966
4799986
4799999
4799984
4799999
4799984
4799966
4799998
4799995
4799986
4799917
4799995
4799986
4799986
4799980
4799992
4799989
4799978
4799992
4799999
4799966
4799972
4799999
4799954
4799998
4799963
4799969
4799983
4799992
4799959
4799953
4799977
4799971
4799965
4799968
4799996
4799992
4799999
4799995
4799983
4799912
4799998
4799959
4799981
4799977
4799963
4799995
4799936
4799969
4799959
4799998
4799999
4799984
4799999
4799992
4799906
4799980
4799953
4799962
4799965
4799987
4799990
4799989
4799999
4799992
4799968
4799992
4799980
4799999
4799984
4799990
4799999
4799915
4799923
4799980
4799978
4799998
4799992
4799998
4799987
4799977
4799998
4799998
4799990
4799989
4799980
4799965
4799986
4799999
4799989
4799990
4799965
4799990
4799986
4799989
4799944
4799992
4799972
4799998
4799999
4799996
4799953
4799980
4799995
4799992
4799995
4799941
4799999
4799993
4799987
4799999
4799990
4799998
4799968
4799986
4799983
4799989
4799971
4799993
4799977
4799944
4799996
4799995
4799960
4799962
4799965
4799992
4799987
4799990
4799944
4799944
4799998
4799969
4799971
4799992
4799974
4799995
4799983
4799992
4799999
4799998
4799993
4799993
4799974
4799974
4799956
4799953
4799996
4799947
4799977
4799986
4799963
4799974
4799996
4799981
4799980
4799971
4799990
4799995
4799999
4799996
4799992
4799989
4799945
4799995
4799968
4799954
4799996
4799992
4799977
4799992
4799992
4799992
4799995
4799989
4799945
4799999
4799966
4799999
4799992
4799953
4799986
4799971
4799992
4799992
4799998
4799987
4799999
4799951
4799953
4799989
4799999
4799983
4799998
4799989
4799978
4799998
4799999
4799987
4799954
4799989
4799956
4799983
4799998
4799968
4799981
4799974
4799974
4799996
4799969
4799992
4799995
4799992
4799999
4799987
4799998
4799983
4799951
4799986
4799992
4799983
4799989
4799968
4799999
4799990
4799983
4799987
4799998
4799989
4799986
4799980
4799971
4799995
4799992
4799942
4799971
4799993
4799996
4799989
4799995
4799995
4799956
4799968
4799903
4799932
4799995
4799993
4799966
4799992
4799999
4799974
4799981
4799968
4799998
4799968
4799989
4799983
4799989
4799996
4799959
4799989
4799999
4799986
4799999
4799996
4799998
4799980
4799968
4799998
4799968
4799956
4799999
4799986
4799998
4799987
4799999
4799993
4799992
4799983
4799990
4799998
4799998
4799962
4799992
4799980
4799999
4799992
4799995
4799981
4799954
4799990
4799995
4799998
4799990
4799998
4799954
4799972
4799963
4799992
4799999
4799998
4799998
4799992
4799986
4799999
4799990
4799989
4799999
4799999
4799992
4799999
4799968
4799977
4799971
4799975
4799971
4799974
4799995
4799986
4799998
4799999
4799983
4799987
4799995
4799965
4799983
4799992
4799980
4799998
4799995
4799992
4799974
4799999
4799996
4799968
4799971
4799995
4799998
4799995
4799998
4799971
4799971
4799993
4799996
4799992
4799986
4799987
4799977
4799971
4799971
4799999
4799951
4799969
4799998
4799996
4799992
4799995
4799999
4799965
4799998
4799993
4799990
4799983
4799980
4799998
4799963
4799984
4799998
4799971
4799947
4799992
4799999
4799995
4799968
4799989
4799950
4799984
4799995
4799995
4799999
4799977
4799984
4799962
4799971
4799998
4799980
4799984
4799956
4799965
4799977
4799992
4799995
4799986
4799978
4799992
4799998
4799968
4799993
4799996
4799981
4799995
4799965
4799986
4799948
4799984
4799980
4799998
4799959
4799998
4799999
4799924
4799960
4799996
4799972
4799998
4799983
4799965
4799983
4799986
4799980
4799999
4799989
4799998
4799998
4799992
4799999
4799984
4799999
4799977
4799993
4799990
4799968
4799989
4799989
4799980
4799984
4799998
4799983
4799993
4799986
4799989
4799999
4799998
4799999
4799992
4799989
4799974
4799999
4799999
4799986
4799995
4799986
4799995
4799987
4799968
4799996
4799993
4799995
4799998
4799983
4799995
4799995
4799959
4799998
4799998
4799999
4799996
4799995
4799999
4799993
4799968
4799989
4799998
4799968
4799999
4799984
4799980
4799990
4799938
4799983
4799972
4799959
4799990
4799999
4799992
4799996
4799995
4799966
4799993
4799975
4799989
4799999
4799987
4799989
4799996
4799999
4799915
4799996
4799936
4799977
4799989
4799989
4799926
4799987
4799999
4799968
4799990
4799992
4799996
4799996
4799998
4799999
4799990
4799984
4799983
4799999
4799980
4799989
4799983
4799983
4799968
4799999
4799974
4799984
4799977
4799999
4799987
4799992
4799993
4799971
4799975
4799974
4799987
4799996
4799980
4799999
4799980
 the seg index is 916 1199998
1199999
1199999
1200000
1199995
1199996
1199999
1200000
1200000
1200000
1199997
1199999
1200000
1199999
1199997
1200000
1200000
1199998
1199999
1199999
1199999
1200000
1199999
1200000
1200000
1199998
1200000
1200000
1200000
1199999
1200000
1200000
1200000
1200000
1200000
1200000
1200000
1199999
1200000
1199998
1200000
1200000
1199998
1200000
1200000
1199999
1199999
1199993
1199999
1200000
1199999
1200000
1200000
1200000
1200000
1199999
1200000
1200000
1200000
1199999
1200000
1200000
1200000
1200000
1200000
1200000
1199998
1200000
1200000
1200000
1199996
1200000
1200000
1199999
1200000
1200000
1199999
1200000
1200000
1199999
1199999
1200000
1200000
1199999
1200000
1199999
1200000
1200000
1200000
1200000
1199999
1200000
1200000
1200000
1199999
1200000
1199998
1199998
1200000
1200000
1199999
1200000
1200000
1200000
1200000
1200000
1200000
1199999
1199998
1200000
1199999
1199998
1199999
1200000
1200000
1200000
1200000
1200000
1200000
1199998
1200000
1199998
1200000
1199997
1200000
1199998
1199998
1199997
1199999
1200000
1199999
1200000
1199999
1199998
1199997
1199999
1200000
1199998
1200000
1199998
1199999
1200000
1199999
1200000
1200000
1199999
1200000
1200000
1200000
1200000
1200000
1200000
1199998
1200000
1199999
1199999
1200000
1199999
1200000
1199996
1199999
1200000
1199995
1199999
1200000
1199999
1199999
1199999
1200000
1200000
1200000
1200000
1199999
1199999
1200000
1200000
1200000
1200000
1200000
1199999
1199998
1200000
1200000
1199999
1200000
1200000
1200000
1200000
1200000
1199999
1200000
1200000
1200000
1200000
1200000
1199996
1199997
1200000
1200000
1200000
1200000
1200000
1199999
1199999
1200000
1200000
1200000
1200000
1200000
1200000
1200000
1200000
1199997
1200000
1199998
1199999
1200000
1200000
1200000
1200000
1200000
1200000
1199999
1200000
1199998
1200000
1199999
1200000
1199999
1199999
1199999
1199999
1200000
1200000
1200000
1200000
1200000
1200000
1199998
1200000
1200000
1200000
1199998
1199998
1199999
1199999
1200000
1200000
1199998
1199997
1200000
1200000
1199999
1200000
1199999
1200000
1199996
1199998
1200000
1200000
1200000
1200000
1200000
1200000
1199998
1199998
1200000
1200000
1199995
1200000
1200000
1200000
1200000
1200000
1200000
1200000
1199997
1199999
1199997
1200000
1199999
1200000
1200000
1199998
1199999
1199998
1200000
1199999
1200000
1199998
1199998
1200000
1200000
1199999
1200000
1199999
1200000
1199999
1200000
1200000
1199997
1200000
1199999
1200000
1200000
1200000
1199999
1199999
1200000
1200000
1199999
1199999
1200000
1200000
1199997
1200000
1200000
1200000
1199998
1199999
1199998
1199999
1199998
1200000
1200000
1199999
1200000
1199999
1200000
1199998
1200000
1199999
1200000
1200000
1199999
1199999
1199996
1199998
1200000
1200000
1200000
1199998
1199999
1200000
1200000
1200000
1200000
1199999
1199999
1199999
1200000
1200000
1200000
1200000
1199997
1200000
1200000
1200000
1200000
1200000
1200000
1199999
1200000
1200000
1199999
1199994
1200000
1200000
1200000
1200000
1200000
1200000
1200000
1199999
1199999
1200000
1199999
1200000
1200000
1200000
1200000
1200000
1200000
1200000
1199998
1199998
1199998
1200000
1200000
1199998
1200000
1199999
1200000
1200000
1200000
1200000
1199999
1199998
1199998
1199999
1199999
1199999
1200000
1199997
1200000
1200000
1200000
1200000
1200000
1200000
1200000
1200000
1200000
1200000
1200000
1200000
1200000
1199998
1200000
1199999
1199999
1199998
1200000
1200000
1199999
1200000
1199999
1199999
1200000
1200000
1199999
1200000
1200000
1200000
1200000
1199999
1200000
1199998
1199999
1199999
1200000
1200000
1199999
1200000
1199999
1200000
1199999
1200000
1200000
1200000
1200000
1199997
1200000
1199999
1199999
1200000
1200000
1199999
1200000
1199999
1199999
1199998
1200000
1200000
1200000
1200000
1199999
1199998
1200000
1199996
1199999
1200000
1199997
1200000
1200000
1199994
1200000
1199998
1199999
1199999
1200000
1200000
1199999
1200000
1200000
1199999
1199997
1200000
1200000
1200000
1200000
1199999
1200000
1200000
1200000
1200000
1199999
1199999
1200000
1199999
1199999
1200000
1200000
1200000
1200000
1200000
1200000
1199997
1199999
1200000
1200000
1199998
1199999
1200000
1199999
1199997
1199999
1199998
1199999
1199998
1199999
1200000
1199998
1200000
1200000
1199999
1200000
1200000
1200000
1199996
1200000
1200000
1200000
1200000
1200000
1199999
1199998
1200000
1199998
1200000
1200000
1199999
1200000
1199999
1199999
1200000
1200000
1199999
1200000
1200000
1200000
1200000
1200000
1200000
1199998
1200000
1200000
1199999
1200000
1200000
1200000
1199999
1200000
1200000
1200000
1199998
1200000
1200000
1199999
1199999
1199999
1200000
1200000
1199999
1199998
1200000
1200000
1200000
1199999
1200000
1200000
1199999
1199999
1200000
1200000
1200000
1200000
1200000
1199998
1200000
1200000
1200000
1200000
1200000
1200000
1199999
1199997
1200000
1200000
1199999
1200000
1199999
1200000
1200000
1200000
1200000
1199998
1199996
1200000
1200000
1199998
1199998
1200000
1199999
1200000
1200000
1199996
1200000
1200000
1200000
1200000
1200000
1199999
1200000
1200000
1200000
1200000
1199997
1200000
1199999
1200000
1199999
1199998
1199998
1200000
1200000
1199999
1199999
1200000
1199999
1199998
1200000
1200000
1199999
1199999
1200000
1200000
1200000
1200000
1200000
1200000
1200000
1200000
1199999
1199999
1200000
1200000
1199998
1200000
1200000
1200000
1200000
1199999
1199998
1200000
1199996
1200000
1200000
1200000
1199999
1200000
1200000
1200000
1199999
1200000
1200000
1200000
1200000
1200000
1200000
1199999
1200000
1199999
1200000
1199999
1199999
1199998
1199998
1200000
1199998
1199999
1200000
1199997
1200000
1200000
1200000
1200000
1200000
1199999
1200000
1199999
1200000
1199996
1199999
1200000
1200000
1200000
1199999
1199999
1200000
1200000
1200000
1200000
1200000
1200000
1200000
1199999
1200000
1199999
1200000
1199999
1199999
1200000
1200000
1200000
1200000
1200000
1200000
1200000
1200000
1199996
1199999
1199999
1199997
1199999
1200000
1199998
1199998
1199997
1200000
1200000
1199999
1199998
1200000
1200000
1199999
1200000
1199997
1199999
1200000
1200000
1199999
1199997
1200000
1200000
1199999
1199997
1200000
1200000
1199999
1200000
1200000
1200000
1200000
1200000
1199999
1200000
1199998
1200000
1200000
1199999
1199999
1200000
1199999
1200000
1200000
1199998
1199998
1199999
1200000
1200000
1199999
1200000
1200000
1200000
1200000
1199998
1200000
1199999
1200000
1200000
1200000
1200000
1199999
1200000
1200000
1199999
1200000
1200000
1199999
1200000
1200000
1199996
1200000
1199998
1200000
1199999
1200000
1199998
1200000
1200000
1199999
1200000
1200000
1199999
1199999
1199998
1200000
1199998
1200000
1200000
1200000
1200000
1199999
1200000
1199999
1200000
1199998
1199999
1199998
1199996
1199997
1199999
1200000
1199995
1199997
1199998
1200000
1200000
1199997
1199999
1200000
1200000
1200000
1200000
1200000
1200000
1200000
1200000
1200000
1199999
1200000
1200000
1199997
1199999
1200000
1200000
1200000
1200000
1199999
1199999
1199999
1200000
1200000
1200000
1200000
1199998
1200000
1200000
1199996
1200000
1199999
1199999
1199999
1200000
1200000
1199998
1199999
1199995
1200000
1200000
1199998
1200000
1199999
1199995
1199999
1200000
1200000
1199996
1200000
1200000
1200000
1200000
1200000
1200000
1200000
1200000
1199997
1200000
1199998
1200000
1199998
1200000
1200000
1200000
1200000
1200000
1199999
1200000
1200000
1200000
1200000
1200000
1199999
1200000
1199999
 the seg index is 916 19920103
19920106
19920108
19920111
19920114
19920116
19920119
19920122
19920124
19920127
19920129
19920201
19920204
19920206
19920209
19920212
19920214
19920217
19920219
19920222
19920225
19920227
19920301
19920304
19920306
19920309
19920311
19920314
19920317
19920319
19920322
19920325
19920327
19920330
19920401
19920404
19920407
19920409
19920412
19920415
19920417
19920420
19920422
19920425
19920428
19920430
19920503
19920506
19920508
19920511
19920514
19920516
19920519
19920521
19920524
19920527
19920529
19920601
19920604
19920606
19920609
19920611
19920614
19920617
19920619
19920622
19920625
19920627
19920630
19920702
19920705
19920708
19920710
19920713
19920716
19920718
19920721
19920723
19920726
19920729
19920731
19920803
19920806
19920808
19920811
19920814
19920816
19920819
19920821
19920824
19920827
19920829
19920901
19920904
19920906
19920909
19920911
19920914
19920917
19920919
19920922
19920925
19920927
19920930
19921002
19921005
19921008
19921010
19921013
19921016
19921018
19921021
19921023
19921026
19921029
19921031
19921103
19921106
19921108
19921111
19921114
19921116
19921119
19921121
19921124
19921127
19921129
19921202
19921205
19921207
19921210
19921212
19921215
19921218
19921220
19921223
19921226
19921228
19921231
19930102
19930105
19930108
19930110
19930113
19930116
19930118
19930121
19930123
19930126
19930129
19930131
19930203
19930206
19930208
19930211
19930214
19930216
19930219
19930221
19930224
19930227
19930301
19930304
19930307
19930309
19930312
19930314
19930317
19930320
19930322
19930325
19930328
19930330
19930402
19930404
19930407
19930410
19930412
19930415
19930418
19930420
19930423
19930425
19930428
19930501
19930503
19930506
19930509
19930511
19930514
19930516
19930519
19930522
19930524
19930527
19930530
19930601
19930604
19930606
19930609
19930612
19930614
19930617
19930620
19930622
19930625
19930628
19930630
19930703
19930705
19930708
19930711
19930713
19930716
19930719
19930721
19930724
19930726
19930729
19930801
19930803
19930806
19930809
19930811
19930814
19930816
19930819
19930822
19930824
19930827
19930830
19930901
19930904
19930906
19930909
19930912
19930914
19930917
19930920
19930922
19930925
19930927
19930930
19931003
19931005
19931008
19931011
19931013
19931016
19931019
19931021
19931024
19931026
19931029
19931101
19931103
19931106
19931109
19931111
19931114
19931116
19931119
19931122
19931124
19931127
19931130
19931202
19931205
19931207
19931210
19931213
19931215
19931218
19931221
19931223
19931226
19931229
19931231
19940103
19940105
19940108
19940111
19940113
19940116
19940119
19940121
19940124
19940126
19940129
19940201
19940203
19940206
19940209
19940211
19940214
19940216
19940219
19940222
19940224
19940227
19940302
19940304
19940307
19940310
19940312
19940315
19940317
19940320
19940323
19940325
19940328
19940331
19940402
19940405
19940407
19940410
19940413
19940415
19940418
19940421
19940423
19940426
19940428
19940501
19940504
19940506
19940509
19940512
19940514
19940517
19940519
19940522
19940525
19940527
19940530
19940602
19940604
19940607
19940609
19940612
19940615
19940617
19940620
19940623
19940625
19940628
19940630
19940703
19940706
19940708
19940711
19940714
19940716
19940719
19940721
19940724
19940727
19940729
19940801
19940804
19940806
19940809
19940812
19940814
19940817
19940819
19940822
19940825
19940827
19940830
19940902
19940904
19940907
19940909
19940912
19940915
19940917
19940920
19940923
19940925
19940928
19940930
19941003
19941006
19941008
19941011
19941014
19941016
19941019
19941021
19941024
19941027
19941029
19941101
19941104
19941106
19941109
19941111
19941114
19941117
19941119
19941122
19941125
19941127
19941130
19941202
19941205
19941208
19941210
19941213
19941216
19941218
19941221
19941223
19941226
19941229
19941231
19950103
19950106
19950108
19950111
19950114
19950116
19950119
19950121
19950124
19950127
19950129
19950201
19950204
19950206
19950209
19950211
19950214
19950217
19950219
19950222
19950225
19950227
19950302
19950304
19950307
19950310
19950312
19950315
19950318
19950320
19950323
19950326
19950328
19950331
19950402
19950405
19950408
19950410
19950413
19950416
19950418
19950421
19950423
19950426
19950429
19950501
19950504
19950507
19950509
19950512
19950514
19950517
19950520
19950522
19950525
19950528
19950530
19950602
19950604
19950607
19950610
19950612
19950615
19950618
19950620
19950623
19950625
19950628
19950701
19950703
19950706
19950709
19950711
19950714
19950716
19950719
19950722
19950724
19950727
19950730
19950801
19950804
19950806
19950809
19950812
19950814
19950817
19950820
19950822
19950825
19950827
19950830
19950902
19950904
19950907
19950910
19950912
19950915
19950918
19950920
19950923
19950925
19950928
19951001
19951003
19951006
19951009
19951011
19951014
19951016
19951019
19951022
19951024
19951027
19951030
19951101
19951104
19951106
19951109
19951112
19951114
19951117
19951120
19951122
19951125
19951127
19951130
19951203
19951205
19951208
19951211
19951213
19951216
19951219
19951221
19951224
19951226
19951229
19960101
19960103
19960106
19960109
19960111
19960114
19960116
19960119
19960122
19960124
19960127
19960130
19960201
19960204
19960206
19960209
19960212
19960214
19960217
19960220
19960222
19960225
19960227
19960301
19960304
19960306
19960309
19960312
19960314
19960317
19960319
19960322
19960325
19960327
19960330
19960402
19960404
19960407
19960409
19960412
19960415
19960417
19960420
19960423
19960425
19960428
19960501
19960503
19960506
19960508
19960511
19960514
19960516
19960519
19960522
19960524
19960527
19960529
19960601
19960604
19960606
19960609
19960612
19960614
19960617
19960619
19960622
19960625
19960627
19960630
19960703
19960705
19960708
19960711
19960713
19960716
19960718
19960721
19960724
19960726
19960729
19960801
19960803
19960806
19960808
19960811
19960814
19960816
19960819
19960822
19960824
19960827
19960829
19960901
19960904
19960906
19960909
19960912
19960914
19960917
19960919
19960922
19960925
19960927
19960930
19961003
19961005
19961008
19961011
19961013
19961016
19961018
19961021
19961024
19961026
19961029
19961101
19961103
19961106
19961108
19961111
19961114
19961116
19961119
19961122
19961124
19961127
19961129
19961202
19961205
19961207
19961210
19961213
19961215
19961218
19961220
19961223
19961226
19961228
19961231
19970103
19970105
19970108
19970110
19970113
19970116
19970118
19970121
19970124
19970126
19970129
19970131
19970203
19970206
19970208
19970211
19970214
19970216
19970219
19970222
19970224
19970227
19970301
19970304
19970307
19970309
19970312
19970315
19970317
19970320
19970322
19970325
19970328
19970330
19970402
19970405
19970407
19970410
19970412
19970415
19970418
19970420
19970423
19970426
19970428
19970501
19970503
19970506
19970509
19970511
19970514
19970517
19970519
19970522
19970524
19970527
19970530
19970601
19970604
19970607
19970609
19970612
19970615
19970617
19970620
19970622
19970625
19970628
19970630
19970703
19970706
19970708
19970711
19970713
19970716
19970719
19970721
19970724
19970727
19970729
19970801
19970803
19970806
19970809
19970811
19970814
19970817
19970819
19970822
19970824
19970827
19970830
19970901
19970904
19970907
19970909
19970912
19970914
19970917
19970920
19970922
19970925
19970928
19970930
19971003
19971005
19971008
19971011
19971013
19971016
19971019
19971021
19971024
19971026
19971029
19971101
19971103
19971106
19971109
19971111
19971114
19971117
19971119
19971122
19971124
19971127
19971130
19971202
19971205
19971208
19971210
19971213
19971215
19971218
19971221
19971223
19971226
19971229
19971231
19980103
19980105
19980108
19980111
19980113
19980116
19980119
19980121
19980124
19980126
19980129
19980201
19980203
19980206
19980209
19980211
19980214
19980216
19980219
19980222
19980224
19980227
19980302
19980304
19980307
19980309
19980312
19980315
19980317
19980320
19980323
19980325
19980328
19980331
19980402
19980405
19980407
19980410
19980413
19980415
19980418
19980421
19980423
19980426
19980428
19980501
19980504
19980506
19980509
19980512
19980514
19980517
19980519
19980522
19980525
19980527
19980530
19980602
19980604
19980607
19980609
19980612
19980615
19980617
19980620
19980623
19980625
19980628
19980701
19980703
19980706
19980708
19980711
19980714
19980716
19980719
19980722
19980724
19980727
19980729
19980801
19980802
 the seg index is 916 10419900
10404650
10474950
10449950
10434900
10439900
10474950
10394950
10369950
10404850
10454900
10439700
10484900
10454850
10414800
10429700
10449950
10409900
10429900
10369850
10424900
10484900
10419900
10454850
10474700
10444750
10454800
10364650
10434750
10464950
10479950
10459800
10424800
10469900
10419900
10434750
10384950
10444950
10340451
10414800
10479800
10444700
10384750
10429750
10474800
10464900
10439700
10489850
10434950
10424750
10464850
10449700
10484700
10394800
10464900
10419850
10409750
10409900
10424850
10479950
10449750
10449850
10479850
10449800
10444900
10379900
10429950
10394850
10449700
10379700
10424800
10424950
10444900
10384900
10489900
10484750
10404750
10429950
10469700
10439850
10419700
10434800
10459850
10454750
10449800
10469950
10489700
10484900
10414700
10429750
10474950
10454950
10454950
10489950
10459750
10374800
10434700
10389900
10374850
10439900
10464800
10394650
10439900
10439700
10429750
10434900
10434850
10434750
10474850
10379600
10394850
10374950
10454700
10409850
10364650
10354800
10454900
10469950
10434800
10449700
10459900
10459850
10394850
10375051
10439750
10424950
10399900
10404900
10394850
10469950
10365052
10439900
10474700
10454700
10449700
10464950
10429700
10439850
10424950
10414800
10454850
10429700
10419750
10469850
10429850
10449950
10414750
10434800
10414850
10444900
10449750
10444900
10474700
10384900
10379800
10449850
10404750
10454750
10414750
10429900
10359650
10414800
10409800
10414850
10484750
10349650
10444800
10464950
10464700
10409700
10429900
10449700
10404750
10414950
10409900
10459950
10479750
10379750
10394900
10424950
10464800
10459800
10389800
10389900
10419900
10449950
10454850
10409750
10439900
10449850
10364850
10399650
10364900
10469850
10384803
10419700
10419850
10454800
10469950
10360201
10434750
10484700
10434650
10459800
10484750
10399950
10469700
10424700
10439750
10459950
10444750
10394850
10419850
10414800
10384750
10409800
10429700
10429700
10454850
10454900
10469800
10439750
10464750
10424750
10339600
10419900
10389850
10339850
10494800
10454950
10419950
10444950
10434700
10449700
10464800
10444900
10484950
10459900
10474900
10414700
10379800
10474700
10404850
10419850
10464700
10424700
10429900
10464800
10459950
10469800
10489750
10489700
10424900
10474700
10434850
10419800
10444700
10429850
10439900
10379750
10334850
10434850
10404950
10414950
10464900
10394900
10429650
10449700
10424750
10314750
10459950
10454800
10479750
10449950
10414900
10449950
10479950
10479950
10414850
10384900
10414650
10449800
10414700
10374850
10489800
10459850
10409750
10474750
10449700
10419700
10429750
10419700
10454850
10449750
10399900
10479850
10444950
10464800
10304600
10419700
10439900
10429900
10434800
10424800
10444800
10469900
10469750
10474750
10484700
10379650
10419950
10449750
10429800
10444800
10449950
10375002
10449700
10454950
10464800
10469750
10424800
10479850
10389600
10444900
10439950
10439700
10429900
10464900
10459800
10404900
10469800
10434850
10419800
10459700
10449850
10474900
10469750
10469950
10449850
10389700
10449800
10449750
10414800
10454950
10469850
10414900
10474950
10344850
10424700
10464700
10449900
10439950
10449900
10424950
10459750
10434700
10464800
10469700
10449900
10479900
10469750
10384900
10464950
10429850
10439750
10464950
10444850
10429900
10474950
10449850
10334600
10409650
10369700
10454850
10409850
10394800
10474950
10409750
10459850
10439750
10399850
10419850
10439700
10484800
10414750
10389750
10474800
10474700
10404700
10484900
10389750
10454700
10449800
10479750
10454800
10419700
10449900
10379950
10429850
10384650
10444800
10424950
10379800
10424850
10404850
10404650
10419950
10469950
10434700
10464900
10384950
10424850
10409800
10444700
10479900
10439800
10424850
10409750
10469900
10484800
10454950
10344800
10459700
10419850
10454800
10464950
10459700
10494850
10474850
10474800
10424750
10444900
10439950
10439900
10444750
10434900
10374952
10464950
10365102
10469750
10469850
10389700
10479900
10399900
10419700
10429800
10454750
10449750
10399700
10389650
10414850
10414750
10414950
10459950
10454850
10449750
10454900
10444750
10419800
10414750
10370052
10474900
10474800
10449800
10454850
10419950
10399900
10404800
10479850
10484900
10404850
10379700
10434700
10434800
10454750
10389850
10404850
10444850
10424700
10459950
10404700
10429950
10355251
10369750
10404700
10404800
10424900
10439650
10394800
10439800
10469750
10434950
10454850
10419750
10449750
10379750
10429700
10449850
10474900
10389750
10434850
10434800
10459950
10384800
10419750
10449900
10479900
10469950
10454750
10474700
10434650
10414850
10449900
10454900
10484850
10434700
10429850
10429900
10429750
10449950
10404650
10444850
10375101
10419900
10459850
10449800
10464850
10444850
10409850
10434750
10454700
10389700
10414950
10444950
10444750
10384650
10469950
10454750
10469750
10444950
10459850
10424900
10444750
10404850
10409650
10414950
10365250
10469900
10469800
10404700
10454750
10459800
10424800
10414900
10414800
10409850
10494750
10464900
10429950
10459850
10414850
10439900
10404800
10429650
10479800
10449850
10479900
10449800
10454950
10454750
10404900
10404800
10389700
10434900
10439850
10454800
10469700
10399850
10484750
10444750
10419800
10379800
10439750
10469950
10414700
10479800
10424700
10474700
10364700
10474800
10459900
10444750
10454850
10429700
10454750
10449750
10439700
10355301
10424950
10454850
10379850
10419900
10439700
10479700
10439800
10464950
10419900
10469850
10419950
10389850
10459850
10374650
10429750
10379650
10394850
10444950
10399850
10439800
10404800
10414950
10419850
10439800
10434950
10439750
10369800
10399800
10469800
10429850
10449800
10459800
10369900
10444750
10414650
10474850
10484800
10454800
10444700
10474800
10449850
10489800
10469900
10434950
10434900
10409750
10439900
10404700
10409850
10464850
10449900
10434850
10414800
10409700
10444700
10444750
10484850
10384650
10374750
10434750
10464750
10384850
10464800
10454850
10459800
10379700
10434800
10449800
10424750
10439850
10439800
10464800
10374600
10444750
10444900
10389650
10454900
10439800
10444900
10474850
10359650
10404800
10469800
10474850
10399800
10449850
10434700
10464700
10454700
10459750
10444850
10449800
10454800
10474800
10444950
10409850
10329700
10494900
10399750
10404850
10414750
10439700
10444950
10389950
10419800
10454800
10474750
10399800
10454750
10469800
10424700
10454850
10454700
10454750
10399650
10424750
10429850
10444750
10464700
10464850
10409850
10484900
10484700
10479750
10369750
10459750
10449750
10439650
10474750
10419700
10454900
10419750
10429950
10479700
10350202
10464700
10454750
10384750
10444900
10464700
10344750
10419700
10414900
10419900
10374700
10369900
10479950
10479700
10444700
10474800
10494800
10330501
10444700
10484950
10429850
10444850
10449950
10394950
10479700
10454950
10449750
10494900
10454850
10414850
10434900
10429950
10489850
10474700
10439900
10444900
10454800
10394850
10444800
10459950
10404850
10389850
10479750
10444900
10439650
10439700
10389700
10409850
10370052
10449800
10449850
10399700
10464700
10329750
10414650
10394750
10414800
10369800
10389650
10394900
10444800
10484950
10434900
10374750
10394700
10464850
10369600
10409850
10409700
10424700
10394700
10454800
10464950
10484800
10434950
10344750
10389802
10484850
10444700
10409750
10464750
10444900
10414650
10464950
10454750
10404650
10444700
10464700
10454950
10429900
10444900
10454800
10439950
10374650
10359700
10424750
10444750
10459750
10379950
10424900
10384951
10474850
10369750
10369800
10349650
10369600
10434950
10409750
10474950
10424750
10414900
10389900
10414800
10454900
10404900
10459900
10469850
10444750
10414850
10454950
10484850
10444800
10389900
10489750
10449750
10409850
10444950
10454850
10464900
10379800
10439750
10434750
10474950
10429750
10474700
10399800
10474800
10464800
10444850
10424900
10474700
10494750
10464900
10454850
10429900
10449800
10474950
10489750
10449700
10404750
10464850
10474700
10389750
10489700
10414850
10434800
10469750
10494900
10449800
10489950
10489750
10449850
10419800
10479750
10449850
10434950
10354750
10394700
10419900
10429700
10429800
10389650
10464800
10439700
10394650
10469850
10469900
10484850
10394850
10459900
10419650
10374850
10474750
10344600
 the seg index is 916 10
10
10
10
10
10
10
10
10
10
10
10
10
10
10
10
10
10
10
10
10
10
10
10
10
10
10
10
10
10
10
10
10
10
10
10
10
10
10
10
10
10
10
10
10
10
10
10
10
10
10
10
10
10
10
10
10
10
10
10
10
10
10
10
10
10
10
10
10
10
10
10
10
10
10
10
10
10
10
10
10
10
10
10
10
10
10
10
10
10
10
10
10
10
10
10
10
10
10
10
10
10
10
10
10
10
10
10
10
10
10
10
10
10
10
10
10
10
10
10
10
10
10
10
10
10
10
10
10
10
10
10
10
10
10
10
10
10
10
10
10
10
10
10
10
10
10
10
10
10
10
10
10
10
10
10
10
10
10
10
10
10
10
10
10
10
10
10
10
10
10
10
10
10
10
10
10
10
10
10
10
10
10
10
10
10
10
10
10
10
10
10
10
10
10
10
10
10
10
10
10
10
10
10
10
10
10
10
10
10
10
10
10
10
10
10
10
10
10
10
10
10
10
10
10
10
10
10
10
10
10
10
10
10
10
10
10
10
10
10
10
10
10
10
10
10
10
10
10
10
10
10
10
10
10
10
10
10
10
10
10
10
10
10
10
10
10
10
10
10
10
10
10
10
10
10
10
10
10
10
10
10
10
10
10
10
10
10
10
10
10
10
10
10
10
10
10
10
10
10
10
10
10
10
10
10
10
10
10
10
10
10
10
10
10
10
10
10
10
10
10
10
10
10
10
10
10
10
10
10
10
10
10
10
10
10
10
10
10
10
10
10
10
10
10
10
10
10
10
10
10
10
10
10
10
10
10
10
10
10
10
10
10
10
10
10
10
10
10
10
10
10
10
10
10
10
10
10
10
10
10
10
10
10
10
10
10
10
10
10
10
10
10
10
10
10
10
10
10
10
10
10
10
10
10
10
10
10
10
10
10
10
10
10
10
10
10
10
10
10
10
10
10
10
10
10
10
10
10
10
10
10
10
10
10
10
10
10
10
10
10
10
10
10
10
10
10
10
10
10
10
10
10
10
10
10
10
10
10
10
10
10
10
10
10
10
10
10
10
10
10
10
10
10
10
10
10
10
10
10
10
10
10
10
10
10
10
10
10
10
10
10
10
10
10
10
10
10
10
10
10
10
10
10
10
10
10
10
10
10
10
10
10
10
10
10
10
10
10
10
10
10
10
10
10
10
10
10
10
10
10
10
10
10
10
10
10
10
10
10
10
10
10
10
10
10
10
10
10
10
10
10
10
10
10
10
10
10
10
10
10
10
10
10
10
10
10
10
10
10
10
10
10
10
10
10
10
10
10
10
10
10
10
10
10
10
10
10
10
10
10
10
10
10
10
10
10
10
10
10
10
10
10
10
10
10
10
10
10
10
10
10
10
10
10
10
10
10
10
10
10
10
10
10
10
10
10
10
10
10
10
10
10
10
10
10
10
10
10
10
10
10
10
10
10
10
10
10
10
10
10
10
10
10
10
10
10
10
10
10
10
10
10
10
10
10
10
10
10
10
10
10
10
10
10
10
10
10
10
10
10
10
10
10
10
10
10
10
10
10
10
10
10
10
10
10
10
10
10
10
10
10
10
10
10
10
10
10
10
10
10
10
10
10
10
10
10
10
10
10
10
10
10
10
10
10
10
10
10
10
10
10
10
10
10
10
10
10
10
10
10
10
10
10
10
10
10
10
10
10
10
10
10
10
10
10
10
10
10
10
10
10
10
10
10
10
10
10
10
10
10
10
10
10
10
10
10
10
10
10
10
10
10
10
10
10
10
10
10
10
10
10
10
10
10
10
10
10
10
10
10
10
10
10
10
10
10
10
10
10
10
10
10
10
10
10
10
10
10
10
10
10
10
10
10
10
10
10
10
10
10
10
10
10
10
10
10
10
10
10
10
10
10
10
10
10
10
10
10
10
10
10
10
10
10
10
10
10
10
10
10
10
10
10
10
10
10
10
10
10
10
10
10
10
10
10
10
10
10
10
10
10
10
10
10
10
10
10
10
10
10
10
10
10
10
10
10
10
10
10
10
10
10
10
10
10
10
10
10
10
10
10
10
10
10
10
 the seg index is 916 50
50
50
50
50
50
50
50
50
50
50
50
50
50
50
50
50
50
50
50
50
50
50
50
50
50
50
50
50
50
50
50
50
50
50
50
50
50
50
50
50
50
50
50
50
50
50
50
50
50
50
50
50
50
50
50
50
50
50
50
50
50
50
50
50
50
50
50
50
50
50
50
50
50
50
50
50
50
50
50
50
50
50
50
50
50
50
50
50
50
50
50
50
50
50
50
50
50
50
50
50
50
50
50
50
50
50
50
50
50
50
50
50
50
50
50
50
50
50
50
50
50
50
50
50
50
50
50
50
50
50
50
50
50
50
50
50
50
50
50
50
50
50
50
50
50
50
50
50
50
50
50
50
50
50
50
50
50
50
50
50
50
50
50
50
50
50
50
50
50
50
50
50
50
50
50
50
50
50
50
50
50
50
50
50
50
50
50
50
50
50
50
50
50
50
50
50
50
50
50
50
50
50
50
50
50
50
50
50
50
50
50
50
50
50
50
50
50
50
50
50
50
50
50
50
50
50
50
50
50
50
50
50
50
50
50
50
50
50
50
50
50
50
50
50
50
50
50
50
50
50
50
50
50
50
50
50
50
50
50
50
50
50
50
50
50
50
50
50
50
50
50
50
50
50
50
50
50
50
50
50
50
50
50
50
50
50
50
50
50
50
50
50
50
50
50
50
50
50
50
50
50
50
50
50
50
50
50
50
50
50
50
50
50
50
50
50
50
50
50
50
50
50
50
50
50
50
50
50
50
50
50
50
50
50
50
50
50
50
50
50
50
50
50
50
50
50
50
50
50
50
50
50
50
50
50
50
50
50
50
50
50
50
50
50
50
50
50
50
50
50
50
50
50
50
50
50
50
50
50
50
50
50
50
50
50
50
50
50
50
50
50
50
50
50
50
50
50
50
50
50
50
50
50
50
50
50
50
50
50
50
50
50
50
50
50
50
50
50
50
50
50
50
50
50
50
50
50
50
50
50
50
50
50
50
50
50
50
50
50
50
50
50
50
50
50
50
50
50
50
50
50
50
50
50
50
50
50
50
50
50
50
50
50
50
50
50
50
50
50
50
50
50
50
50
50
50
50
50
50
50
50
50
50
50
50
50
50
50
50
50
50
50
50
50
50
50
50
50
50
50
50
50
50
50
50
50
50
50
50
50
50
50
50
50
50
50
50
50
50
50
50
50
50
50
50
50
50
50
50
50
50
50
50
50
50
50
50
50
50
50
50
50
50
50
50
50
50
50
50
50
50
50
50
50
50
50
50
50
50
50
50
50
50
50
50
50
50
50
50
50
50
50
50
50
50
50
50
50
50
50
50
50
50
50
50
50
50
50
50
50
50
50
50
50
50
50
50
50
50
50
50
50
50
50
50
50
50
50
50
50
50
50
50
50
50
50
50
50
50
50
50
50
50
50
50
50
50
50
50
50
50
50
50
50
50
50
50
50
50
50
50
50
50
50
50
50
50
50
50
50
50
50
50
50
50
50
50
50
50
50
50
50
50
50
50
50
50
50
50
50
50
50
50
50
50
50
50
50
50
50
50
50
50
50
50
50
50
50
50
50
50
50
50
50
50
50
50
50
50
50
50
50
50
50
50
50
50
50
50
50
50
50
50
50
50
50
50
50
50
50
50
50
50
50
50
50
50
50
50
50
50
50
50
50
50
50
50
50
50
50
50
50
50
50
50
50
50
50
50
50
50
50
50
50
50
50
50
50
50
50
50
50
50
50
50
50
50
50
50
50
50
50
50
50
50
50
50
50
50
50
50
50
50
50
50
50
50
50
50
50
50
50
50
50
50
50
50
50
50
50
50
50
50
50
50
50
50
50
50
50
50
50
50
50
50
50
50
50
50
50
50
50
50
50
50
50
50
50
50
50
50
50
50
50
50
50
50
50
50
50
50
50
50
50
50
50
50
50
50
50
50
50
50
50
50
50
50
50
50
50
50
50
50
50
50
50
50
50
50
50
50
50
50
50
50
50
50
50
50
50
50
50
50
50
50
50
50
50
50
50
50
50
50
50
50
50
50
50
50
50
50
50
50
50
50
50
50
50
50
50
50
50
50
50
50
 the seg index is 916 10489850
10479950
10474950
10469850
10489900
10464750
10479700
10484750
10469900
10474850
10489950
10464750
10484900
10494900
10474950
10489800
10479750
10494750
10479800
10494900
10484700
10484900
10489750
10484750
10474700
10474950
10484750
10489950
10484850
10489900
10479950
10464850
10464850
10489800
10489850
10469700
10469950
10449750
10454800
10479850
10484900
10484900
10479850
10489850
10474850
10479800
10474950
10489850
10489900
10484850
10479700
10479800
10489850
10489800
10469850
10474950
10479950
10484700
10484850
10479950
10494950
10489900
10479850
10459750
10474900
10489900
10479750
10459900
10489950
10484950
10484850
10464900
10469800
10469950
10489900
10494750
10494700
10479850
10479850
10484900
10469900
10479850
10479900
10474900
10474900
10484950
10489700
10494850
10479850
10469950
10484900
10474900
10469750
10489950
10484950
10474900
10474700
10464850
10489900
10479900
10479900
10489850
10484700
10494800
10484800
10474750
10484950
10484850
10479700
10494950
10489950
10469950
10494700
10494950
10479850
10464850
10489850
10484750
10474800
10459800
10479800
10494800
10489800
10479850
10464750
10484800
10464700
10479900
10479800
10479950
10479950
10484950
10484850
10479950
10469850
10489700
10489950
10464800
10484850
10484950
10469750
10484900
10474900
10469850
10479950
10474900
10474750
10489750
10484750
10489750
10459950
10479700
10474700
10474950
10464900
10484800
10469800
10479950
10484900
10479800
10484700
10469950
10479700
10474750
10489700
10484900
10464850
10469950
10469850
10484800
10489900
10489750
10474950
10444950
10469900
10479700
10494950
10494850
10479900
10484950
10484900
10459800
10484750
10474750
10479700
10474700
10484750
10494700
10489900
10484950
10489800
10469750
10479950
10474800
10489700
10489900
10469850
10464900
10479850
10489700
10484850
10489700
10489800
10469850
10484900
10469800
10479950
10459750
10474950
10479800
10479900
10459950
10484950
10489950
10474950
10479800
10464900
10464950
10469800
10489950
10484800
10474700
10494700
10484950
10494900
10479700
10484700
10489900
10494800
10479700
10469900
10494950
10479900
10484900
10474950
10469900
10489900
10459900
10474900
10479750
10449900
10489900
10484750
10464750
10474950
10479950
10484750
10469900
10494900
10489800
10489750
10489700
10479950
10474700
10474850
10494900
10489950
10484750
10489950
10484950
10474750
10479900
10489850
10489700
10474950
10454700
10449950
10484750
10484900
10484900
10459950
10484950
10479750
10489900
10479900
10479900
10479950
10489800
10469850
10464750
10489750
10479700
10484850
10484750
10489800
10489900
10494900
10474900
10489850
10494750
10479950
10494700
10484750
10474750
10474750
10479850
10479750
10494900
10484700
10474900
10484950
10489900
10479850
10484900
10479800
10469900
10489800
10494700
10484700
10479900
10474850
10469900
10474900
10494750
10469950
10494950
10464950
10474700
10469700
10489950
10474950
10484850
10459750
10474950
10479850
10469900
10464950
10494700
10484850
10484950
10484900
10469900
10479900
10474800
10459850
10474900
10469750
10474950
10484950
10479900
10479950
10484700
10479850
10474700
10484700
10479850
10474950
10459950
10484900
10474950
10479850
10484900
10474950
10494900
10474900
10484900
10484750
10469700
10474950
10489950
10474800
10484750
10484900
10474750
10494800
10479850
10464900
10494750
10474950
10494750
10489700
10479850
10479750
10494800
10469800
10489750
10474950
10479900
10469700
10479700
10469900
10484700
10479850
10489950
10464750
10489950
10494950
10474700
10489850
10484900
10479800
10489700
10469750
10479850
10489800
10489900
10479850
10479850
10479950
10474850
10484800
10489750
10459800
10469950
10464950
10479750
10479950
10474950
10494800
10489900
10484800
10474700
10479750
10474850
10479900
10479700
10484950
10494950
10474800
10494700
10459700
10489700
10484850
10474950
10464950
10484800
10469800
10494850
10489750
10479900
10484850
10489950
10479950
10474900
10454850
10474950
10479750
10484750
10469800
10474750
10494950
10484950
10479900
10484900
10474850
10484950
10474850
10474900
10484700
10474700
10494800
10489850
10479950
10484900
10474900
10479950
10469850
10479950
10484850
10489950
10489850
10479800
10474800
10484750
10484700
10469800
10474700
10479900
10489800
10484900
10474750
10484800
10479800
10484750
10494850
10479750
10484800
10489750
10494700
10479700
10469850
10469850
10479850
10489700
10469950
10494700
10489800
10474900
10489900
10469700
10479750
10484950
10469850
10474750
10494700
10469900
10474800
10479950
10489800
10494800
10484700
10469700
10484850
10484800
10479950
10479850
10479900
10469950
10474850
10484950
10494750
10484800
10479850
10484900
10484850
10479750
10469700
10454850
10489700
10489800
10484850
10474850
10484900
10469700
10484850
10479750
10484850
10494700
10489950
10474850
10479750
10479900
10459900
10474750
10469750
10479850
10479900
10459900
10489800
10464700
10479950
10484950
10479850
10494950
10479750
10474950
10469950
10469900
10474800
10494950
10454750
10489950
10484750
10484700
10459950
10474800
10494750
10474850
10459850
10474950
10479750
10474800
10474850
10489900
10479800
10464700
10479900
10484700
10469750
10479750
10454900
10479950
10484800
10469750
10474900
10494950
10489750
10494900
10484750
10479800
10484950
10469900
10449750
10489700
10479700
10479800
10484900
10474700
10484850
10479800
10469750
10489950
10459750
10474850
10459700
10479750
10469950
10489950
10469900
10479900
10479800
10489700
10484750
10479700
10474950
10494700
10479700
10479750
10479850
10484800
10474700
10484850
10479750
10479750
10494850
10494800
10489950
10479950
10469950
10489750
10484950
10479950
10489700
10469900
10489850
10474950
10479950
10454700
10484750
10489850
10479800
10484850
10489700
10474850
10489850
10484800
10474950
10479750
10469950
10489800
10479900
10474850
10479900
10484850
10474950
10479750
10469950
10474950
10479950
10479700
10484850
10484800
10484700
10479700
10489700
10484800
10494850
10484900
10489850
10479850
10484900
10484750
10459800
10449850
10484900
10479800
10494900
10459950
10474750
10484950
10449900
10479700
10469950
10489700
10459850
10484850
10479850
10484950
10474950
10474850
10474950
10474850
10489900
10489850
10464700
10489850
10494900
10489950
10479900
10474700
10479950
10474800
10479850
10454800
10469800
10494900
10489700
10479850
10494900
10484700
10484900
10484900
10464800
10474700
10489800
10489850
10494950
10489850
10474950
10489700
10474800
10479950
10484700
10489700
10479700
10464900
10489700
10494900
10489750
10484900
10484700
10489950
10484800
10479850
10494850
10474950
10489850
10479900
10479800
10479950
10484800
10484900
10484950
10474700
10489900
10494750
10479750
10474750
10454850
10494950
10484750
10464950
10474700
10469900
10479950
10489800
10484950
10484850
10494800
10484750
10489750
10494850
10469750
10489900
10474850
10459750
10484950
10489750
10489750
10494900
10479800
10479700
10479950
10484800
10489850
10474700
10484750
10484750
10479850
10484900
10479700
10469950
10474950
10484950
10479800
10489800
10474700
10484950
10489800
10489750
10484850
10469800
10484750
10489750
10464950
10464950
10484700
10489850
10464850
10469900
10484750
10489900
10489800
10484950
10464700
10494950
10444850
10489700
10489700
10469900
10489900
10494750
10474950
10474850
10489950
10484800
10474800
10479950
10494750
10494700
10484700
10494800
10494950
10464750
10484850
10479900
10454750
10464900
10479950
10464750
10484950
10474750
10474850
10484750
10469950
10474850
10494750
10469900
10459700
10459750
10489950
10484700
10489850
10479800
10469850
10479750
10489700
10484900
10469750
10494750
10489750
10489800
10484950
10479850
10474750
10494850
10479700
10464850
10489850
10479700
10464750
10474850
10484850
10469900
10494850
10489750
10479750
10494900
10469700
10464800
10489950
10474850
10459900
10484800
10479900
10479750
10489700
10489900
10474800
10479750
10469950
10489900
10474850
10494750
10484900
10489900
10484800
10479900
10474950
10489750
10474800
10484800
10464900
10474700
10464700
10494950
10469950
10494850
10489800
10494900
10469800
10489950
10489750
10494850
10489800
10484900
10479700
10474950
10469900
10474900
10479800
10479850
10494850
10489750
10489900
10484800
10489800
10479800
10474850
10484850
10479950
10479900
10489800
10469950
10489950
10479800
 the seg index is 916 125939
125938
125938
125938
125939
125937
125938
125939
125937
125939
125938
125938
125939
125939
125939
125939
125938
125937
125939
125939
125939
125939
125939
125939
125938
125938
125939
125939
125937
125938
125938
125939
125939
125938
125939
125939
125938
125939
125938
125939
125938
125939
125939
125938
125939
125938
125939
125939
125938
125939
125938
125939
125938
125939
125938
125939
125938
125938
125938
125939
125939
125939
125939
125938
125938
125938
125939
125937
125938
125939
125939
125938
125938
125939
125939
125938
125937
125937
125939
125938
125939
125939
125939
125937
125938
125938
125937
125938
125939
125939
125939
125939
125939
125939
125939
125939
125938
125939
125939
125939
125938
125937
125938
125939
125939
125938
125939
125936
125938
125939
125939
125938
125938
125939
125938
125938
125939
125938
125939
125938
125939
125939
125939
125938
125938
125938
125939
125939
125938
125939
125938
125938
125938
125937
125938
125939
125939
125939
125938
125939
125939
125938
125938
125939
125939
125939
125939
125938
125939
125939
125938
125939
125938
125939
125939
125939
125939
125939
125939
125938
125938
125938
125939
125938
125938
125939
125939
125938
125939
125939
125937
125939
125939
125939
125938
125939
125939
125938
125936
125939
125939
125939
125937
125939
125939
125939
125938
125939
125938
125939
125937
125939
125938
125939
125939
125939
125939
125938
125939
125939
125937
125938
125938
125939
125938
125939
125939
125939
125938
125939
125939
125938
125939
125939
125939
125939
125938
125937
125939
125938
125939
125938
125938
125939
125938
125938
125939
125939
125937
125937
125938
125939
125939
125939
125939
125939
125938
125939
125938
125939
125939
125939
125938
125938
125937
125938
125938
125939
125939
125939
125937
125938
125939
125938
125938
125938
125939
125938
125938
125939
125938
125939
125939
125938
125939
125939
125939
125939
125939
125939
125939
125939
125938
125938
125938
125938
125939
125939
125939
125938
125939
125938
125938
125939
125938
125939
125938
125939
125939
125939
125938
125939
125939
125937
125939
125938
125939
125939
125938
125938
125939
125939
125939
125939
125939
125937
125938
125939
125938
125938
125938
125938
125938
125937
125939
125939
125938
125938
125939
125938
125937
125938
125939
125939
125938
125938
125939
125939
125939
125939
125939
125938
125938
125939
125939
125939
125939
125939
125937
125939
125939
125939
125939
125938
125938
125938
125939
125939
125938
125939
125938
125939
125938
125938
125939
125938
125938
125938
125939
125939
125937
125938
125938
125939
125939
125939
125939
125939
125938
125939
125938
125938
125939
125938
125938
125939
125937
125939
125939
125939
125938
125939
125939
125939
125939
125937
125939
125939
125939
125938
125938
125939
125938
125937
125939
125939
125939
125939
125939
125938
125939
125939
125938
125938
125937
125939
125939
125938
125938
125938
125938
125939
125938
125938
125939
125939
125938
125939
125938
125938
125938
125939
125938
125939
125939
125939
125939
125938
125939
125939
125939
125939
125937
125939
125939
125939
125939
125939
125939
125939
125939
125939
125939
125939
125938
125939
125937
125937
125939
125938
125939
125939
125939
125937
125939
125938
125939
125939
125938
125938
125938
125939
125939
125938
125939
125938
125939
125939
125938
125939
125939
125938
125879
125939
125939
125939
125939
125939
125939
125937
125937
125938
125938
125938
125939
125938
125938
125939
125939
125939
125939
125939
125938
125939
125938
125939
125939
125939
125938
125938
125938
125939
125939
125939
125939
125939
125939
125939
125939
125939
125939
125939
125939
125939
125939
125939
125939
125939
125939
125939
125938
125939
125938
125938
125938
125939
125879
125939
125938
125939
125939
125939
125939
125939
125939
125938
125939
125939
125938
125939
125938
125939
125938
125939
125939
125939
125938
125939
125939
125939
125939
125938
125938
125938
125939
125939
125939
125938
125939
125939
125939
125939
125938
125939
125939
125939
125939
125939
125939
125939
125939
125939
125939
125939
125939
125939
125939
125939
125939
125939
125938
125938
125938
125938
125938
125939
125939
125938
125939
125937
125939
125938
125938
125938
125938
125939
125939
125938
125939
125938
125938
125938
125938
125938
125939
125939
125939
125939
125939
125939
125938
125939
125939
125936
125939
125938
125939
125939
125939
125939
125939
125938
125939
125939
125939
125939
125939
125939
125938
125939
125939
125938
125939
125938
125938
125939
125938
125937
125939
125939
125938
125939
125939
125939
125938
125939
125939
125939
125939
125939
125939
125938
125938
125939
125938
125939
125938
125939
125938
125938
125938
125939
125937
125939
125939
125938
125939
125936
125938
125939
125939
125939
125939
125939
125939
125939
125939
125939
125939
125939
125938
125938
125938
125938
125938
125938
125939
125939
125937
125938
125939
125939
125939
125939
125938
125938
125939
125939
125938
125939
125939
125939
125938
125938
125939
125939
125939
125939
125939
125939
125938
125938
125939
125939
125939
125938
125938
125939
125938
125939
125939
125939
125939
125938
125938
125939
125938
125938
125939
125939
125938
125938
125939
125938
125938
125939
125939
125938
125938
125939
125939
125939
125938
125939
125938
125939
125939
125939
125939
125938
125939
125939
125939
125938
125939
125939
125938
125938
125937
125939
125938
125939
125938
125939
125939
125939
125939
125938
125938
125937
125939
125938
125939
125938
125938
125939
125939
125938
125939
125938
125938
125939
125938
125939
125939
125938
125938
125939
125937
125939
125939
125938
125938
125939
125938
125939
125939
125938
125938
125938
125939
125939
125938
125939
125939
125937
125939
125938
125938
125938
125938
125939
125939
125939
125936
125939
125939
125938
125938
125939
125939
125939
125939
125938
125938
125938
125937
125938
125939
125938
125937
125939
125939
125938
125938
125939
125939
125937
125939
125939
125938
125939
125938
125939
125939
125938
125938
125938
125939
125939
125939
125939
125939
125939
125939
125939
125939
125939
125938
125938
125939
125938
125939
125939
125939
125939
125939
125939
125939
125939
125937
125938
125938
125937
125938
125938
125938
125939
125939
125939
125939
125939
125938
125939
125938
125939
125939
125938
125938
125938
125938
125939
125938
125939
125939
125939
125939
125939
125939
125938
125938
125939
125938
125938
125939
125937
125939
125939
125939
125938
125938
125938
125939
125939
125938
125936
 the seg index is 916 1048576
2097152
3145728
4194304
5242880
6291456
7340032
8388608
9437184
10485760
11534336
12582912
13631488
14680064
15728640
16777216
17825792
18874368
19922944
20971520
22020096
23068672
24117248
25165824
26214400
27262976
28311552
29360128
30408704
31457280
32505856
33554432
34603008
35651584
36700160
37748736
38797312
39845888
40894464
41943040
42991616
44040192
45088768
46137344
47185920
48234496
49283072
50331648
51380224
52428800
53477376
54525952
55574528
56623104
57671680
58720256
59768832
60817408
61865984
62914560
63963136
65011712
66060288
67108864
68157440
69206016
70254592
71303168
72351744
73400320
74448896
75497472
76546048
77594624
78643200
79691776
80740352
81788928
82837504
83886080
84934656
85983232
87031808
88080384
89128960
90177536
91226112
92274688
93323264
94371840
95420416
96468992
97517568
98566144
99614720
100663296
101711872
102760448
103809024
104857600
105906176
106954752
108003328
109051904
110100480
111149056
112197632
113246208
114294784
115343360
116391936
117440512
118489088
119537664
120586240
121634816
122683392
123731968
124780544
125829120
126877696
127926272
128974848
130023424
131072000
132120576
133169152
134217728
135266304
136314880
137363456
138412032
139460608
140509184
141557760
142606336
143654912
144703488
145752064
146800640
147849216
148897792
149946368
150994944
152043520
153092096
154140672
155189248
156237824
157286400
157824740
 the seg index is 151 0
0
0
0
0
0
0
0
0
0
0
0
0
0
0
0
0
0
0
0
0
0
0
0
0
0
0
0
0
0
0
0
0
0
0
0
0
0
0
0
0
0
0
0
0
0
0
0
0
0
0
0
0
0
0
0
0
0
0
0
0
0
0
0
0
0
0
0
0
0
0
0
0
0
0
0
0
0
0
0
0
0
0
0
0
0
0
0
0
0
0
0
0
0
0
0
0
0
0
0
0
0
0
0
0
0
0
0
0
0
0
0
0
0
0
0
0
0
0
0
0
0
0
0
0
0
0
0
0
0
0
0
0
0
0
0
0
0
0
0
0
0
0
0
0
0
0
0
0
0
0
 the seg index is 151 0
0
0
0
0
0
0
0
0
0
0
0
0
0
0
0
0
0
0
0
0
0
0
0
0
0
0
0
0
0
0
0
0
0
0
0
0
0
0
0
0
0
0
0
0
0
0
0
0
0
0
0
0
0
0
0
0
0
0
0
0
0
0
0
0
0
0
0
0
0
0
0
0
0
0
0
0
0
0
0
0
0
0
0
0
0
0
0
0
0
0
0
0
0
0
0
0
0
0
0
0
0
0
0
0
0
0
0
0
0
0
0
0
0
0
0
0
0
0
0
0
0
0
0
0
0
0
0
0
0
0
0
0
0
0
0
0
0
0
0
0
0
0
0
0
0
0
0
0
0
0
 the seg index is 151 0
0
0
0
0
0
0
0
0
0
0
0
0
0
0
0
0
0
0
0
0
0
0
0
0
0
0
0
0
0
0
0
0
0
0
0
0
0
0
0
0
0
0
0
0
0
0
0
0
0
0
0
0
0
0
0
0
0
0
0
0
0
0
0
0
0
0
0
0
0
0
0
0
0
0
0
0
0
0
0
0
0
0
0
0
0
0
0
0
0
0
0
0
0
0
0
0
0
0
0
0
0
0
0
0
0
0
0
0
0
0
0
0
0
0
0
0
0
0
0
0
0
0
0
0
0
0
0
0
0
0
0
0
0
0
0
0
0
0
0
0
0
0
0
0
0
0
0
0
0
0
 the seg index is 151 320000
 the seg index is 1 24
 the seg index is 1 4
 the seg index is 1 249
 the seg index is 1 1048576
2097152
3145728
4194304
5242880
6291456
7340032
8388608
9437184
10485760
11534336
12582912
13631488
14680064
15728640
16777216
17825792
18874368
19922944
20971520
22020096
23068672
24117248
25165824
26214400
27262976
28311552
29360128
30408704
31457280
32505856
33554432
34603008
35651584
36700160
37748736
38797312
39845888
40894464
41943040
42991616
44040192
45088768
46137344
47185920
48234496
49283072
50331648
51380224
52428800
53477376
54525952
55574528
56623104
57671680
58720256
59768832
60817408
61865984
62914560
63963136
65011712
66060288
67108864
68157440
69206016
70254592
71303168
72351744
73400320
74448896
75497472
76546048
77594624
78643200
79691776
80740352
81788928
82837504
83886080
84934656
85983232
87031808
88080384
89128960
90177536
91226112
92274688
93323264
94371840
95420416
96468992
97517568
98566144
99614720
100663296
101711872
102760448
103809024
104857600
105906176
106954752
108003328
109051904
110100480
111149056
112197632
113246208
114294784
115343360
116391936
117440512
118489088
119537664
120586240
121634816
122683392
123731968
124780544
125829120
126877696
127926272
128974848
130023424
131072000
132120576
133169152
134217728
135266304
136314880
137363456
138412032
139460608
140509184
141557760
142606336
143654912
144703488
145752064
146800640
147849216
148897792
149946368
150994944
152043520
153092096
154140672
155189248
156237824
157286400
158334976
159383552
160000000
 the seg index is 153 0
0
0
0
0
0
0
0
0
0
0
0
0
0
0
0
0
0
0
0
0
0
0
0
0
0
0
0
0
0
0
0
0
0
0
0
0
0
0
0
0
0
0
0
0
0
0
0
0
0
0
0
0
0
0
0
0
0
0
0
0
0
0
0
0
0
0
0
0
0
0
0
0
0
0
0
0
0
0
0
0
0
0
0
0
0
0
0
0
0
0
0
0
0
0
0
0
0
0
0
0
0
0
0
0
0
0
0
0
0
0
0
0
0
0
0
0
0
0
0
0
0
0
0
0
0
0
0
0
0
0
0
0
0
0
0
0
0
0
0
0
0
0
0
0
0
0
0
0
0
0
0
0
 the seg index is 153 0
0
0
0
0
0
0
0
0
0
0
0
0
0
0
0
0
0
0
0
0
0
0
0
0
0
0
0
0
0
0
0
0
0
0
0
0
0
0
0
0
0
0
0
0
0
0
0
0
0
0
0
0
0
0
0
0
0
0
0
0
0
0
0
0
0
0
0
0
0
0
0
0
0
0
0
0
0
0
0
0
0
0
0
0
0
0
0
0
0
0
0
0
0
0
0
0
0
0
0
0
0
0
0
0
0
0
0
0
0
0
0
0
0
0
0
0
0
0
0
0
0
0
0
0
0
0
0
0
0
0
0
0
0
0
0
0
0
0
0
0
0
0
0
0
0
0
0
0
0
0
0
0
 the seg index is 153 0
0
0
0
0
0
0
0
0
0
0
0
0
0
0
0
0
0
0
0
0
0
0
0
0
0
0
0
0
0
0
0
0
0
0
0
0
0
0
0
0
0
0
0
0
0
0
0
0
0
0
0
0
0
0
0
0
0
0
0
0
0
0
0
0
0
0
0
0
0
0
0
0
0
0
0
0
0
0
0
0
0
0
0
0
0
0
0
0
0
0
0
0
0
0
0
0
0
0
0
0
0
0
0
0
0
0
0
0
0
0
0
0
0
0
0
0
0
0
0
0
0
0
0
0
0
0
0
0
0
0
0
0
0
0
0
0
0
0
0
0
0
0
0
0
0
0
0
0
0
0
0
0
 the seg index is 153 21027250
22075826
23124402
24172978
25221554
26270130
27318706
28367282
29415858
30464434
31513010
32561586
33610162
34658738
35707314
36755890
37804466
38853042
39901618
40950194
41998770
43047346
44095922
45144498
46193074
47241650
48290226
49338802
50387378
51435954
52484530
53533106
54581682
55630258
56678834
57727410
58775986
59824562
60873138
61921714
62970290
64018866
65067442
66116018
67164594
68213170
69261746
70310322
71358898
72407474
73456050
74504626
75553202
76601778
77650354
78698930
79747506
80796082
81844658
82893234
83941810
84990386
86038962
87087538
88136114
89184690
90233266
91281842
92330418
93378994
94427570
95476146
96524722
97573298
98621874
99670450
100719026
101767602
102816178
103864754
104913330
105961906
107010482
108059058
109107634
110156210
111204786
112253362
113301938
114350514
115399090
116447666
117496242
118544818
119593394
120641970
121690546
122739122
123787698
124836274
125884850
126933426
127982002
129030578
130079154
131127730
132176306
133224882
134273458
135322034
136370610
137419186
138467762
139516338
140564914
141613490
142662066
143710642
144759218
145807794
146856370
147904946
148953522
150002098
151050674
152099250
153147826
154196402
155244978
156293554
157342130
158390706
159439282
160487858
161536434
162585010
163633586
164682162
165730738
166779314
167827890
168876466
169925042
170973618
172022194
173070770
174119346
175167922
176216498
177265074
178313650
179362226
180410802
181459378
182507954
183556530
184605106
185653682
186702258
187750834
188799410
189847986
190896562
191945138
192993714
194042290
195090866
196139442
197188018
198236594
199285170
200333746
201382322
202430898
203479474
204528050
205576626
206625202
207673778
208722354
209770930
210819506
211868082
212916658
213965234
215013810
216062386
217110962
218159538
219208114
220256690
221305266
222353842
223402418
224450994
225499570
226548146
227596722
228645298
229693874
230742450
231791026
232839602
233888178
234936754
235985330
237033906
238082482
239131058
240179634
241228210
242276786
243325362
244373938
245422514
246471090
247519666
248568242
249616818
250665394
251713970
252762546
253811122
254859698
255908274
256956850
258005426
259054002
260102578
261151154
262199730
263248306
264296882
265345458
266394034
267442610
268491186
269539762
270588338
271636914
272685490
273734066
274782642
275578674
 the seg index is 244 1998
0
0
0
0
0
0
0
0
0
0
0
0
0
0
0
0
0
0
0
0
0
0
0
0
0
0
0
0
0
0
0
0
0
0
0
0
0
0
0
0
0
0
0
0
0
0
0
0
0
0
0
0
0
0
0
0
0
0
0
0
0
0
0
0
0
0
0
0
0
0
0
0
0
0
0
0
0
0
0
0
0
0
0
0
0
0
0
0
0
0
0
0
0
0
0
0
0
0
0
0
0
0
0
0
0
0
0
0
0
0
0
0
0
0
0
0
0
0
0
0
0
0
0
0
0
0
0
0
0
0
0
0
0
0
0
0
0
0
0
0
0
0
0
0
0
0
0
0
0
0
0
0
0
0
0
0
0
0
0
0
0
0
0
0
0
0
0
0
0
0
0
0
0
0
0
0
0
0
0
0
0
0
0
0
0
0
0
0
0
0
0
0
0
0
0
0
0
0
0
0
0
0
0
0
0
0
0
0
0
0
0
0
0
0
0
0
0
0
0
0
0
0
0
0
0
0
0
0
0
0
0
0
0
0
0
0
0
0
0
0
0
0
0
 the seg index is 244 199812
0
0
0
0
0
0
0
0
0
0
0
0
0
0
0
0
0
0
0
0
0
0
0
0
0
0
0
0
0
0
0
0
0
0
0
0
0
0
0
0
0
0
0
0
0
0
0
0
0
0
0
0
0
0
0
0
0
0
0
0
0
0
0
0
0
0
0
0
0
0
0
0
0
0
0
0
0
0
0
0
0
0
0
0
0
0
0
0
0
0
0
0
0
0
0
0
0
0
0
0
0
0
0
0
0
0
0
0
0
0
0
0
0
0
0
0
0
0
0
0
0
0
0
0
0
0
0
0
0
0
0
0
0
0
0
0
0
0
0
0
0
0
0
0
0
0
0
0
0
0
0
0
0
0
0
0
0
0
0
0
0
0
0
0
0
0
0
0
0
0
0
0
0
0
0
0
0
0
0
0
0
0
0
0
0
0
0
0
0
0
0
0
0
0
0
0
0
0
0
0
0
0
0
0
0
0
0
0
0
0
0
0
0
0
0
0
0
0
0
0
0
0
0
0
0
0
0
0
0
0
0
0
0
0
0
0
0
0
0
0
0
0
0
 the seg index is 244 
Select Options:
1. Run Specific Query
2. Run Random Queries
3. Run Experiment
4. Replacement
5. Dump Trace
6. Exit
cache. Cache Specific Column
clear. Delete Columns from GPU
custom. Toggle custom malloc
skipping. Toggle segment skipping
Your Input: How many queries per  epoch (20 epoch in total): Replacement Policy: Warmup
22

 Query: 22 1 19981231
Query Prepare Time: 2274.68
 Query Prepare Time using cpu 2.27465

Query Optimization Time: 2.22413

s_suppkey
sg = 0
Filter Build Kernel time CPU: 1.740832 d_datekey
sg = 0
Filter Build Kernel time CPU: 31.560896 Build time 34.7208
Probe Group Kernel time CPU: 106.449089 sg = 0 non demand time = 106.476
Probe time 106.565
Merge time 0.506816
Result:
Res count = 0
Query Execution Time: 143.875
CPU Time: 139.751
GPU Time: 0
Transfer Time: 0
Malloc Time: 0.005664

42

 Query: 42 19970101 19981231
Query Prepare Time: 75.7128
 Query Prepare Time using cpu 0.0757091

Query Optimization Time: 2.21184

s_suppkey
sg = 0
Filter Build Kernel time CPU: 0.244896 p_partkey
sg = 0
Filter Build Kernel time CPU: 19.701759 d_datekey
sg = 0
Filter Build Kernel time CPU: 0.087040 Build time 20.222
Probe Group Kernel time CPU: 36.818943 sg = 0 non demand time = 36.8476
Probe time 36.9183
Merge time 0.027296
Result:
Res count = 0
Query Execution Time: 57.2525
CPU Time: 56.8526
GPU Time: 0
Transfer Time: 0
Malloc Time: 0.004448

13

 Query: 13 19940204 19940210
Query Prepare Time: 0.111488
 Query Prepare Time using cpu 0.000108719

Query Optimization Time: 1.98774

d_datekey
sg = 0
Filter Build Kernel time CPU: 0.115584 Build time 0.157696
Filter Probe Aggr Kernel time CPU: 0.396288 sg = 0 non demand time = 0.41264
Probe time 0.445408
Merge time 0.001888
Result:
Res count = 0
Query Execution Time: 0.66736
CPU Time: 0.511872
GPU Time: 0
Transfer Time: 0
Malloc Time: 0.002944

11

 Query: 11 19930101 19931231
Query Prepare Time: 0.099712
 Query Prepare Time using cpu 9.82285e-05

Query Optimization Time: 1.98451

d_datekey
sg = 0
Filter Build Kernel time CPU: 0.105472 Build time 0.133344
Filter Probe Aggr Kernel time CPU: 10.329088 sg = 0 non demand time = 10.3567
Probe time 10.4366
Merge time 0.003392
Result:
Res count = 0
Query Execution Time: 10.6472
CPU Time: 10.4346
GPU Time: 0
Transfer Time: 0
Malloc Time: 0.00384

42

 Query: 42 19970101 19981231
Query Prepare Time: 75.8017
 Query Prepare Time using cpu 0.0757976

Query Optimization Time: 2.19443

s_suppkey
sg = 0
Filter Build Kernel time CPU: 0.246784 p_partkey
sg = 0
Filter Build Kernel time CPU: 18.847839 d_datekey
sg = 0
Filter Build Kernel time CPU: 0.050176 Build time 19.334
Probe Group Kernel time CPU: 37.408768 sg = 0 non demand time = 37.4373
Probe time 37.5532
Merge time 0.023616
Result:
Res count = 0
Query Execution Time: 56.9931
CPU Time: 56.5536
GPU Time: 0
Transfer Time: 0
Malloc Time: 0.00384

23

 Query: 23 1 19981231
Query Prepare Time: 102.543
 Query Prepare Time using cpu 0.102477

Query Optimization Time: 2.26202

s_suppkey
sg = 0
Filter Build Kernel time CPU: 0.295936 d_datekey
sg = 0
Filter Build Kernel time CPU: 26.275841 Build time 26.6947
Probe Group Kernel time CPU: 103.958527 sg = 0 non demand time = 103.985
Probe time 104.07
Merge time 0.49216
Result:
Res count = 0
Query Execution Time: 133.318
CPU Time: 130.53
GPU Time: 0
Transfer Time: 0
Malloc Time: 0.003136

31

 Query: 31 19920101 19971231
Query Prepare Time: 37.2677
 Query Prepare Time using cpu 0.0372636

Query Optimization Time: 2.23744

s_suppkey
sg = 0
Filter Build Kernel time CPU: 0.253952 d_datekey
sg = 0
Filter Build Kernel time CPU: 0.049152 Build time 0.399584
Probe Group Kernel time CPU: 124.402687 sg = 0 non demand time = 124.424
Probe time 124.504
Merge time 0.027584
Result:
Res count = 0
Query Execution Time: 125.013
CPU Time: 124.706
GPU Time: 0
Transfer Time: 0
Malloc Time: 0.007872

12

 Query: 12 19940101 19940131
Query Prepare Time: 0.445568
 Query Prepare Time using cpu 0.000442028

Query Optimization Time: 2.02349

d_datekey
sg = 0
Filter Build Kernel time CPU: 0.117984 Build time 0.15984
Filter Probe Aggr Kernel time CPU: 1.218720 sg = 0 non demand time = 1.23299
Probe time 1.34963
Merge time 0.004704
Result:
Res count = 0
Query Execution Time: 1.67872
CPU Time: 1.3367
GPU Time: 0
Transfer Time: 0
Malloc Time: 0.008288

13

 Query: 13 19940204 19940210
Query Prepare Time: 0.11808
 Query Prepare Time using cpu 0.000115395

Query Optimization Time: 2.04592

d_datekey
sg = 0
Filter Build Kernel time CPU: 0.111616 Build time 0.141312
Filter Probe Aggr Kernel time CPU: 0.391168 sg = 0 non demand time = 0.407552
Probe time 0.434976
Merge time 0.00208
Result:
Res count = 0
Query Execution Time: 0.642368
CPU Time: 0.502784
GPU Time: 0
Transfer Time: 0
Malloc Time: 0.005504

23

 Query: 23 1 19981231
Query Prepare Time: 98.8327
 Query Prepare Time using cpu 0.098768

Query Optimization Time: 2.28045

s_suppkey
sg = 0
Filter Build Kernel time CPU: 0.275520 d_datekey
sg = 0
Filter Build Kernel time CPU: 26.133505 Build time 26.532
Probe Group Kernel time CPU: 102.125565 sg = 0 non demand time = 102.161
Probe time 102.371
Merge time 0.490208
Result:
Res count = 0
Query Execution Time: 131.47
CPU Time: 128.535
GPU Time: 0
Transfer Time: 0
Malloc Time: 0.005632

34

 Query: 34 19971201 19971231
Query Prepare Time: 41.0621
 Query Prepare Time using cpu 0.0410488

Query Optimization Time: 2.27328

s_suppkey
sg = 0
Filter Build Kernel time CPU: 0.236544 d_datekey
sg = 0
Filter Build Kernel time CPU: 0.056256 Build time 0.393056
Probe Group Kernel time CPU: 1.595392 sg = 0 non demand time = 1.61075
Probe time 1.65482
Merge time 0.289824
Result:
Res count = 0
Query Execution Time: 2.84669
CPU Time: 1.88819
GPU Time: 0
Transfer Time: 0
Malloc Time: 0.006784

31

 Query: 31 19920101 19971231
Query Prepare Time: 41.212
 Query Prepare Time using cpu 0.0412066

Query Optimization Time: 2.3337

s_suppkey
sg = 0
Filter Build Kernel time CPU: 0.282624 d_datekey
sg = 0
Filter Build Kernel time CPU: 0.064512 Build time 0.461984
Probe Group Kernel time CPU: 130.811905 sg = 0 non demand time = 130.846
Probe time 130.937
Merge time 0.020896
Result:
Res count = 0
Query Execution Time: 136.652
CPU Time: 131.159
GPU Time: 0
Transfer Time: 0
Malloc Time: 0.003136

33

 Query: 33 19920101 19971231
Query Prepare Time: 43.4892
 Query Prepare Time using cpu 0.043474

Query Optimization Time: 2.29571

s_suppkey
sg = 0
Filter Build Kernel time CPU: 0.197632 d_datekey
sg = 0
Filter Build Kernel time CPU: 0.049152 Build time 0.336768
Probe Group Kernel time CPU: 73.251678 sg = 0 non demand time = 73.2754
Probe time 73.3582
Merge time 0.166368
Result:
Res count = 0
Query Execution Time: 74.4264
CPU Time: 73.4985
GPU Time: 0
Transfer Time: 0
Malloc Time: 0.00528

34

 Query: 34 19971201 19971231
Query Prepare Time: 45.2459
 Query Prepare Time using cpu 0.0452325

Query Optimization Time: 2.2784

s_suppkey
sg = 0
Filter Build Kernel time CPU: 0.212992 d_datekey
sg = 0
Filter Build Kernel time CPU: 0.055232 Build time 0.36144
Probe Group Kernel time CPU: 1.577056 sg = 0 non demand time = 1.59334
Probe time 1.6241
Merge time 0.299264
Result:
Res count = 0
Query Execution Time: 2.78874
CPU Time: 1.84528
GPU Time: 0
Transfer Time: 0
Malloc Time: 0.003104

42

 Query: 42 19970101 19981231
Query Prepare Time: 79.1664
 Query Prepare Time using cpu 0.0791619

Query Optimization Time: 2.33882

s_suppkey
sg = 0
Filter Build Kernel time CPU: 0.286720 p_partkey
sg = 0
Filter Build Kernel time CPU: 21.318560 d_datekey
sg = 0
Filter Build Kernel time CPU: 0.049984 Build time 21.8817
Probe Group Kernel time CPU: 43.500546 sg = 0 non demand time = 43.5302
Probe time 43.6083
Merge time 0.028608
Result:
Res count = 0
Query Execution Time: 65.6219
CPU Time: 65.1558
GPU Time: 0
Transfer Time: 0
Malloc Time: 0.005024

13

 Query: 13 19940204 19940210
Query Prepare Time: 0.181056
 Query Prepare Time using cpu 0.000175953

Query Optimization Time: 2.14221

d_datekey
sg = 0
Filter Build Kernel time CPU: 0.232512 Build time 0.284672
Filter Probe Aggr Kernel time CPU: 0.461824 sg = 0 non demand time = 0.478208
Probe time 0.546816
Merge time 0.002208
Result:
Res count = 0
Query Execution Time: 1.00448
CPU Time: 0.694336
GPU Time: 0
Transfer Time: 0
Malloc Time: 0.007104

42

 Query: 42 19970101 19981231
Query Prepare Time: 77.2284
 Query Prepare Time using cpu 0.0772238

Query Optimization Time: 2.28147

s_suppkey
sg = 0
Filter Build Kernel time CPU: 0.331776 p_partkey
sg = 0
Filter Build Kernel time CPU: 19.828896 d_datekey
sg = 0
Filter Build Kernel time CPU: 0.050176 Build time 20.4073
Probe Group Kernel time CPU: 43.416576 sg = 0 non demand time = 43.476
Probe time 43.5671
Merge time 0.030144
Result:
Res count = 0
Query Execution Time: 64.0985
CPU Time: 63.6274
GPU Time: 0
Transfer Time: 0
Malloc Time: 0.004256

42

 Query: 42 19970101 19981231
Query Prepare Time: 77.8647
 Query Prepare Time using cpu 0.0778596

Query Optimization Time: 2.28147

s_suppkey
sg = 0
Filter Build Kernel time CPU: 0.310240 p_partkey
sg = 0
Filter Build Kernel time CPU: 21.511168 d_datekey
sg = 0
Filter Build Kernel time CPU: 0.058368 Build time 22.1102
Probe Group Kernel time CPU: 42.816418 sg = 0 non demand time = 42.8462
Probe time 42.9252
Merge time 0.035264
Result:
Res count = 0
Query Execution Time: 65.1804
CPU Time: 64.6962
GPU Time: 0
Transfer Time: 0
Malloc Time: 0.00416

32

 Query: 32 19920101 19971231
Query Prepare Time: 37.2252
 Query Prepare Time using cpu 0.0372128

Query Optimization Time: 2.34064

s_suppkey
sg = 0
Filter Build Kernel time CPU: 0.223232 d_datekey
sg = 0
Filter Build Kernel time CPU: 0.058368 Build time 0.387072
Probe Group Kernel time CPU: 108.726273 sg = 0 non demand time = 108.76
Probe time 108.834
Merge time 0.171584
Result:
Res count = 0
Query Execution Time: 109.949
CPU Time: 109.008
GPU Time: 0
Transfer Time: 0
Malloc Time: 0.004544

11

 Query: 11 19930101 19931231
Query Prepare Time: 0.419584
 Query Prepare Time using cpu 0.000413656

Query Optimization Time: 2.08486

d_datekey
sg = 0
Filter Build Kernel time CPU: 0.107520 Build time 0.1792
Filter Probe Aggr Kernel time CPU: 10.355840 sg = 0 non demand time = 10.3772
Probe time 10.5277
Merge time 0.005696
Result:
Res count = 0
Query Execution Time: 10.7938
CPU Time: 10.4634
GPU Time: 0
Transfer Time: 0
Malloc Time: 0.00752

22

 Query: 22 1 19981231
Query Prepare Time: 98.5889
 Query Prepare Time using cpu 0.0985243

Query Optimization Time: 2.31926

s_suppkey
sg = 0
Filter Build Kernel time CPU: 0.284672 d_datekey
sg = 0
Filter Build Kernel time CPU: 26.100737 Build time 26.5207
Probe Group Kernel time CPU: 102.309090 sg = 0 non demand time = 102.354
Probe time 102.544
Merge time 0.762816
Result:
Res count = 0
Query Execution Time: 131.91
CPU Time: 128.694
GPU Time: 0
Transfer Time: 0
Malloc Time: 0.004288

13

 Query: 13 19940204 19940210
Query Prepare Time: 0.268192
 Query Prepare Time using cpu 0.000265837

Query Optimization Time: 2.09306

d_datekey
sg = 0
Filter Build Kernel time CPU: 0.115712 Build time 0.151552
Filter Probe Aggr Kernel time CPU: 0.390176 sg = 0 non demand time = 0.403456
Probe time 0.43008
Merge time 0.001664
Result:
Res count = 0
Query Execution Time: 0.639424
CPU Time: 0.505888
GPU Time: 0
Transfer Time: 0
Malloc Time: 0.004

21

 Query: 21 1 19981231
Query Prepare Time: 100.017
 Query Prepare Time using cpu 0.0999529

Query Optimization Time: 2.31936

s_suppkey
sg = 0
Filter Build Kernel time CPU: 0.274240 p_partkey
sg = 0
Filter Build Kernel time CPU: 16.561152 d_datekey
sg = 0
Filter Build Kernel time CPU: 22.040768 Build time 39.1199
Probe Group Kernel time CPU: 21670.808594 sg = 0 non demand time = 21670.8
Probe time 21671
Merge time 0.511136
Result:
Res count = 0
Query Execution Time: 21712.7
CPU Time: 21709.7
GPU Time: 0
Transfer Time: 0
Malloc Time: 0.004544

12

 Query: 12 19940101 19940131
Query Prepare Time: 0.330016
 Query Prepare Time using cpu 0.000326633

Query Optimization Time: 2.03366

d_datekey
sg = 0
Filter Build Kernel time CPU: 0.116576 Build time 0.160768
Filter Probe Aggr Kernel time CPU: 1.348608 sg = 0 non demand time = 1.36602
Probe time 1.39472
Merge time 0.002208
Result:
Res count = 0
Query Execution Time: 1.61965
CPU Time: 1.46518
GPU Time: 0
Transfer Time: 0
Malloc Time: 0.00656

23

 Query: 23 1 19981231
Query Prepare Time: 98.2747
 Query Prepare Time using cpu 0.0982106

Query Optimization Time: 2.28147

s_suppkey
sg = 0
Filter Build Kernel time CPU: 0.312320 d_datekey
sg = 0
Filter Build Kernel time CPU: 26.288128 Build time 26.7283
Probe Group Kernel time CPU: 105.282562 sg = 0 non demand time = 105.315
Probe time 105.432
Merge time 0.47232
Result:
Res count = 0
Query Execution Time: 134.799
CPU Time: 131.883
GPU Time: 0
Transfer Time: 0
Malloc Time: 0.00608

12

 Query: 12 19940101 19940131
Query Prepare Time: 0.38016
 Query Prepare Time using cpu 0.00037837

Query Optimization Time: 2.03674

d_datekey
sg = 0
Filter Build Kernel time CPU: 0.113696 Build time 0.159744
Filter Probe Aggr Kernel time CPU: 1.281984 sg = 0 non demand time = 1.30048
Probe time 1.33325
Merge time 0.001856
Result:
Res count = 0
Query Execution Time: 1.56266
CPU Time: 1.39568
GPU Time: 0
Transfer Time: 0
Malloc Time: 0.005088

43

 Query: 43 19970101 19981231
Query Prepare Time: 76.7898
 Query Prepare Time using cpu 0.0767338

Query Optimization Time: 2.26611

s_suppkey
sg = 0
Filter Build Kernel time CPU: 0.245760 d_datekey
sg = 0
Filter Build Kernel time CPU: 0.076800 Build time 0.412896
Probe Group Kernel time CPU: 29.262848 sg = 0 non demand time = 29.2864
Probe time 29.3601
Merge time 0.426848
Result:
Res count = 0
Query Execution Time: 31.9853
CPU Time: 29.5854
GPU Time: 0
Transfer Time: 0
Malloc Time: 0.005824

33

 Query: 33 19920101 19971231
Query Prepare Time: 39.0066
 Query Prepare Time using cpu 0.0389929

Query Optimization Time: 2.25485

s_suppkey
sg = 0
Filter Build Kernel time CPU: 0.230176 d_datekey
sg = 0
Filter Build Kernel time CPU: 0.056192 Build time 0.371552
Probe Group Kernel time CPU: 73.673538 sg = 0 non demand time = 73.7014
Probe time 73.769
Merge time 0.18624
Result:
Res count = 0
Query Execution Time: 74.8851
CPU Time: 73.9599
GPU Time: 0
Transfer Time: 0
Malloc Time: 0.006592

12

 Query: 12 19940101 19940131
Query Prepare Time: 0.421696
 Query Prepare Time using cpu 0.000419855

Query Optimization Time: 1.96096

d_datekey
sg = 0
Filter Build Kernel time CPU: 0.118560 Build time 0.162816
Filter Probe Aggr Kernel time CPU: 1.325056 sg = 0 non demand time = 1.33939
Probe time 1.37101
Merge time 0.003584
Result:
Res count = 0
Query Execution Time: 1.60797
CPU Time: 1.44362
GPU Time: 0
Transfer Time: 0
Malloc Time: 0.005952

43

 Query: 43 19970101 19981231
Query Prepare Time: 79.9541
 Query Prepare Time using cpu 0.0798988

Query Optimization Time: 2.2479

s_suppkey
sg = 0
Filter Build Kernel time CPU: 0.223232 d_datekey
sg = 0
Filter Build Kernel time CPU: 0.061632 Build time 0.369664
Probe Group Kernel time CPU: 28.868608 sg = 0 non demand time = 28.8932
Probe time 28.9751
Merge time 0.43104
Result:
Res count = 0
Query Execution Time: 31.5654
CPU Time: 29.1535
GPU Time: 0
Transfer Time: 0
Malloc Time: 0.003168

41

 Query: 41 19920101 19981231
Query Prepare Time: 76.6932
 Query Prepare Time using cpu 0.0766892

Query Optimization Time: 2.37261

s_suppkey
sg = 0
Filter Build Kernel time CPU: 0.280576 p_partkey
sg = 0
Filter Build Kernel time CPU: 16.544767 d_datekey
sg = 0
Filter Build Kernel time CPU: 43.314175 Build time 60.3619
Probe Group Kernel time CPU: 137.321472 sg = 0 non demand time = 137.359
Probe time 137.504
Merge time 0.006624
Result:
Res count = 0
Query Execution Time: 197.997
CPU Time: 197.461
GPU Time: 0
Transfer Time: 0
Malloc Time: 0.005312

23

 Query: 23 1 19981231
Query Prepare Time: 101.757
 Query Prepare Time using cpu 0.101691

Query Optimization Time: 2.32858

s_suppkey
sg = 0
Filter Build Kernel time CPU: 0.297792 d_datekey
sg = 0
Filter Build Kernel time CPU: 26.506241 Build time 26.9445
Probe Group Kernel time CPU: 101.979134 sg = 0 non demand time = 102.011
Probe time 102.129
Merge time 0.495776
Result:
Res count = 0
Query Execution Time: 131.693
CPU Time: 128.783
GPU Time: 0
Transfer Time: 0
Malloc Time: 0.00592

41

 Query: 41 19920101 19981231
Query Prepare Time: 74.8141
 Query Prepare Time using cpu 0.0748098

Query Optimization Time: 2.41357

s_suppkey
sg = 0
Filter Build Kernel time CPU: 0.264192 p_partkey
sg = 0
Filter Build Kernel time CPU: 16.934912 d_datekey
sg = 0
Filter Build Kernel time CPU: 40.409985 Build time 57.8611
Probe Group Kernel time CPU: 142.972122 sg = 0 non demand time = 143.014
Probe time 143.098
Merge time 0.007232
Result:
Res count = 0
Query Execution Time: 201.089
CPU Time: 200.581
GPU Time: 0
Transfer Time: 0
Malloc Time: 0.00656

43

 Query: 43 19970101 19981231
Query Prepare Time: 78.5003
 Query Prepare Time using cpu 0.0784433

Query Optimization Time: 2.24461

s_suppkey
sg = 0
Filter Build Kernel time CPU: 0.229376 d_datekey
sg = 0
Filter Build Kernel time CPU: 0.057504 Build time 0.376832
Probe Group Kernel time CPU: 27.389952 sg = 0 non demand time = 27.4145
Probe time 27.5067
Merge time 0.43376
Result:
Res count = 0
Query Execution Time: 30.1089
CPU Time: 27.6768
GPU Time: 0
Transfer Time: 0
Malloc Time: 0.006272

33

 Query: 33 19920101 19971231
Query Prepare Time: 39.4639
 Query Prepare Time using cpu 0.0394518

Query Optimization Time: 2.29581

s_suppkey
sg = 0
Filter Build Kernel time CPU: 0.207872 d_datekey
sg = 0
Filter Build Kernel time CPU: 0.054272 Build time 0.358592
Probe Group Kernel time CPU: 69.403648 sg = 0 non demand time = 69.4292
Probe time 69.5112
Merge time 0.177568
Result:
Res count = 0
Query Execution Time: 70.5971
CPU Time: 69.6658
GPU Time: 0
Transfer Time: 0
Malloc Time: 0.006432

42

 Query: 42 19970101 19981231
Query Prepare Time: 78.221
 Query Prepare Time using cpu 0.078217

Query Optimization Time: 2.30906

s_suppkey
sg = 0
Filter Build Kernel time CPU: 0.273408 p_partkey
sg = 0
Filter Build Kernel time CPU: 20.101088 d_datekey
sg = 0
Filter Build Kernel time CPU: 0.124928 Build time 20.7143
Probe Group Kernel time CPU: 34.637825 sg = 0 non demand time = 34.6655
Probe time 34.7473
Merge time 0.022656
Result:
Res count = 0
Query Execution Time: 55.5715
CPU Time: 55.1372
GPU Time: 0
Transfer Time: 0
Malloc Time: 0.003808

22

 Query: 22 1 19981231
Query Prepare Time: 101.986
 Query Prepare Time using cpu 0.101921

Query Optimization Time: 2.33574

s_suppkey
sg = 0
Filter Build Kernel time CPU: 0.270336 d_datekey
sg = 0
Filter Build Kernel time CPU: 26.067968 Build time 26.4653
Probe Group Kernel time CPU: 102.161407 sg = 0 non demand time = 102.194
Probe time 102.371
Merge time 0.490144
Result:
Res count = 0
Query Execution Time: 131.442
CPU Time: 128.5
GPU Time: 0
Transfer Time: 0
Malloc Time: 0.00624

12

 Query: 12 19940101 19940131
Query Prepare Time: 0.337888
 Query Prepare Time using cpu 0.000334263

Query Optimization Time: 2.01216

d_datekey
sg = 0
Filter Build Kernel time CPU: 0.108544 Build time 0.148416
Filter Probe Aggr Kernel time CPU: 1.381376 sg = 0 non demand time = 1.39488
Probe time 1.43258
Merge time 0.002016
Result:
Res count = 0
Query Execution Time: 1.64573
CPU Time: 1.48992
GPU Time: 0
Transfer Time: 0
Malloc Time: 0.007552

43

 Query: 43 19970101 19981231
Query Prepare Time: 76.9067
 Query Prepare Time using cpu 0.0768504

Query Optimization Time: 2.2376

s_suppkey
sg = 0
Filter Build Kernel time CPU: 0.241664 d_datekey
sg = 0
Filter Build Kernel time CPU: 0.050368 Build time 0.382976
Probe Group Kernel time CPU: 28.842209 sg = 0 non demand time = 28.8746
Probe time 28.9823
Merge time 0.434624
Result:
Res count = 0
Query Execution Time: 31.578
CPU Time: 29.1342
GPU Time: 0
Transfer Time: 0
Malloc Time: 0.003872

32

 Query: 32 19920101 19971231
Query Prepare Time: 39.3431
 Query Prepare Time using cpu 0.0393307

Query Optimization Time: 2.27206

s_suppkey
sg = 0
Filter Build Kernel time CPU: 0.231552 d_datekey
sg = 0
Filter Build Kernel time CPU: 0.056320 Build time 0.376832
Probe Group Kernel time CPU: 98.149376 sg = 0 non demand time = 98.1811
Probe time 98.2589
Merge time 0.178496
Result:
Res count = 0
Query Execution Time: 99.3179
CPU Time: 98.4372
GPU Time: 0
Transfer Time: 0
Malloc Time: 0.003104

34

 Query: 34 19971201 19971231
Query Prepare Time: 44.3972
 Query Prepare Time using cpu 0.0443823

Query Optimization Time: 2.24054

s_suppkey
sg = 0
Filter Build Kernel time CPU: 0.190464 d_datekey
sg = 0
Filter Build Kernel time CPU: 0.041984 Build time 0.303168
Probe Group Kernel time CPU: 1.446912 sg = 0 non demand time = 1.46112
Probe time 1.49613
Merge time 0.322112
Result:
Res count = 0
Query Execution Time: 2.62387
CPU Time: 1.67936
GPU Time: 0
Transfer Time: 0
Malloc Time: 0.005472

41

 Query: 41 19920101 19981231
Query Prepare Time: 76.4425
 Query Prepare Time using cpu 0.0764358

Query Optimization Time: 2.36032

s_suppkey
sg = 0
Filter Build Kernel time CPU: 0.524480 p_partkey
sg = 0
Filter Build Kernel time CPU: 18.144320 d_datekey
sg = 0
Filter Build Kernel time CPU: 44.496929 Build time 67.9045
Probe Group Kernel time CPU: 138.431335 sg = 0 non demand time = 138.495
Probe time 138.593
Merge time 0.003968
Result:
Res count = 0
Query Execution Time: 206.605
CPU Time: 201.597
GPU Time: 0
Transfer Time: 0
Malloc Time: 0.005056

11

 Query: 11 19930101 19931231
Query Prepare Time: 0.159744
 Query Prepare Time using cpu 0.000156879

Query Optimization Time: 2.08266

d_datekey
sg = 0
Filter Build Kernel time CPU: 0.135168 Build time 0.193536
Filter Probe Aggr Kernel time CPU: 10.369024 sg = 0 non demand time = 10.3865
Probe time 10.4438
Merge time 0.001696
Result:
Res count = 0
Query Execution Time: 10.7997
CPU Time: 10.5042
GPU Time: 0
Transfer Time: 0
Malloc Time: 0.006272

22

 Query: 22 1 19981231
Query Prepare Time: 101.335
 Query Prepare Time using cpu 0.101271

Query Optimization Time: 2.34394

s_suppkey
sg = 0
Filter Build Kernel time CPU: 0.280576 d_datekey
sg = 0
Filter Build Kernel time CPU: 26.407936 Build time 26.8145
Probe Group Kernel time CPU: 99.509247 sg = 0 non demand time = 99.5369
Probe time 99.6309
Merge time 0.49824
Result:
Res count = 0
Query Execution Time: 129.047
CPU Time: 126.198
GPU Time: 0
Transfer Time: 0
Malloc Time: 0.003168

32

 Query: 32 19920101 19971231
Query Prepare Time: 39.5655
 Query Prepare Time using cpu 0.0395525

Query Optimization Time: 2.304

s_suppkey
sg = 0
Filter Build Kernel time CPU: 0.219136 d_datekey
sg = 0
Filter Build Kernel time CPU: 0.056320 Build time 0.361472
Probe Group Kernel time CPU: 106.782722 sg = 0 non demand time = 106.815
Probe time 106.902
Merge time 0.169824
Result:
Res count = 0
Query Execution Time: 107.977
CPU Time: 107.058
GPU Time: 0
Transfer Time: 0
Malloc Time: 0.00432

11

 Query: 11 19930101 19931231
Query Prepare Time: 0.466112
 Query Prepare Time using cpu 0.000461578

Query Optimization Time: 2.1545

d_datekey
sg = 0
Filter Build Kernel time CPU: 0.111616 Build time 0.1648
Filter Probe Aggr Kernel time CPU: 11.413504 sg = 0 non demand time = 11.434
Probe time 11.5149
Merge time 0.004544
Result:
Res count = 0
Query Execution Time: 11.762
CPU Time: 11.5251
GPU Time: 0
Transfer Time: 0
Malloc Time: 0.008384

33

 Query: 33 19920101 19971231
Query Prepare Time: 42.9938
 Query Prepare Time using cpu 0.0429795

Query Optimization Time: 2.44451

s_suppkey
sg = 0
Filter Build Kernel time CPU: 0.220160 d_datekey
sg = 0
Filter Build Kernel time CPU: 0.056320 Build time 0.385088
Probe Group Kernel time CPU: 67.132416 sg = 0 non demand time = 67.1642
Probe time 67.241
Merge time 0.180544
Result:
Res count = 0
Query Execution Time: 68.369
CPU Time: 67.4089
GPU Time: 0
Transfer Time: 0
Malloc Time: 0.007904

32

 Query: 32 19920101 19971231
Query Prepare Time: 45.9141
 Query Prepare Time using cpu 0.0459006

Query Optimization Time: 2.40026

s_suppkey
sg = 0
Filter Build Kernel time CPU: 0.229376 d_datekey
sg = 0
Filter Build Kernel time CPU: 0.052224 Build time 0.365568
Probe Group Kernel time CPU: 103.063553 sg = 0 non demand time = 103.092
Probe time 103.243
Merge time 0.174784
Result:
Res count = 0
Query Execution Time: 104.303
CPU Time: 103.345
GPU Time: 0
Transfer Time: 0
Malloc Time: 0.007744

11

 Query: 11 19930101 19931231
Query Prepare Time: 0.348512
 Query Prepare Time using cpu 0.000344992

Query Optimization Time: 2.1584

d_datekey
sg = 0
Filter Build Kernel time CPU: 0.104448 Build time 0.141312
Filter Probe Aggr Kernel time CPU: 11.461632 sg = 0 non demand time = 11.4892
Probe time 11.5569
Merge time 0.0048
Result:
Res count = 0
Query Execution Time: 11.7836
CPU Time: 11.5661
GPU Time: 0
Transfer Time: 0
Malloc Time: 0.006112

13

 Query: 13 19940204 19940210
Query Prepare Time: 0.12688
 Query Prepare Time using cpu 0.000123978

Query Optimization Time: 2.12685

d_datekey
sg = 0
Filter Build Kernel time CPU: 0.122880 Build time 0.163808
Filter Probe Aggr Kernel time CPU: 0.370528 sg = 0 non demand time = 0.381952
Probe time 0.408576
Merge time 0.001952
Result:
Res count = 0
Query Execution Time: 0.632576
CPU Time: 0.493408
GPU Time: 0
Transfer Time: 0
Malloc Time: 0.003104

34

 Query: 34 19971201 19971231
Query Prepare Time: 40.3826
 Query Prepare Time using cpu 0.0403676

Query Optimization Time: 2.22826

s_suppkey
sg = 0
Filter Build Kernel time CPU: 0.208896 d_datekey
sg = 0
Filter Build Kernel time CPU: 0.048224 Build time 0.3328
Probe Group Kernel time CPU: 1.568768 sg = 0 non demand time = 1.58698
Probe time 1.62285
Merge time 0.316064
Result:
Res count = 0
Query Execution Time: 2.76576
CPU Time: 1.82589
GPU Time: 0
Transfer Time: 0
Malloc Time: 0.00608

31

 Query: 31 19920101 19971231
Query Prepare Time: 39.8817
 Query Prepare Time using cpu 0.0398781

Query Optimization Time: 2.34307

s_suppkey
sg = 0
Filter Build Kernel time CPU: 0.252832 d_datekey
sg = 0
Filter Build Kernel time CPU: 0.051200 Build time 0.388096
Probe Group Kernel time CPU: 139.181061 sg = 0 non demand time = 139.208
Probe time 139.336
Merge time 0.030528
Result:
Res count = 0
Query Execution Time: 139.842
CPU Time: 139.485
GPU Time: 0
Transfer Time: 0
Malloc Time: 0.004256

32

 Query: 32 19920101 19971231
Query Prepare Time: 43.0705
 Query Prepare Time using cpu 0.0430572

Query Optimization Time: 2.41459

s_suppkey
sg = 0
Filter Build Kernel time CPU: 0.209920 d_datekey
sg = 0
Filter Build Kernel time CPU: 0.056320 Build time 0.358432
Probe Group Kernel time CPU: 101.274719 sg = 0 non demand time = 101.301
Probe time 101.396
Merge time 0.1736
Result:
Res count = 0
Query Execution Time: 102.496
CPU Time: 101.541
GPU Time: 0
Transfer Time: 0
Malloc Time: 0.006304

11

 Query: 11 19930101 19931231
Query Prepare Time: 0.356512
 Query Prepare Time using cpu 0.000354767

Query Optimization Time: 2.18832

d_datekey
sg = 0
Filter Build Kernel time CPU: 0.102400 Build time 0.136032
Filter Probe Aggr Kernel time CPU: 10.418176 sg = 0 non demand time = 10.4408
Probe time 10.5226
Merge time 0.004256
Result:
Res count = 0
Query Execution Time: 10.736
CPU Time: 10.5206
GPU Time: 0
Transfer Time: 0
Malloc Time: 0.00448

33

 Query: 33 19920101 19971231
Query Prepare Time: 42.4025
 Query Prepare Time using cpu 0.0423899

Query Optimization Time: 2.40538

s_suppkey
sg = 0
Filter Build Kernel time CPU: 0.215136 d_datekey
sg = 0
Filter Build Kernel time CPU: 0.048352 Build time 0.34608
Probe Group Kernel time CPU: 73.357315 sg = 0 non demand time = 73.3932
Probe time 73.4883
Merge time 0.179872
Result:
Res count = 0
Query Execution Time: 74.5125
CPU Time: 73.6208
GPU Time: 0
Transfer Time: 0
Malloc Time: 0.003168

43

 Query: 43 19970101 19981231
Query Prepare Time: 82.4761
 Query Prepare Time using cpu 0.0824201

Query Optimization Time: 2.38694

s_suppkey
sg = 0
Filter Build Kernel time CPU: 0.242688 d_datekey
sg = 0
Filter Build Kernel time CPU: 0.051200 Build time 0.387936
Probe Group Kernel time CPU: 28.535648 sg = 0 non demand time = 28.5716
Probe time 28.6638
Merge time 0.4344
Result:
Res count = 0
Query Execution Time: 31.2603
CPU Time: 28.8295
GPU Time: 0
Transfer Time: 0
Malloc Time: 0.002976

21

 Query: 21 1 19981231
Query Prepare Time: 103.921
 Query Prepare Time using cpu 0.103858

Query Optimization Time: 2.45555

s_suppkey
sg = 0
Filter Build Kernel time CPU: 0.273408 p_partkey
sg = 0
Filter Build Kernel time CPU: 16.310368 d_datekey
sg = 0
Filter Build Kernel time CPU: 25.936001 Build time 42.7529
Probe Group Kernel time CPU: 21686.625000 sg = 0 non demand time = 21686.7
Probe time 21686.8
Merge time 0.699104
Result:
Res count = 0
Query Execution Time: 21732.3
CPU Time: 21729.1
GPU Time: 0
Transfer Time: 0
Malloc Time: 0.005824

32

 Query: 32 19920101 19971231
Query Prepare Time: 40.2932
 Query Prepare Time using cpu 0.0402811

Query Optimization Time: 2.34592

s_suppkey
sg = 0
Filter Build Kernel time CPU: 0.176192 d_datekey
sg = 0
Filter Build Kernel time CPU: 0.048128 Build time 0.30208
Probe Group Kernel time CPU: 102.046722 sg = 0 non demand time = 102.073
Probe time 102.161
Merge time 0.175168
Result:
Res count = 0
Query Execution Time: 103.197
CPU Time: 102.271
GPU Time: 0
Transfer Time: 0
Malloc Time: 0.002912

34

 Query: 34 19971201 19971231
Query Prepare Time: 44.678
 Query Prepare Time using cpu 0.0446639

Query Optimization Time: 2.39718

s_suppkey
sg = 0
Filter Build Kernel time CPU: 0.209952 d_datekey
sg = 0
Filter Build Kernel time CPU: 0.052224 Build time 0.357184
Probe Group Kernel time CPU: 1.579008 sg = 0 non demand time = 1.59651
Probe time 1.67526
Merge time 0.591872
Result:
Res count = 0
Query Execution Time: 3.12704
CPU Time: 1.84118
GPU Time: 0
Transfer Time: 0
Malloc Time: 0.004832

32

 Query: 32 19920101 19971231
Query Prepare Time: 42.0549
 Query Prepare Time using cpu 0.0420411

Query Optimization Time: 2.39718

s_suppkey
sg = 0
Filter Build Kernel time CPU: 0.190464 d_datekey
sg = 0
Filter Build Kernel time CPU: 0.049984 Build time 0.34016
Probe Group Kernel time CPU: 104.975357 sg = 0 non demand time = 105.008
Probe time 105.101
Merge time 0.182496
Result:
Res count = 0
Query Execution Time: 106.149
CPU Time: 105.216
GPU Time: 0
Transfer Time: 0
Malloc Time: 0.005184

31

 Query: 31 19920101 19971231
Query Prepare Time: 43.2655
 Query Prepare Time using cpu 0.043262

Query Optimization Time: 2.39718

s_suppkey
sg = 0
Filter Build Kernel time CPU: 0.257024 d_datekey
sg = 0
Filter Build Kernel time CPU: 0.049152 Build time 0.385024
Probe Group Kernel time CPU: 119.842751 sg = 0 non demand time = 119.867
Probe time 119.945
Merge time 0.028384
Result:
Res count = 0
Query Execution Time: 120.438
CPU Time: 120.149
GPU Time: 0
Transfer Time: 0
Malloc Time: 0.006112

31

 Query: 31 19920101 19971231
Query Prepare Time: 42.1157
 Query Prepare Time using cpu 0.0421107

Query Optimization Time: 2.39821

s_suppkey
sg = 0
Filter Build Kernel time CPU: 0.251936 d_datekey
sg = 0
Filter Build Kernel time CPU: 0.053248 Build time 0.386912
Probe Group Kernel time CPU: 128.990204 sg = 0 non demand time = 129.011
Probe time 129.083
Merge time 0.029344
Result:
Res count = 0
Query Execution Time: 129.603
CPU Time: 129.295
GPU Time: 0
Transfer Time: 0
Malloc Time: 0.003904

43

 Query: 43 19970101 19981231
Query Prepare Time: 81.9567
 Query Prepare Time using cpu 0.0818996

Query Optimization Time: 2.42579

s_suppkey
sg = 0
Filter Build Kernel time CPU: 0.215040 d_datekey
sg = 0
Filter Build Kernel time CPU: 0.075776 Build time 0.377024
Probe Group Kernel time CPU: 29.010912 sg = 0 non demand time = 29.0374
Probe time 29.1215
Merge time 0.66704
Result:
Res count = 0
Query Execution Time: 31.9592
CPU Time: 29.3017
GPU Time: 0
Transfer Time: 0
Malloc Time: 0.003136

31

 Query: 31 19920101 19971231
Query Prepare Time: 37.7133
 Query Prepare Time using cpu 0.0377073

Query Optimization Time: 2.42278

s_suppkey
sg = 0
Filter Build Kernel time CPU: 0.239616 d_datekey
sg = 0
Filter Build Kernel time CPU: 0.044032 Build time 0.36128
Probe Group Kernel time CPU: 129.415161 sg = 0 non demand time = 129.438
Probe time 129.517
Merge time 0.029984
Result:
Res count = 0
Query Execution Time: 129.986
CPU Time: 129.699
GPU Time: 0
Transfer Time: 0
Malloc Time: 0.00608

32

 Query: 32 19920101 19971231
Query Prepare Time: 43.1209
 Query Prepare Time using cpu 0.043107

Query Optimization Time: 2.39616

s_suppkey
sg = 0
Filter Build Kernel time CPU: 0.234496 d_datekey
sg = 0
Filter Build Kernel time CPU: 0.052224 Build time 0.36672
Probe Group Kernel time CPU: 103.493629 sg = 0 non demand time = 103.514
Probe time 103.594
Merge time 0.17056
Result:
Res count = 0
Query Execution Time: 104.734
CPU Time: 103.78
GPU Time: 0
Transfer Time: 0
Malloc Time: 0.005184

34

 Query: 34 19971201 19971231
Query Prepare Time: 44.5624
 Query Prepare Time using cpu 0.0445492

Query Optimization Time: 2.36134

s_suppkey
sg = 0
Filter Build Kernel time CPU: 0.216064 d_datekey
sg = 0
Filter Build Kernel time CPU: 0.051200 Build time 0.335872
Probe Group Kernel time CPU: 1.598368 sg = 0 non demand time = 1.62099
Probe time 1.66074
Merge time 0.305344
Result:
Res count = 0
Query Execution Time: 2.7911
CPU Time: 1.86563
GPU Time: 0
Transfer Time: 0
Malloc Time: 0.00512

22

 Query: 22 1 19981231
Query Prepare Time: 101.25
 Query Prepare Time using cpu 0.101185

Query Optimization Time: 2.45043

s_suppkey
sg = 0
Filter Build Kernel time CPU: 0.283648 d_datekey
sg = 0
Filter Build Kernel time CPU: 26.342432 Build time 26.7561
Probe Group Kernel time CPU: 111.200226 sg = 0 non demand time = 111.245
Probe time 111.326
Merge time 0.517024
Result:
Res count = 0
Query Execution Time: 140.659
CPU Time: 137.826
GPU Time: 0
Transfer Time: 0
Malloc Time: 0.00608

43

 Query: 43 19970101 19981231
Query Prepare Time: 79.4818
 Query Prepare Time using cpu 0.0794261

Query Optimization Time: 2.40733

s_suppkey
sg = 0
Filter Build Kernel time CPU: 0.234496 d_datekey
sg = 0
Filter Build Kernel time CPU: 0.080896 Build time 0.406528
Probe Group Kernel time CPU: 28.929024 sg = 0 non demand time = 28.9577
Probe time 29.0447
Merge time 0.44608
Result:
Res count = 0
Query Execution Time: 31.6754
CPU Time: 29.2444
GPU Time: 0
Transfer Time: 0
Malloc Time: 0.006208

42

 Query: 42 19970101 19981231
Query Prepare Time: 78.7497
 Query Prepare Time using cpu 0.0787463

Query Optimization Time: 2.41869

s_suppkey
sg = 0
Filter Build Kernel time CPU: 0.273408 p_partkey
sg = 0
Filter Build Kernel time CPU: 19.844095 d_datekey
sg = 0
Filter Build Kernel time CPU: 0.132096 Build time 20.4278
Probe Group Kernel time CPU: 42.147007 sg = 0 non demand time = 42.1755
Probe time 42.2799
Merge time 0.02224
Result:
Res count = 0
Query Execution Time: 62.8141
CPU Time: 62.3966
GPU Time: 0
Transfer Time: 0
Malloc Time: 0.004992

21

 Query: 21 1 19981231
Query Prepare Time: 103.657
 Query Prepare Time using cpu 0.10359

Query Optimization Time: 2.46067

s_suppkey
sg = 0
Filter Build Kernel time CPU: 0.260992 p_partkey
sg = 0
Filter Build Kernel time CPU: 16.705536 d_datekey
sg = 0
Filter Build Kernel time CPU: 22.293505 Build time 39.511
Probe Group Kernel time CPU: 21671.947266 sg = 0 non demand time = 21672
Probe time 21672.1
Merge time 0.510688
Result:
Res count = 0
Query Execution Time: 21714.2
CPU Time: 21711.2
GPU Time: 0
Transfer Time: 0
Malloc Time: 0.005888

33

 Query: 33 19920101 19971231
Query Prepare Time: 40.5428
 Query Prepare Time using cpu 0.0405285

Query Optimization Time: 2.42902

s_suppkey
sg = 0
Filter Build Kernel time CPU: 0.521376 d_datekey
sg = 0
Filter Build Kernel time CPU: 0.118880 Build time 0.72192
Probe Group Kernel time CPU: 73.304062 sg = 0 non demand time = 73.3368
Probe time 73.4844
Merge time 0.254528
Result:
Res count = 0
Query Execution Time: 74.979
CPU Time: 73.9443
GPU Time: 0
Transfer Time: 0
Malloc Time: 0.007392

34

 Query: 34 19971201 19971231
Query Prepare Time: 43.8419
 Query Prepare Time using cpu 0.043829

Query Optimization Time: 2.28454

s_suppkey
sg = 0
Filter Build Kernel time CPU: 0.198656 d_datekey
sg = 0
Filter Build Kernel time CPU: 0.047104 Build time 0.333824
Probe Group Kernel time CPU: 1.490944 sg = 0 non demand time = 1.50627
Probe time 1.54419
Merge time 0.288192
Result:
Res count = 0
Query Execution Time: 2.67958
CPU Time: 1.7367
GPU Time: 0
Transfer Time: 0
Malloc Time: 0.004576

12

 Query: 12 19940101 19940131
Query Prepare Time: 0.341632
 Query Prepare Time using cpu 0.000338554

Query Optimization Time: 1.9753

d_datekey
sg = 0
Filter Build Kernel time CPU: 0.121856 Build time 0.158688
Filter Probe Aggr Kernel time CPU: 1.457152 sg = 0 non demand time = 1.47149
Probe time 1.50426
Merge time 0.001984
Result:
Res count = 0
Query Execution Time: 1.72582
CPU Time: 1.57901
GPU Time: 0
Transfer Time: 0
Malloc Time: 0.00416

41

 Query: 41 19920101 19981231
Query Prepare Time: 75.9012
 Query Prepare Time using cpu 0.0758958

Query Optimization Time: 2.4064

s_suppkey
sg = 0
Filter Build Kernel time CPU: 0.303296 p_partkey
sg = 0
Filter Build Kernel time CPU: 18.437120 d_datekey
sg = 0
Filter Build Kernel time CPU: 46.811134 Build time 65.7592
Probe Group Kernel time CPU: 140.047363 sg = 0 non demand time = 140.078
Probe time 140.223
Merge time 0.004672
Result:
Res count = 0
Query Execution Time: 206.106
CPU Time: 205.599
GPU Time: 0
Transfer Time: 0
Malloc Time: 0.005824

11

 Query: 11 19930101 19931231
Query Prepare Time: 0.18224
 Query Prepare Time using cpu 0.000176907

Query Optimization Time: 2.19238

d_datekey
sg = 0
Filter Build Kernel time CPU: 0.131104 Build time 0.183296
Filter Probe Aggr Kernel time CPU: 10.600384 sg = 0 non demand time = 10.6228
Probe time 10.6854
Merge time 0.004512
Result:
Res count = 0
Query Execution Time: 10.9473
CPU Time: 10.7315
GPU Time: 0
Transfer Time: 0
Malloc Time: 0.007968

41

 Query: 41 19920101 19981231
Query Prepare Time: 78.4049
 Query Prepare Time using cpu 0.0784006

Query Optimization Time: 2.50061

s_suppkey
sg = 0
Filter Build Kernel time CPU: 0.250880 p_partkey
sg = 0
Filter Build Kernel time CPU: 16.329727 d_datekey
sg = 0
Filter Build Kernel time CPU: 43.029503 Build time 59.8508
Probe Group Kernel time CPU: 141.628418 sg = 0 non demand time = 141.686
Probe time 141.761
Merge time 0.004288
Result:
Res count = 0
Query Execution Time: 201.722
CPU Time: 201.239
GPU Time: 0
Transfer Time: 0
Malloc Time: 0.005088

41

 Query: 41 19920101 19981231
Query Prepare Time: 78.6227
 Query Prepare Time using cpu 0.0786164

Query Optimization Time: 2.52826

s_suppkey
sg = 0
Filter Build Kernel time CPU: 0.294912 p_partkey
sg = 0
Filter Build Kernel time CPU: 15.750144 d_datekey
sg = 0
Filter Build Kernel time CPU: 42.820705 Build time 59.094
Probe Group Kernel time CPU: 141.653946 sg = 0 non demand time = 141.679
Probe time 141.769
Merge time 0.003648
Result:
Res count = 0
Query Execution Time: 200.965
CPU Time: 200.52
GPU Time: 0
Transfer Time: 0
Malloc Time: 0.004928

41

 Query: 41 19920101 19981231
Query Prepare Time: 80.0218
 Query Prepare Time using cpu 0.0800161

Query Optimization Time: 2.45846

s_suppkey
sg = 0
Filter Build Kernel time CPU: 0.235520 p_partkey
sg = 0
Filter Build Kernel time CPU: 16.234495 d_datekey
sg = 0
Filter Build Kernel time CPU: 42.124287 Build time 58.8032
Probe Group Kernel time CPU: 139.549698 sg = 0 non demand time = 139.584
Probe time 139.753
Merge time 0.005344
Result:
Res count = 0
Query Execution Time: 198.664
CPU Time: 198.144
GPU Time: 0
Transfer Time: 0
Malloc Time: 0.006208

31

 Query: 31 19920101 19971231
Query Prepare Time: 37.4181
 Query Prepare Time using cpu 0.0374112

Query Optimization Time: 2.36544

s_suppkey
sg = 0
Filter Build Kernel time CPU: 0.252928 d_datekey
sg = 0
Filter Build Kernel time CPU: 0.049152 Build time 0.395104
Probe Group Kernel time CPU: 124.158752 sg = 0 non demand time = 124.179
Probe time 124.253
Merge time 0.02704
Result:
Res count = 0
Query Execution Time: 124.756
CPU Time: 124.461
GPU Time: 0
Transfer Time: 0
Malloc Time: 0.00448

41

 Query: 41 19920101 19981231
Query Prepare Time: 80.642
 Query Prepare Time using cpu 0.0806372

Query Optimization Time: 2.52234

s_suppkey
sg = 0
Filter Build Kernel time CPU: 0.276576 p_partkey
sg = 0
Filter Build Kernel time CPU: 16.140287 d_datekey
sg = 0
Filter Build Kernel time CPU: 41.357311 Build time 57.9996
Probe Group Kernel time CPU: 136.663040 sg = 0 non demand time = 136.695
Probe time 136.794
Merge time 0.005568
Result:
Res count = 0
Query Execution Time: 194.921
CPU Time: 194.437
GPU Time: 0
Transfer Time: 0
Malloc Time: 0.00432

12

 Query: 12 19940101 19940131
Query Prepare Time: 0.162912
 Query Prepare Time using cpu 0.000158787

Query Optimization Time: 2.11552

d_datekey
sg = 0
Filter Build Kernel time CPU: 0.129024 Build time 0.178176
Filter Probe Aggr Kernel time CPU: 1.229600 sg = 0 non demand time = 1.24109
Probe time 1.27386
Merge time 0.002048
Result:
Res count = 0
Query Execution Time: 1.51405
CPU Time: 1.35862
GPU Time: 0
Transfer Time: 0
Malloc Time: 0.00496

13

 Query: 13 19940204 19940210
Query Prepare Time: 0.096192
 Query Prepare Time using cpu 9.41753e-05

Query Optimization Time: 2.1289

d_datekey
sg = 0
Filter Build Kernel time CPU: 0.115776 Build time 0.147456
Filter Probe Aggr Kernel time CPU: 0.370592 sg = 0 non demand time = 0.384
Probe time 0.408576
Merge time 0.001792
Result:
Res count = 0
Query Execution Time: 0.616032
CPU Time: 0.486368
GPU Time: 0
Transfer Time: 0
Malloc Time: 0.003968

22

 Query: 22 1 19981231
Query Prepare Time: 103.776
 Query Prepare Time using cpu 0.103711

Query Optimization Time: 2.46067

s_suppkey
sg = 0
Filter Build Kernel time CPU: 0.272192 d_datekey
sg = 0
Filter Build Kernel time CPU: 26.130367 Build time 26.5267
Probe Group Kernel time CPU: 102.841347 sg = 0 non demand time = 102.869
Probe time 102.957
Merge time 0.52528
Result:
Res count = 0
Query Execution Time: 132.073
CPU Time: 129.244
GPU Time: 0
Transfer Time: 0
Malloc Time: 0.005952

33

 Query: 33 19920101 19971231
Query Prepare Time: 41.1067
 Query Prepare Time using cpu 0.0410933

Query Optimization Time: 2.41254

s_suppkey
sg = 0
Filter Build Kernel time CPU: 0.189440 d_datekey
sg = 0
Filter Build Kernel time CPU: 0.047104 Build time 0.325632
Probe Group Kernel time CPU: 70.564865 sg = 0 non demand time = 70.5905
Probe time 70.6529
Merge time 0.168416
Result:
Res count = 0
Query Execution Time: 71.6413
CPU Time: 70.8014
GPU Time: 0
Transfer Time: 0
Malloc Time: 0.005024

13

 Query: 13 19940204 19940210
Query Prepare Time: 0.433792
 Query Prepare Time using cpu 0.000431538

Query Optimization Time: 2.06746

d_datekey
sg = 0
Filter Build Kernel time CPU: 0.121856 Build time 0.16896
Filter Probe Aggr Kernel time CPU: 0.386144 sg = 0 non demand time = 0.398336
Probe time 0.498528
Merge time 0.00224
Result:
Res count = 0
Query Execution Time: 0.781952
CPU Time: 0.508
GPU Time: 0
Transfer Time: 0
Malloc Time: 0.00688

12

 Query: 12 19940101 19940131
Query Prepare Time: 0.094848
 Query Prepare Time using cpu 9.27448e-05

Query Optimization Time: 1.99987

d_datekey
sg = 0
Filter Build Kernel time CPU: 0.108544 Build time 0.136192
Filter Probe Aggr Kernel time CPU: 1.199168 sg = 0 non demand time = 1.21958
Probe time 1.25542
Merge time 0.002528
Result:
Res count = 0
Query Execution Time: 1.45152
CPU Time: 1.30771
GPU Time: 0
Transfer Time: 0
Malloc Time: 0.00288

34

 Query: 34 19971201 19971231
Query Prepare Time: 41.8652
 Query Prepare Time using cpu 0.0418506

Query Optimization Time: 2.31018

s_suppkey
sg = 0
Filter Build Kernel time CPU: 0.176128 d_datekey
sg = 0
Filter Build Kernel time CPU: 0.043008 Build time 0.292864
Probe Group Kernel time CPU: 1.304576 sg = 0 non demand time = 1.31664
Probe time 1.34848
Merge time 0.568864
Result:
Res count = 0
Query Execution Time: 2.70147
CPU Time: 1.52371
GPU Time: 0
Transfer Time: 0
Malloc Time: 0.005952

33

 Query: 33 19920101 19971231
Query Prepare Time: 40.8955
 Query Prepare Time using cpu 0.0408804

Query Optimization Time: 2.34899

s_suppkey
sg = 0
Filter Build Kernel time CPU: 0.234400 d_datekey
sg = 0
Filter Build Kernel time CPU: 0.048128 Build time 0.360448
Probe Group Kernel time CPU: 76.072960 sg = 0 non demand time = 76.1026
Probe time 76.1836
Merge time 0.167072
Result:
Res count = 0
Query Execution Time: 77.2216
CPU Time: 76.3555
GPU Time: 0
Transfer Time: 0
Malloc Time: 0.006464

33

 Query: 33 19920101 19971231
Query Prepare Time: 44.4622
 Query Prepare Time using cpu 0.0444493

Query Optimization Time: 2.41562

s_suppkey
sg = 0
Filter Build Kernel time CPU: 0.224256 d_datekey
sg = 0
Filter Build Kernel time CPU: 0.046080 Build time 0.375008
Probe Group Kernel time CPU: 66.533501 sg = 0 non demand time = 66.5569
Probe time 66.6307
Merge time 0.172608
Result:
Res count = 0
Query Execution Time: 67.7463
CPU Time: 66.8038
GPU Time: 0
Transfer Time: 0
Malloc Time: 0.00656

23

 Query: 23 1 19981231
Query Prepare Time: 98.0803
 Query Prepare Time using cpu 0.098017

Query Optimization Time: 2.36035

s_suppkey
sg = 0
Filter Build Kernel time CPU: 0.312320 d_datekey
sg = 0
Filter Build Kernel time CPU: 25.716576 Build time 26.155
Probe Group Kernel time CPU: 104.909729 sg = 0 non demand time = 104.941
Probe time 105.153
Merge time 0.727424
Result:
Res count = 0
Query Execution Time: 134.169
CPU Time: 130.939
GPU Time: 0
Transfer Time: 0
Malloc Time: 0.004128

13

 Query: 13 19940204 19940210
Query Prepare Time: 0.41456
 Query Prepare Time using cpu 0.000409842

Query Optimization Time: 2.12275

d_datekey
sg = 0
Filter Build Kernel time CPU: 0.116736 Build time 0.166688
Filter Probe Aggr Kernel time CPU: 0.421888 sg = 0 non demand time = 0.438368
Probe time 0.513024
Merge time 0.002112
Result:
Res count = 0
Query Execution Time: 0.852832
CPU Time: 0.538624
GPU Time: 0
Transfer Time: 0
Malloc Time: 0.008096

22

 Query: 22 1 19981231
Query Prepare Time: 101.851
 Query Prepare Time using cpu 0.101785

Query Optimization Time: 2.4791

s_suppkey
sg = 0
Filter Build Kernel time CPU: 0.308416 d_datekey
sg = 0
Filter Build Kernel time CPU: 26.339329 Build time 26.7776
Probe Group Kernel time CPU: 102.539139 sg = 0 non demand time = 102.567
Probe time 102.66
Merge time 0.589408
Result:
Res count = 0
Query Execution Time: 132.106
CPU Time: 129.187
GPU Time: 0
Transfer Time: 0
Malloc Time: 0.004192

11

 Query: 11 19930101 19931231
Query Prepare Time: 0.309568
 Query Prepare Time using cpu 0.000305414

Query Optimization Time: 2.18522

d_datekey
sg = 0
Filter Build Kernel time CPU: 0.112640 Build time 0.145408
Filter Probe Aggr Kernel time CPU: 10.360832 sg = 0 non demand time = 10.3926
Probe time 10.538
Merge time 0.005312
Result:
Res count = 0
Query Execution Time: 10.8157
CPU Time: 10.4735
GPU Time: 0
Transfer Time: 0
Malloc Time: 0.0096

21

 Query: 21 1 19981231
Query Prepare Time: 97.1292
 Query Prepare Time using cpu 0.0970643

Query Optimization Time: 2.41466

s_suppkey
sg = 0
Filter Build Kernel time CPU: 0.279552 p_partkey
sg = 0
Filter Build Kernel time CPU: 16.304319 d_datekey
sg = 0
Filter Build Kernel time CPU: 22.124512 Build time 38.9818
Probe Group Kernel time CPU: 21659.480469 sg = 0 non demand time = 21659.5
Probe time 21659.7
Merge time 0.52208
Result:
Res count = 0
Query Execution Time: 21701.4
CPU Time: 21698.2
GPU Time: 0
Transfer Time: 0
Malloc Time: 0.003072

41

 Query: 41 19920101 19981231
Query Prepare Time: 74.3919
 Query Prepare Time using cpu 0.074388

Query Optimization Time: 2.45158

s_suppkey
sg = 0
Filter Build Kernel time CPU: 0.255904 p_partkey
sg = 0
Filter Build Kernel time CPU: 16.064545 d_datekey
sg = 0
Filter Build Kernel time CPU: 41.333759 Build time 57.9205
Probe Group Kernel time CPU: 141.099014 sg = 0 non demand time = 141.129
Probe time 141.294
Merge time 0.004864
Result:
Res count = 0
Query Execution Time: 199.341
CPU Time: 198.753
GPU Time: 0
Transfer Time: 0
Malloc Time: 0.0064

33

 Query: 33 19920101 19971231
Query Prepare Time: 37.0415
 Query Prepare Time using cpu 0.0370266

Query Optimization Time: 2.43405

s_suppkey
sg = 0
Filter Build Kernel time CPU: 0.210944 d_datekey
sg = 0
Filter Build Kernel time CPU: 0.046080 Build time 0.34608
Probe Group Kernel time CPU: 70.070465 sg = 0 non demand time = 70.0969
Probe time 70.1952
Merge time 0.172384
Result:
Res count = 0
Query Execution Time: 71.2726
CPU Time: 70.3275
GPU Time: 0
Transfer Time: 0
Malloc Time: 0.005408

11

 Query: 11 19930101 19931231
Query Prepare Time: 0.310208
 Query Prepare Time using cpu 0.000308752

Query Optimization Time: 2.12797

d_datekey
sg = 0
Filter Build Kernel time CPU: 0.107424 Build time 0.138176
Filter Probe Aggr Kernel time CPU: 10.391552 sg = 0 non demand time = 10.4245
Probe time 10.5257
Merge time 0.004128
Result:
Res count = 0
Query Execution Time: 10.7921
CPU Time: 10.499
GPU Time: 0
Transfer Time: 0
Malloc Time: 0.0032

12

 Query: 12 19940101 19940131
Query Prepare Time: 0.112128
 Query Prepare Time using cpu 0.000110388

Query Optimization Time: 2.10432

d_datekey
sg = 0
Filter Build Kernel time CPU: 0.119680 Build time 0.1536
Filter Probe Aggr Kernel time CPU: 1.273856 sg = 0 non demand time = 1.28717
Probe time 1.32189
Merge time 0.001888
Result:
Res count = 0
Query Execution Time: 1.53446
CPU Time: 1.39354
GPU Time: 0
Transfer Time: 0
Malloc Time: 0.003072

32

 Query: 32 19920101 19971231
Query Prepare Time: 36.8895
 Query Prepare Time using cpu 0.0368764

Query Optimization Time: 2.41357

s_suppkey
sg = 0
Filter Build Kernel time CPU: 0.180064 d_datekey
sg = 0
Filter Build Kernel time CPU: 0.043136 Build time 0.301856
Probe Group Kernel time CPU: 100.519875 sg = 0 non demand time = 100.551
Probe time 100.727
Merge time 0.17472
Result:
Res count = 0
Query Execution Time: 101.739
CPU Time: 100.743
GPU Time: 0
Transfer Time: 0
Malloc Time: 0.006336

42

 Query: 42 19970101 19981231
Query Prepare Time: 78.0169
 Query Prepare Time using cpu 0.0780127

Query Optimization Time: 2.36544

s_suppkey
sg = 0
Filter Build Kernel time CPU: 0.225056 p_partkey
sg = 0
Filter Build Kernel time CPU: 18.691072 d_datekey
sg = 0
Filter Build Kernel time CPU: 0.043008 Build time 19.1263
Probe Group Kernel time CPU: 34.449280 sg = 0 non demand time = 34.4872
Probe time 34.5671
Merge time 0.029536
Result:
Res count = 0
Query Execution Time: 53.8183
CPU Time: 53.4084
GPU Time: 0
Transfer Time: 0
Malloc Time: 0.004512

Cached segment: 1999 Cache total: 2000
Successfully cached
Run Experiment
 epoch start 
31

 Query: 31 19920101 19971231
Query Prepare Time: 36.5305
 Query Prepare Time using cpu 0.0365257

Query Optimization Time: 2.54874

s_suppkey
sg = 1
h_total: 64276 output_estimate: 314572 sg: 1
Filter Kernel time CPU: 0.462688 Transfer size: 64276 sg: 1
Transfer Time: 0.03584 sg: 1
Build Kernel time GPU: 3.175424 d_datekey
sg = 1
Filter Build Kernel time CPU: 0.154624 Build time 4.00688
h_total: 110314394 output_estimate: 95630136 sg: 8
Probe Kernel time GPU: 6.949888 Transfer size: 110314394 sg: 8
h_total: 0 output_estimate: 50205820 sg: 12
Probe Kernel time GPU: 20.004864 Transfer size: 0 sg: 12
Transfer Time : 0.001024 Transfer Time : 52.348927 Probe Group Kernel time CPU: 0.003072 sg = 12 non demand time = 79.4276
Probe Group Kernel time CPU: 37.265408 sg = 8 non demand time = 116.84
Probe time 116.918
Merge time 0.027712
Result:
Res count = 0
Query Execution Time: 121.032
CPU Time: 37.2654
GPU Time: 20.0049
Transfer Time: 52.3489
Malloc Time: 0.026624

13

 Query: 13 19940204 19940210
Query Prepare Time: 0.4592
 Query Prepare Time using cpu 0.000455618

Query Optimization Time: 2.08998

d_datekey
sg = 3
Filter Build Kernel time CPU: 0.142336 Build time 0.185536
Filter Probe Aggr Kernel time CPU: 0.570304 sg = 0 non demand time = 0.58368
Probe time 0.621568
Merge time 0.001888
Result:
Res count = 0
Query Execution Time: 0.869824
CPU Time: 0.570304
GPU Time: 0
Transfer Time: 0
Malloc Time: 0.006624

34

 Query: 34 19971201 19971231
Query Prepare Time: 40.8566
 Query Prepare Time using cpu 0.0408442

Query Optimization Time: 2.25792

s_suppkey
sg = 3
Filter Build Kernel time GPU: 0.128000 d_datekey
sg = 1
Filter Build Kernel time CPU: 0.271360 Build time 0.50688
h_total: 0 output_estimate: 2113 sg: 12
Probe Kernel time GPU: 0.276480 Transfer size: 0 sg: 12
Transfer Time : 0.003072 Probe Group Kernel time CPU: 0.001024 sg = 12 non demand time = 0.365376
Probe time 0.387072
Merge time 0.497344
Result:
Res count = 0
Query Execution Time: 1.88602
CPU Time: 0.27136
GPU Time: 0.27648
Transfer Time: 0.003072
Malloc Time: 0.004096

34

 Query: 34 19971201 19971231
Query Prepare Time: 37.8324
 Query Prepare Time using cpu 0.0378191

Query Optimization Time: 2.29974

s_suppkey
sg = 3
Filter Build Kernel time GPU: 0.028800 d_datekey
sg = 1
Filter Build Kernel time CPU: 0.364544 Build time 0.47616
h_total: 0 output_estimate: 2113 sg: 12
Probe Kernel time GPU: 0.276480 Transfer size: 0 sg: 12
Transfer Time : 0.005024 Probe Group Kernel time CPU: 0.002048 sg = 12 non demand time = 0.36864
Probe time 0.391072
Merge time 0.457888
Result:
Res count = 0
Query Execution Time: 1.81754
CPU Time: 0.364544
GPU Time: 0.27648
Transfer Time: 0.005024
Malloc Time: 0.004448

43

 Query: 43 19970101 19981231
Query Prepare Time: 75.0855
 Query Prepare Time using cpu 0.0750289

Query Optimization Time: 2.3767

s_suppkey
sg = 3
Filter Build Kernel time GPU: 0.034816 d_datekey
sg = 1
Filter Build Kernel time CPU: 0.393216 Build time 0.541696
h_total: 6603815 output_estimate: 5033164 sg: 32
Probe Kernel time GPU: 1.443008 Transfer size: 6603815 sg: 32
h_total: 0 output_estimate: 2661286 sg: 48
Probe Kernel time GPU: 4.039904 Transfer size: Transfer Time : 3.226624 0 sg: 48
Transfer Time : 0.007168 Probe Group Kernel time CPU: 0.004096 sg = 48 non demand time = 7.76294
Probe Group Kernel time CPU: 4.929472 sg = 32 non demand time = 12.7601
Probe time 12.8308
Merge time 0.558528
Result:
Res count = 0
Query Execution Time: 15.7142
CPU Time: 4.92947
GPU Time: 4.0399
Transfer Time: 3.22662
Malloc Time: 0.005888

34

 Query: 34 19971201 19971231
Query Prepare Time: 39.463
 Query Prepare Time using cpu 0.0394523

Query Optimization Time: 2.3255

s_suppkey
sg = 3
Filter Build Kernel time GPU: 0.025600 d_datekey
sg = 1
Filter Build Kernel time CPU: 0.361312 Build time 0.467808
h_total: 0 output_estimate: 2113 sg: 12
Probe Kernel time GPU: 0.275680 Transfer size: 0 sg: 12
Transfer Time : 0.003968 Probe Group Kernel time CPU: 0.001984 sg = 12 non demand time = 0.364544
Probe time 0.386048
Merge time 0.458176
Result:
Res count = 0
Query Execution Time: 1.80909
CPU Time: 0.361312
GPU Time: 0.27568
Transfer Time: 0.003968
Malloc Time: 0.004224

33

 Query: 33 19920101 19971231
Query Prepare Time: 38.1082
 Query Prepare Time using cpu 0.0380962

Query Optimization Time: 2.36541

s_suppkey
sg = 3
Filter Build Kernel time GPU: 0.034816 d_datekey
sg = 1
Filter Build Kernel time CPU: 0.328704 Build time 0.477184
h_total: 5219696 output_estimate: 3825205 sg: 8
Probe Kernel time GPU: 14.456832 h_total: 1 output_estimate: 80329 sg: 12
Probe Kernel time GPU: 9.523200 Transfer size: 5219696 sg: 8
Transfer size: 1 sg: 12
Transfer Time : 2.560000 Transfer Time : 1.720352 Probe Group Kernel time CPU: 0.003264 sg = 12 non demand time = 17.1245
Probe Group Kernel time CPU: 4.626432 sg = 8 non demand time = 21.8051
Probe time 21.881
Merge time 0.254336
Result:
Res count = 0
Query Execution Time: 23.1166
CPU Time: 4.62643
GPU Time: 14.4568
Transfer Time: 2.56
Malloc Time: 0.006208

42

 Query: 42 19970101 19981231
Query Prepare Time: 76.2955
 Query Prepare Time using cpu 0.0762908

Query Optimization Time: 2.40435

s_suppkey
sg = 1
h_total: 64071 output_estimate: 314572 sg: 1
Filter Kernel time CPU: 0.452608 Transfer size: 64071 sg: 1
Transfer Time: 0.0256 sg: 1
Build Kernel time GPU: 0.027808 p_partkey
sg = 1
Filter Build Kernel time CPU: 28.758207 d_datekey
sg = 1
Filter Build Kernel time CPU: 0.073728 Build time 29.5946
h_total: 29062872 output_estimate: 25165824 sg: 32
Probe Kernel time GPU: 1.852288 Transfer size: 29062872 sg: 32
h_total: 0 output_estimate: 13306430 sg: 48
Probe Kernel time GPU: 14.737312 Transfer Time : 14.032960 Transfer size: 0 sg: 48
Transfer Time : 0.018432 Probe Group Kernel time CPU: 0.006368 sg = 48 non demand time = 19.6444
Probe Group Kernel time CPU: 13.407232 sg = 32 non demand time = 34.8386
Probe time 34.9082
Merge time 0.031712
Result:
Res count = 0
Query Execution Time: 64.611
CPU Time: 29.2845
GPU Time: 14.7373
Transfer Time: 14.033
Malloc Time: 0.02656

33

 Query: 33 19920101 19971231
Query Prepare Time: 38.2791
 Query Prepare Time using cpu 0.0382659

Query Optimization Time: 2.37859

s_suppkey
sg = 3
Filter Build Kernel time GPU: 0.034816 d_datekey
sg = 1
Filter Build Kernel time CPU: 0.348128 Build time 0.496608
h_total: 5219708 output_estimate: 3825205 sg: 8
Probe Kernel time GPU: 4.955040 Transfer size: 5219708 sg: 8
h_total: 0 output_estimate: 80329 sg: 12
Probe Kernel time GPU: 10.430272 Transfer Time : 2.567968 Transfer size: 0 sg: 12
Transfer Time : 0.016384 Probe Group Kernel time CPU: 0.006144 sg = 12 non demand time = 17.2605
Probe Group Kernel time CPU: 5.080064 sg = 8 non demand time = 22.3918
Probe time 22.4633
Merge time 0.27216
Result:
Res count = 0
Query Execution Time: 23.7304
CPU Time: 5.08006
GPU Time: 10.4303
Transfer Time: 2.56797
Malloc Time: 0.004992

12

 Query: 12 19940101 19940131
Query Prepare Time: 0.433664
 Query Prepare Time using cpu 0.000431061

Query Optimization Time: 2.12077

d_datekey
sg = 1
Filter Build Kernel time CPU: 0.340992 Build time 0.381952
Filter Probe Aggr Kernel time CPU: 2.484224 sg = 0 non demand time = 2.4984
Probe time 2.53338
Merge time 0.003616
Result:
Res count = 0
Query Execution Time: 2.98134
CPU Time: 2.48422
GPU Time: 0
Transfer Time: 0
Malloc Time: 0.005216

41

 Query: 41 19920101 19981231
Query Prepare Time: 76.7338
 Query Prepare Time using cpu 0.07673

Query Optimization Time: 2.41664

s_suppkey
sg = 1
h_total: 64071 output_estimate: 314572 sg: 1
Filter Kernel time CPU: 0.359424 Transfer size: 64071 sg: 1
Transfer Time: 0.0256 sg: 1
Build Kernel time GPU: 0.025600 p_partkey
sg = 1
Filter Build Kernel time CPU: 24.552576 d_datekey
sg = 1
Filter Build Kernel time CPU: 50.295807 Build time 75.5302
h_total: 139479863 output_estimate: 120795960 sg: 32
Probe Kernel time GPU: 8.710144 Transfer size: 139479863 sg: 32
h_total: 0 output_estimate: 50205820 sg: 48
Probe Kernel time GPU: 20.074495 Transfer size: 0 sg: 48
Transfer Time : 0.001024 Transfer Time : 66.030785 Probe Group Kernel time CPU: 0.006144 sg = 48 non demand time = 94.9565
Probe Group Kernel time CPU: 40.909824 sg = 32 non demand time = 136.012
Probe time 136.121
Merge time 0.004608
Result:
Res count = 0
Query Execution Time: 211.744
CPU Time: 75.2078
GPU Time: 20.0745
Transfer Time: 66.0308
Malloc Time: 30.4507

34

 Query: 34 19971201 19971231
Query Prepare Time: 37.3778
 Query Prepare Time using cpu 0.037364

Query Optimization Time: 2.33574

s_suppkey
sg = 3
Filter Build Kernel time GPU: 0.031616 d_datekey
sg = 1
Filter Build Kernel time CPU: 0.276480 Build time 0.408448
h_total: 0 output_estimate: 2113 sg: 12
Probe Kernel time GPU: 0.277344 Transfer size: 0 sg: 12
Transfer Time : 0.003904 Probe Group Kernel time CPU: 0.002048 sg = 12 non demand time = 0.360512
Probe time 0.38208
Merge time 0.571744
Result:
Res count = 0
Query Execution Time: 1.85741
CPU Time: 0.27648
GPU Time: 0.277344
Transfer Time: 0.003904
Malloc Time: 0.004192

22

 Query: 22 1 19981231
Query Prepare Time: 99.8583
 Query Prepare Time using cpu 0.0997944

Query Optimization Time: 2.14118

s_suppkey
sg = 1
h_total: 64276 output_estimate: 314572 sg: 1
Filter Kernel time CPU: 0.459776 Transfer size: 64276 sg: 1
Transfer Time: 0.026624 sg: 1
Build Kernel time GPU: 0.026624 d_datekey
sg = 1
Filter Build Kernel time CPU: 37.675007 Build time 38.3734
h_total: 344732411 output_estimate: 288148704 sg: 8
Probe Kernel time GPU: 18.136065 Transfer size: 344732411 sg: 8
Transfer Time : 108.167168 Probe Group Kernel time CPU: 95.098846 sg = 8 non demand time = 221.541
Probe time 221.621
Merge time 0.49472
Result:
Res count = 0
Query Execution Time: 262.475
CPU Time: 95.0988
GPU Time: 18.1361
Transfer Time: 108.167
Malloc Time: 0.024448

12

 Query: 12 19940101 19940131
Query Prepare Time: 0.2616
 Query Prepare Time using cpu 0.000260115

Query Optimization Time: 2.01853

d_datekey
sg = 1
Filter Build Kernel time CPU: 0.111776 Build time 0.152544
Filter Probe Aggr Kernel time CPU: 1.485920 sg = 0 non demand time = 1.49914
Probe time 1.53101
Merge time 0.001888
Result:
Res count = 0
Query Execution Time: 1.74554
CPU Time: 1.48592
GPU Time: 0
Transfer Time: 0
Malloc Time: 0.003168

23

 Query: 23 1 19981231
Query Prepare Time: 86.5254
 Query Prepare Time using cpu 0.0864611

Query Optimization Time: 1.92614

s_suppkey
sg = 1
h_total: 64068 output_estimate: 314572 sg: 1
Filter Kernel time CPU: 0.310176 Transfer size: 64068 sg: 1
Transfer Time: 0.026624 sg: 1
Build Kernel time GPU: 0.026464 d_datekey
sg = 1
Filter Build Kernel time CPU: 26.568705 Build time 27.1135
