Alloc ating 4000 MB GPU Cache and 12000 MB GPU Processing Region
959992225
959993607
959988832
959997159
959999488
959989568
959998082
959999813
959996771
959998631
959992612
959991717
959996352
959994051
959994754
959990561
959999300
959995331
959996163
959990720
959999398
959991840
959999587
959999073
959996773
959997158
959994369
959999045
959991077
959998919
959997540
959997541
959998917
959992994
959993984
959998853
959997796
959998372
959998375
959998151
959999266
959996263
959986977
959995046
959991302
959995717
959995620
959998209
959990788
959995751
959992641
959999046
959999585
959993027
959996103
959999521
959995779
959996866
959999968
959990785
959999717
959998725
959993826
959999201
959997669
959997030
959997191
959999524
959988513
959999810
959998311
959996225
959991873
959996707
959998370
959988130
959997126
959995424
959997344
959995174
959995525
959995744
959999972
959995042
959998595
959993222
959996519
959993126
959992737
959997858
959999106
959990018
959994630
959999429
959999780
959998752
959996517
959989925
959999878
959998272
959993509
959999744
959994465
959999075
959998374
959998786
959999584
959998021
959999494
959995044
959996195
959996546
959998400
959996071
959991136
959998244
959992963
959999685
959995398
959998406
959997633
959976646
959993350
959992231
959993986
959994880
959996608
959998496
959996704
959995270
959996993
959999974
959994181
959996034
959994759
959995009
959990369
959997892
959999906
959999299
959999237
959999392
959995430
959998662
959975462
959996899
959997504
959999781
959991365
959999296
959997473
959996515
959999492
959996675
959999110
959999911
959995297
959999844
959999840
959996902
959997027
959999136
959997920
959998690
959998694
959993606
959994851
959996385
959999074
959999873
959991202
959997025
959994247
959999396
959993698
959998594
959988583
959986786
959999431
959998084
959998789
959999556
959996644
959992134
959997987
959999236
959999042
959995781
959993859
959994848
959997251
959997063
959992192
959998756
959999559
959995271
959999751
959998499
959997508
959998438
959999558
959991685
959998885
959997957
959998950
959995527
959997318
959999623
959997988
959997382
959996448
959999331
959997670
959994596
959997729
959994432
959995232
959999267
959997601
959995653
959999904
959997345
959998437
959990020
959997830
959999111
959997219
959997668
959987365
959996615
959996133
959998148
959997701
959996963
959996740
959995811
959994918
959996194
959998944
959998339
959999329
959999169
959998566
959999493
959997923
959997124
959999428
959998913
959997921
959999078
959995234
959997509
959990629
959994791
959995749
959999298
959998498
959999363
959999877
959996992
959997028
959998816
959997671
959997477
959994114
959999335
959997093
959982119
959999235
959998820
959997478
959995941
959998338
959996580
959996416
959997538
959998723
959998080
959997378
959996230
959996864
959997734
959997955
959998119
959998212
959992320
959999459
959998790
959998083
959998181
959996481
959996292
959995334
959996096
959998980
959990535
959999360
959996833
959989158
959996900
959992996
959999333
959999203
959999938
959997697
959999782
959995265
959998851
959996834
959988226
959993762
959997122
959999206
959992836
959993505
959999910
959993729
959997922
959996705
959994821
959999362
959997252
959996160
959997312
959999460
959986560
959999713
959992551
959992163
959994854
959999200
959999973
959999815
959996999
959995429
959997505
959984867
959997377
959999654
959988804
959998915
959998182
959999748
959998146
959998753
959997954
959999522
959998656
959997990
959998245
959996579
959998309
959994823
959995171
959992327
959994244
959995936
959991686
959994021
959999777
959999588
959982981
959997666
959995585
959997059
959996647
959995045
959997123
959999425
959999461
959999876
959988098
959995906
959990725
959999589
959999718
959994400
959996932
959996324
959991431
959996870
959999367
959999424
959996070
959996516
959999109
959997057
959978914
959998022
959992868
959993122
959996837
959996387
959998818
959989860
959993441
959999783
959989731
959995815
959997956
959998565
959999652
959997952
959985446
959994624
959980711
959996896
959997986
959999463
959996102
959999940
959998691
959997573
959996032
959995940
959998916
959991687
959995810
959992416
959999941
959999908
959996386
959990689
959994116
959998692
959999265
959990245
959999841
959999269
959996224
959989824
959993569
959995590
959996390
959995783
959990660
959999874
959998471
959990180
959994466
959997056
959997313
959997218
959964226
959995008
959997062
959999361
959999076
959998918
959998435
959996611
959997797
959996164
959999138
959996359
959989445
959999684
959994529
959997315
959998439
959999936
959998563
959998179
959999520
959998211
959998177
959997827
959997925
959998822
959988097
959991776
959999745
959997440
959999332
959999846
959996804
959998727
959977957
959991174
959998788
959985984
959998180
959993574
959997441
959998213
959999618
959999238
959998754
959998402
959998273
959998947
959997026
959998247
959999650
959995206
959995716
959998852
959997799
959995782
959999268
959999683
959996227
959999077
959999430
959997606
959996064
959998501
959998951
959993830
959996198
959997415
959990848
959990978
959996487
959996960
959992486
959996295
959999746
959997156
959999462
959998114
959994180
959999426
959991555
959998624
959997893
959997637
959998630
959998564
959988001
959988289
959995520
959997762
959999264
959999015
959993348
959993601
959990791
959999137
959997861
959999041
959998981
959992901
959997862
959999875
959999554
959999715
959998053
959999527
959995938
959997831
959993159
959995012
959997895
959982695
959999142
959986085
959999648
959999297
959998176
959994340
959994724
959997889
959999943
959996965
959994786
959993153
959983328
959991105
959998115
959999970
959997185
959996738
959994213
959999616
959981317
959997152
959998342
959998434
959998017
959999719
959999207
959991811
959997568
959997479
959995654
959994790
959997859
959997350
959994758
959999620
959995557
959994278
959983111
959991488
959997829
959999458
959994691
959999687
959999653
959997575
960000000
959996933
959993444
959995616
959995207
959994497
959997286
959998598
959998949
959998530
959997638
959997088
959994755
959997255
959998465
959999655
959997250
959985858
959998468
959997507
959992262
959995491
959990499
959997253
959999171
959979523
959997570
959999686
959993281
959998657
959993475
959989028
959999040
959997319
959999399
959999014
959999270
959999393
959998887
959996099
959998242
959999043
959989894
959992166
959999622
959989383
959999779
959996484
959999681
959986529
959995456
959999552
959997031
959999812
959993412
959997924
959994375
959988327
959995650
959998978
959999072
959999845
959987525
959996069
959999239
959999847
959992289
959997445
959999139
959998433
959999872
959998785
959994401
959995584
959997475
959996995
959992997
959993799
959999778
959993892
959990467
959994022
959999271
959998886
959992386
959999008
959999937
959998693
959997991
959996518
959997447
959992037
959997767
959998658
959998599
959984839
959998791
959996550
959996485
959998241
959999682
959989122
959998596
959990402
959988321
959993862
959995459
959999366
959998466
959995907
959999750
959996576
959998531
959994592
959997347
959999905
959994982
959991558
959993797
959997699
959997702
959998561
959999975
959997092
959996869
959998695
959999969
959995425
959999651
959998979
959999397
959995680
959998977
959997539
959994822
959996196
959995395
959998912
959997280
959996100
959993636
959998118
959998404
959995300
959999590
959998405
959986148
959999971
959996836
959991714
959998821
959998016
959993188
959999716
959996358
959994337
959999557
959999942
959991271
959999174
959996801
959997314
959997860
959991525
959994054
959999811
959996806
959998946
959997029
959999808
959992772
959990118
959995296
959999365
959996199
959996192
959993669
959996613
959999649
959998854
959993923
959974305
959997891
959998150
959992419
959999555
959995137
959989056
959999523
959995460
959999427
959987014
959995175
959997824
959999495
959996710
959986726
959990949
959995747
959994017
959992580
959998689
959997186
959999526
959997472
959996803
959998243
959998850
959994977
959997766
959999621
959997696
959993701
959996037
959997959
959996326
959999525
959988707
959999456
959984422
959998560
959989317
959992967
959996743
959998726
959993703
959998629
959987751
959998626
959998368
959992672
959999879
959987011
959997761
959990726
959998533
959995970
959991941
959998855
959999680
959997317
959995299
959998914
959990819
959998755
959998720
959998625
959998373
959999491
959998759
959995138
959995428
959995878
959995136
959993605
959998308
959998306
959986788
959999140
959993414
959996419
959996261
959997408
959999909
959999394
959998470
959996066
959995809
959999907
959989508
959996513
959999747
959983335
959996674
959991461
959998240
959997248
959993187
959998848
959999749
959996067
959989633
959988996
959995492
959999714
959999457
959998880
959992197
959999814
959994950
959996128
959998055
959998661
959991335
959999617
959999843
959984835
959999939
959997376
959997635
959999108
959995555
959986273
959998784
959996483
959999776
959996291
959995619
959999712
959995329
959999170
959999105
959995140
959999809
959978695
 the seg index is 916 320000
320000
319999
320000
320000
320000
320000
320000
320000
320000
320000
320000
320000
320000
320000
320000
320000
320000
320000
320000
320000
320000
319999
320000
320000
320000
320000
320000
320000
320000
320000
320000
320000
320000
320000
320000
320000
320000
320000
320000
319999
320000
320000
320000
320000
320000
320000
320000
320000
320000
320000
320000
320000
320000
320000
319999
320000
320000
320000
320000
320000
320000
320000
320000
320000
320000
319999
320000
320000
320000
320000
320000
320000
320000
320000
320000
320000
320000
320000
320000
320000
320000
320000
320000
320000
320000
320000
320000
320000
320000
320000
320000
320000
320000
320000
320000
320000
320000
320000
320000
320000
320000
320000
320000
320000
320000
320000
319999
320000
320000
320000
320000
320000
320000
320000
320000
320000
320000
320000
320000
320000
320000
320000
319999
320000
320000
320000
320000
320000
320000
320000
320000
320000
320000
320000
320000
320000
320000
320000
320000
320000
320000
319999
320000
320000
320000
320000
320000
320000
320000
320000
320000
320000
320000
320000
320000
320000
320000
319999
320000
320000
320000
320000
320000
320000
320000
320000
320000
320000
320000
320000
320000
320000
320000
320000
320000
320000
320000
320000
320000
320000
320000
320000
320000
320000
320000
320000
320000
320000
320000
320000
320000
320000
320000
320000
320000
320000
320000
320000
320000
320000
320000
320000
320000
320000
320000
320000
320000
320000
320000
320000
319999
320000
320000
320000
320000
320000
320000
320000
319999
320000
320000
320000
320000
320000
320000
320000
320000
320000
320000
320000
320000
320000
320000
320000
320000
320000
320000
320000
320000
320000
320000
320000
320000
319999
320000
320000
320000
320000
320000
320000
320000
320000
319999
320000
320000
320000
320000
320000
320000
320000
320000
320000
320000
320000
320000
320000
320000
320000
320000
320000
319999
320000
320000
320000
320000
320000
320000
320000
320000
320000
320000
320000
320000
320000
320000
320000
319999
320000
320000
320000
320000
320000
320000
320000
320000
320000
320000
320000
320000
320000
320000
319999
320000
320000
319999
320000
320000
320000
320000
320000
320000
320000
320000
320000
320000
320000
320000
320000
320000
320000
320000
320000
320000
320000
320000
320000
320000
320000
320000
320000
320000
320000
320000
320000
320000
320000
320000
320000
320000
320000
320000
320000
320000
319999
320000
320000
320000
320000
320000
320000
320000
320000
320000
320000
320000
320000
320000
320000
320000
320000
320000
320000
320000
320000
320000
320000
320000
320000
320000
320000
320000
320000
320000
320000
319999
320000
320000
320000
320000
320000
320000
320000
320000
320000
320000
319999
320000
320000
320000
320000
320000
320000
320000
320000
320000
320000
320000
320000
320000
320000
320000
319999
320000
320000
320000
320000
320000
320000
320000
320000
320000
320000
320000
320000
320000
320000
320000
320000
320000
320000
320000
320000
320000
320000
320000
320000
320000
320000
320000
320000
320000
320000
320000
320000
320000
320000
320000
320000
320000
320000
320000
320000
320000
320000
320000
320000
320000
320000
320000
320000
320000
320000
320000
320000
320000
320000
320000
320000
320000
320000
320000
320000
320000
320000
320000
320000
320000
320000
320000
319999
320000
320000
320000
320000
319999
320000
320000
320000
320000
320000
320000
320000
320000
320000
320000
320000
320000
320000
320000
320000
320000
320000
319999
320000
320000
320000
320000
320000
320000
320000
320000
320000
320000
320000
320000
320000
320000
320000
320000
320000
320000
320000
320000
320000
320000
320000
320000
320000
320000
320000
320000
320000
320000
320000
320000
320000
320000
320000
320000
320000
320000
320000
320000
320000
320000
320000
320000
320000
320000
320000
320000
320000
320000
320000
320000
320000
320000
320000
320000
320000
320000
320000
320000
320000
320000
320000
320000
320000
320000
320000
320000
320000
320000
320000
320000
319999
320000
320000
320000
320000
320000
320000
320000
320000
320000
320000
320000
320000
320000
320000
320000
320000
320000
320000
320000
320000
320000
320000
320000
320000
319999
320000
320000
320000
320000
320000
320000
320000
320000
320000
320000
320000
320000
320000
320000
320000
320000
320000
320000
320000
320000
320000
320000
320000
320000
320000
320000
320000
320000
320000
320000
320000
320000
320000
320000
320000
320000
320000
320000
320000
320000
320000
320000
320000
319999
320000
320000
320000
319999
320000
320000
320000
320000
320000
320000
320000
320000
320000
320000
320000
320000
320000
320000
320000
320000
320000
320000
319999
320000
320000
320000
320000
320000
320000
320000
320000
320000
320000
320000
320000
320000
320000
320000
320000
320000
320000
320000
320000
320000
319999
320000
320000
320000
320000
320000
320000
320000
320000
320000
320000
320000
320000
320000
319999
320000
320000
320000
320000
320000
320000
320000
320000
320000
320000
319998
320000
320000
320000
320000
320000
320000
320000
320000
320000
320000
320000
320000
320000
320000
320000
319999
320000
320000
320000
320000
320000
320000
320000
320000
320000
320000
319999
320000
320000
320000
320000
320000
320000
319999
320000
320000
320000
320000
320000
320000
320000
320000
320000
320000
320000
320000
320000
320000
320000
320000
320000
320000
320000
320000
320000
320000
320000
320000
320000
320000
320000
320000
320000
320000
320000
320000
320000
320000
320000
320000
320000
320000
320000
320000
320000
320000
320000
320000
320000
320000
320000
319999
320000
320000
320000
320000
320000
320000
320000
320000
320000
319999
320000
320000
320000
320000
320000
320000
320000
320000
320000
320000
320000
320000
320000
320000
320000
320000
320000
320000
320000
320000
320000
320000
320000
320000
319999
320000
320000
320000
320000
320000
320000
320000
320000
320000
320000
320000
320000
320000
320000
320000
320000
320000
320000
320000
320000
320000
320000
320000
319999
319999
320000
320000
320000
320000
320000
320000
320000
320000
320000
319999
320000
320000
320000
320000
320000
320000
320000
320000
320000
320000
320000
320000
320000
319999
320000
320000
320000
319999
320000
320000
320000
320000
320000
320000
320000
320000
320000
320000
320000
320000
320000
320000
320000
320000
320000
320000
320000
320000
320000
320000
320000
320000
320000
320000
320000
320000
320000
320000
320000
320000
319999
320000
320000
320000
320000
320000
320000
320000
 the seg index is 916 4799969
4799977
4799962
4799995
4799989
4799993
4799995
4799998
4799971
4799938
4799974
4799956
4799981
4799998
4799998
4799998
4799989
4799977
4799999
4799983
4799971
4799995
4799995
4799951
4799971
4799990
4799993
4799989
4799995
4799975
4799996
4799984
4799962
4799986
4799996
4799935
4799959
4799999
4799977
4799908
4799986
4799987
4799978
4799995
4799998
4799999
4799999
4799969
4799999
4799956
4799992
4799998
4799987
4799965
4799954
4799983
4799995
4799993
4799986
4799908
4799978
4799975
4799998
4799980
4799999
4799998
4799977
4799989
4799902
4799989
4799999
4799986
4799959
4799999
4799992
4799996
4799993
4799983
4799996
4799998
4799995
4799999
4799950
4799962
4799983
4799996
4799980
4799993
4799978
4799983
4799992
4799992
4799948
4799974
4799996
4799992
4799980
4799986
4799996
4799986
4799998
4799987
4799996
4799935
4799962
4799993
4799995
4799999
4799998
4799995
4799987
4799995
4799992
4799974
4799972
4799989
4799953
4799995
4799984
4799962
4799987
4799974
4799968
4799968
4799980
4799983
4799966
4799974
4799984
4799986
4799990
4799999
4799989
4799999
4799993
4799989
4799998
4799992
4799995
4799989
4799981
4799983
4799993
4799993
4799968
4799995
4799986
4799998
4799974
4799999
4799999
4799996
4799999
4799957
4799986
4799978
4799968
4799995
4799998
4799977
4799984
4799987
4799986
4799969
4799971
4799995
4799998
4799966
4799981
4799950
4799989
4799993
4799998
4799957
4799999
4799995
4799998
4799999
4799999
4799999
4799989
4799980
4799995
4799990
4799978
4799998
4799978
4799989
4799968
4799996
4799989
4799968
4799990
4799992
4799983
4799978
4799977
4799995
4799987
4799995
4799990
4799944
4799990
4799996
4799989
4799975
4799990
4799999
4799995
4799993
4799998
4799983
4799980
4799995
4799989
4799984
4799984
4799998
4799968
4799998
4799944
4799972
4799969
4799995
4799978
4799999
4799993
4799977
4799965
4799996
4799962
4799989
4799995
4799995
4799983
4799992
4799947
4799977
4799996
4799984
4799999
4799995
4799983
4799992
4799944
4799981
4799998
4799990
4799999
4799986
4799966
4799998
4799980
4799971
4799969
4799992
4799999
4799951
4799974
4799987
4799966
4799986
4799998
4799995
4799974
4799998
4799984
4799965
4799998
4799980
4799980
4799992
4799992
4799990
4799992
4799992
4799987
4799966
4799992
4799999
4799986
4799974
4799981
4799953
4799980
4799998
4799999
4799977
4799993
4799993
4799959
4799992
4799981
4799977
4799959
4799978
4799983
4799999
4799998
4799995
4799978
4799995
4799984
4799962
4799971
4799977
4799999
4799980
4799993
4799989
4799999
4799998
4799974
4799984
4799905
4799999
4799998
4799996
4799989
4799992
4799999
4799992
4799984
4799959
4799980
4799999
4799996
4799980
4799978
4799969
4799999
4799998
4799989
4799947
4799993
4799996
4799983
4799941
4799975
4799989
4799995
4799965
4799993
4799990
4799992
4799998
4799989
4799993
4799999
4799959
4799953
4799992
4799999
4799998
4799971
4799969
4799993
4799968
4799989
4799990
4799936
4799954
4799998
4799980
4799963
4799999
4799989
4799983
4799992
4799984
4799998
4799999
4799996
4799999
4799999
4799999
4799989
4799989
4799959
4799966
4799986
4799999
4799984
4799999
4799984
4799966
4799998
4799995
4799986
4799917
4799995
4799986
4799986
4799980
4799992
4799989
4799978
4799992
4799999
4799966
4799972
4799999
4799954
4799998
4799963
4799969
4799983
4799992
4799959
4799953
4799977
4799971
4799965
4799968
4799996
4799992
4799999
4799995
4799983
4799912
4799998
4799959
4799981
4799977
4799963
4799995
4799936
4799969
4799959
4799998
4799999
4799984
4799999
4799992
4799906
4799980
4799953
4799962
4799965
4799987
4799990
4799989
4799999
4799992
4799968
4799992
4799980
4799999
4799984
4799990
4799999
4799915
4799923
4799980
4799978
4799998
4799992
4799998
4799987
4799977
4799998
4799998
4799990
4799989
4799980
4799965
4799986
4799999
4799989
4799990
4799965
4799990
4799986
4799989
4799944
4799992
4799972
4799998
4799999
4799996
4799953
4799980
4799995
4799992
4799995
4799941
4799999
4799993
4799987
4799999
4799990
4799998
4799968
4799986
4799983
4799989
4799971
4799993
4799977
4799944
4799996
4799995
4799960
4799962
4799965
4799992
4799987
4799990
4799944
4799944
4799998
4799969
4799971
4799992
4799974
4799995
4799983
4799992
4799999
4799998
4799993
4799993
4799974
4799974
4799956
4799953
4799996
4799947
4799977
4799986
4799963
4799974
4799996
4799981
4799980
4799971
4799990
4799995
4799999
4799996
4799992
4799989
4799945
4799995
4799968
4799954
4799996
4799992
4799977
4799992
4799992
4799992
4799995
4799989
4799945
4799999
4799966
4799999
4799992
4799953
4799986
4799971
4799992
4799992
4799998
4799987
4799999
4799951
4799953
4799989
4799999
4799983
4799998
4799989
4799978
4799998
4799999
4799987
4799954
4799989
4799956
4799983
4799998
4799968
4799981
4799974
4799974
4799996
4799969
4799992
4799995
4799992
4799999
4799987
4799998
4799983
4799951
4799986
4799992
4799983
4799989
4799968
4799999
4799990
4799983
4799987
4799998
4799989
4799986
4799980
4799971
4799995
4799992
4799942
4799971
4799993
4799996
4799989
4799995
4799995
4799956
4799968
4799903
4799932
4799995
4799993
4799966
4799992
4799999
4799974
4799981
4799968
4799998
4799968
4799989
4799983
4799989
4799996
4799959
4799989
4799999
4799986
4799999
4799996
4799998
4799980
4799968
4799998
4799968
4799956
4799999
4799986
4799998
4799987
4799999
4799993
4799992
4799983
4799990
4799998
4799998
4799962
4799992
4799980
4799999
4799992
4799995
4799981
4799954
4799990
4799995
4799998
4799990
4799998
4799954
4799972
4799963
4799992
4799999
4799998
4799998
4799992
4799986
4799999
4799990
4799989
4799999
4799999
4799992
4799999
4799968
4799977
4799971
4799975
4799971
4799974
4799995
4799986
4799998
4799999
4799983
4799987
4799995
4799965
4799983
4799992
4799980
4799998
4799995
4799992
4799974
4799999
4799996
4799968
4799971
4799995
4799998
4799995
4799998
4799971
4799971
4799993
4799996
4799992
4799986
4799987
4799977
4799971
4799971
4799999
4799951
4799969
4799998
4799996
4799992
4799995
4799999
4799965
4799998
4799993
4799990
4799983
4799980
4799998
4799963
4799984
4799998
4799971
4799947
4799992
4799999
4799995
4799968
4799989
4799950
4799984
4799995
4799995
4799999
4799977
4799984
4799962
4799971
4799998
4799980
4799984
4799956
4799965
4799977
4799992
4799995
4799986
4799978
4799992
4799998
4799968
4799993
4799996
4799981
4799995
4799965
4799986
4799948
4799984
4799980
4799998
4799959
4799998
4799999
4799924
4799960
4799996
4799972
4799998
4799983
4799965
4799983
4799986
4799980
4799999
4799989
4799998
4799998
4799992
4799999
4799984
4799999
4799977
4799993
4799990
4799968
4799989
4799989
4799980
4799984
4799998
4799983
4799993
4799986
4799989
4799999
4799998
4799999
4799992
4799989
4799974
4799999
4799999
4799986
4799995
4799986
4799995
4799987
4799968
4799996
4799993
4799995
4799998
4799983
4799995
4799995
4799959
4799998
4799998
4799999
4799996
4799995
4799999
4799993
4799968
4799989
4799998
4799968
4799999
4799984
4799980
4799990
4799938
4799983
4799972
4799959
4799990
4799999
4799992
4799996
4799995
4799966
4799993
4799975
4799989
4799999
4799987
4799989
4799996
4799999
4799915
4799996
4799936
4799977
4799989
4799989
4799926
4799987
4799999
4799968
4799990
4799992
4799996
4799996
4799998
4799999
4799990
4799984
4799983
4799999
4799980
4799989
4799983
4799983
4799968
4799999
4799974
4799984
4799977
4799999
4799987
4799992
4799993
4799971
4799975
4799974
4799987
4799996
4799980
4799999
4799980
 the seg index is 916 1199998
1199999
1199999
1200000
1199995
1199996
1199999
1200000
1200000
1200000
1199997
1199999
1200000
1199999
1199997
1200000
1200000
1199998
1199999
1199999
1199999
1200000
1199999
1200000
1200000
1199998
1200000
1200000
1200000
1199999
1200000
1200000
1200000
1200000
1200000
1200000
1200000
1199999
1200000
1199998
1200000
1200000
1199998
1200000
1200000
1199999
1199999
1199993
1199999
1200000
1199999
1200000
1200000
1200000
1200000
1199999
1200000
1200000
1200000
1199999
1200000
1200000
1200000
1200000
1200000
1200000
1199998
1200000
1200000
1200000
1199996
1200000
1200000
1199999
1200000
1200000
1199999
1200000
1200000
1199999
1199999
1200000
1200000
1199999
1200000
1199999
1200000
1200000
1200000
1200000
1199999
1200000
1200000
1200000
1199999
1200000
1199998
1199998
1200000
1200000
1199999
1200000
1200000
1200000
1200000
1200000
1200000
1199999
1199998
1200000
1199999
1199998
1199999
1200000
1200000
1200000
1200000
1200000
1200000
1199998
1200000
1199998
1200000
1199997
1200000
1199998
1199998
1199997
1199999
1200000
1199999
1200000
1199999
1199998
1199997
1199999
1200000
1199998
1200000
1199998
1199999
1200000
1199999
1200000
1200000
1199999
1200000
1200000
1200000
1200000
1200000
1200000
1199998
1200000
1199999
1199999
1200000
1199999
1200000
1199996
1199999
1200000
1199995
1199999
1200000
1199999
1199999
1199999
1200000
1200000
1200000
1200000
1199999
1199999
1200000
1200000
1200000
1200000
1200000
1199999
1199998
1200000
1200000
1199999
1200000
1200000
1200000
1200000
1200000
1199999
1200000
1200000
1200000
1200000
1200000
1199996
1199997
1200000
1200000
1200000
1200000
1200000
1199999
1199999
1200000
1200000
1200000
1200000
1200000
1200000
1200000
1200000
1199997
1200000
1199998
1199999
1200000
1200000
1200000
1200000
1200000
1200000
1199999
1200000
1199998
1200000
1199999
1200000
1199999
1199999
1199999
1199999
1200000
1200000
1200000
1200000
1200000
1200000
1199998
1200000
1200000
1200000
1199998
1199998
1199999
1199999
1200000
1200000
1199998
1199997
1200000
1200000
1199999
1200000
1199999
1200000
1199996
1199998
1200000
1200000
1200000
1200000
1200000
1200000
1199998
1199998
1200000
1200000
1199995
1200000
1200000
1200000
1200000
1200000
1200000
1200000
1199997
1199999
1199997
1200000
1199999
1200000
1200000
1199998
1199999
1199998
1200000
1199999
1200000
1199998
1199998
1200000
1200000
1199999
1200000
1199999
1200000
1199999
1200000
1200000
1199997
1200000
1199999
1200000
1200000
1200000
1199999
1199999
1200000
1200000
1199999
1199999
1200000
1200000
1199997
1200000
1200000
1200000
1199998
1199999
1199998
1199999
1199998
1200000
1200000
1199999
1200000
1199999
1200000
1199998
1200000
1199999
1200000
1200000
1199999
1199999
1199996
1199998
1200000
1200000
1200000
1199998
1199999
1200000
1200000
1200000
1200000
1199999
1199999
1199999
1200000
1200000
1200000
1200000
1199997
1200000
1200000
1200000
1200000
1200000
1200000
1199999
1200000
1200000
1199999
1199994
1200000
1200000
1200000
1200000
1200000
1200000
1200000
1199999
1199999
1200000
1199999
1200000
1200000
1200000
1200000
1200000
1200000
1200000
1199998
1199998
1199998
1200000
1200000
1199998
1200000
1199999
1200000
1200000
1200000
1200000
1199999
1199998
1199998
1199999
1199999
1199999
1200000
1199997
1200000
1200000
1200000
1200000
1200000
1200000
1200000
1200000
1200000
1200000
1200000
1200000
1200000
1199998
1200000
1199999
1199999
1199998
1200000
1200000
1199999
1200000
1199999
1199999
1200000
1200000
1199999
1200000
1200000
1200000
1200000
1199999
1200000
1199998
1199999
1199999
1200000
1200000
1199999
1200000
1199999
1200000
1199999
1200000
1200000
1200000
1200000
1199997
1200000
1199999
1199999
1200000
1200000
1199999
1200000
1199999
1199999
1199998
1200000
1200000
1200000
1200000
1199999
1199998
1200000
1199996
1199999
1200000
1199997
1200000
1200000
1199994
1200000
1199998
1199999
1199999
1200000
1200000
1199999
1200000
1200000
1199999
1199997
1200000
1200000
1200000
1200000
1199999
1200000
1200000
1200000
1200000
1199999
1199999
1200000
1199999
1199999
1200000
1200000
1200000
1200000
1200000
1200000
1199997
1199999
1200000
1200000
1199998
1199999
1200000
1199999
1199997
1199999
1199998
1199999
1199998
1199999
1200000
1199998
1200000
1200000
1199999
1200000
1200000
1200000
1199996
1200000
1200000
1200000
1200000
1200000
1199999
1199998
1200000
1199998
1200000
1200000
1199999
1200000
1199999
1199999
1200000
1200000
1199999
1200000
1200000
1200000
1200000
1200000
1200000
1199998
1200000
1200000
1199999
1200000
1200000
1200000
1199999
1200000
1200000
1200000
1199998
1200000
1200000
1199999
1199999
1199999
1200000
1200000
1199999
1199998
1200000
1200000
1200000
1199999
1200000
1200000
1199999
1199999
1200000
1200000
1200000
1200000
1200000
1199998
1200000
1200000
1200000
1200000
1200000
1200000
1199999
1199997
1200000
1200000
1199999
1200000
1199999
1200000
1200000
1200000
1200000
1199998
1199996
1200000
1200000
1199998
1199998
1200000
1199999
1200000
1200000
1199996
1200000
1200000
1200000
1200000
1200000
1199999
1200000
1200000
1200000
1200000
1199997
1200000
1199999
1200000
1199999
1199998
1199998
1200000
1200000
1199999
1199999
1200000
1199999
1199998
1200000
1200000
1199999
1199999
1200000
1200000
1200000
1200000
1200000
1200000
1200000
1200000
1199999
1199999
1200000
1200000
1199998
1200000
1200000
1200000
1200000
1199999
1199998
1200000
1199996
1200000
1200000
1200000
1199999
1200000
1200000
1200000
1199999
1200000
1200000
1200000
1200000
1200000
1200000
1199999
1200000
1199999
1200000
1199999
1199999
1199998
1199998
1200000
1199998
1199999
1200000
1199997
1200000
1200000
1200000
1200000
1200000
1199999
1200000
1199999
1200000
1199996
1199999
1200000
1200000
1200000
1199999
1199999
1200000
1200000
1200000
1200000
1200000
1200000
1200000
1199999
1200000
1199999
1200000
1199999
1199999
1200000
1200000
1200000
1200000
1200000
1200000
1200000
1200000
1199996
1199999
1199999
1199997
1199999
1200000
1199998
1199998
1199997
1200000
1200000
1199999
1199998
1200000
1200000
1199999
1200000
1199997
1199999
1200000
1200000
1199999
1199997
1200000
1200000
1199999
1199997
1200000
1200000
1199999
1200000
1200000
1200000
1200000
1200000
1199999
1200000
1199998
1200000
1200000
1199999
1199999
1200000
1199999
1200000
1200000
1199998
1199998
1199999
1200000
1200000
1199999
1200000
1200000
1200000
1200000
1199998
1200000
1199999
1200000
1200000
1200000
1200000
1199999
1200000
1200000
1199999
1200000
1200000
1199999
1200000
1200000
1199996
1200000
1199998
1200000
1199999
1200000
1199998
1200000
1200000
1199999
1200000
1200000
1199999
1199999
1199998
1200000
1199998
1200000
1200000
1200000
1200000
1199999
1200000
1199999
1200000
1199998
1199999
1199998
1199996
1199997
1199999
1200000
1199995
1199997
1199998
1200000
1200000
1199997
1199999
1200000
1200000
1200000
1200000
1200000
1200000
1200000
1200000
1200000
1199999
1200000
1200000
1199997
1199999
1200000
1200000
1200000
1200000
1199999
1199999
1199999
1200000
1200000
1200000
1200000
1199998
1200000
1200000
1199996
1200000
1199999
1199999
1199999
1200000
1200000
1199998
1199999
1199995
1200000
1200000
1199998
1200000
1199999
1199995
1199999
1200000
1200000
1199996
1200000
1200000
1200000
1200000
1200000
1200000
1200000
1200000
1199997
1200000
1199998
1200000
1199998
1200000
1200000
1200000
1200000
1200000
1199999
1200000
1200000
1200000
1200000
1200000
1199999
1200000
1199999
 the seg index is 916 19920103
19920106
19920108
19920111
19920114
19920116
19920119
19920122
19920124
19920127
19920129
19920201
19920204
19920206
19920209
19920212
19920214
19920217
19920219
19920222
19920225
19920227
19920301
19920304
19920306
19920309
19920311
19920314
19920317
19920319
19920322
19920325
19920327
19920330
19920401
19920404
19920407
19920409
19920412
19920415
19920417
19920420
19920422
19920425
19920428
19920430
19920503
19920506
19920508
19920511
19920514
19920516
19920519
19920521
19920524
19920527
19920529
19920601
19920604
19920606
19920609
19920611
19920614
19920617
19920619
19920622
19920625
19920627
19920630
19920702
19920705
19920708
19920710
19920713
19920716
19920718
19920721
19920723
19920726
19920729
19920731
19920803
19920806
19920808
19920811
19920814
19920816
19920819
19920821
19920824
19920827
19920829
19920901
19920904
19920906
19920909
19920911
19920914
19920917
19920919
19920922
19920925
19920927
19920930
19921002
19921005
19921008
19921010
19921013
19921016
19921018
19921021
19921023
19921026
19921029
19921031
19921103
19921106
19921108
19921111
19921114
19921116
19921119
19921121
19921124
19921127
19921129
19921202
19921205
19921207
19921210
19921212
19921215
19921218
19921220
19921223
19921226
19921228
19921231
19930102
19930105
19930108
19930110
19930113
19930116
19930118
19930121
19930123
19930126
19930129
19930131
19930203
19930206
19930208
19930211
19930214
19930216
19930219
19930221
19930224
19930227
19930301
19930304
19930307
19930309
19930312
19930314
19930317
19930320
19930322
19930325
19930328
19930330
19930402
19930404
19930407
19930410
19930412
19930415
19930418
19930420
19930423
19930425
19930428
19930501
19930503
19930506
19930509
19930511
19930514
19930516
19930519
19930522
19930524
19930527
19930530
19930601
19930604
19930606
19930609
19930612
19930614
19930617
19930620
19930622
19930625
19930628
19930630
19930703
19930705
19930708
19930711
19930713
19930716
19930719
19930721
19930724
19930726
19930729
19930801
19930803
19930806
19930809
19930811
19930814
19930816
19930819
19930822
19930824
19930827
19930830
19930901
19930904
19930906
19930909
19930912
19930914
19930917
19930920
19930922
19930925
19930927
19930930
19931003
19931005
19931008
19931011
19931013
19931016
19931019
19931021
19931024
19931026
19931029
19931101
19931103
19931106
19931109
19931111
19931114
19931116
19931119
19931122
19931124
19931127
19931130
19931202
19931205
19931207
19931210
19931213
19931215
19931218
19931221
19931223
19931226
19931229
19931231
19940103
19940105
19940108
19940111
19940113
19940116
19940119
19940121
19940124
19940126
19940129
19940201
19940203
19940206
19940209
19940211
19940214
19940216
19940219
19940222
19940224
19940227
19940302
19940304
19940307
19940310
19940312
19940315
19940317
19940320
19940323
19940325
19940328
19940331
19940402
19940405
19940407
19940410
19940413
19940415
19940418
19940421
19940423
19940426
19940428
19940501
19940504
19940506
19940509
19940512
19940514
19940517
19940519
19940522
19940525
19940527
19940530
19940602
19940604
19940607
19940609
19940612
19940615
19940617
19940620
19940623
19940625
19940628
19940630
19940703
19940706
19940708
19940711
19940714
19940716
19940719
19940721
19940724
19940727
19940729
19940801
19940804
19940806
19940809
19940812
19940814
19940817
19940819
19940822
19940825
19940827
19940830
19940902
19940904
19940907
19940909
19940912
19940915
19940917
19940920
19940923
19940925
19940928
19940930
19941003
19941006
19941008
19941011
19941014
19941016
19941019
19941021
19941024
19941027
19941029
19941101
19941104
19941106
19941109
19941111
19941114
19941117
19941119
19941122
19941125
19941127
19941130
19941202
19941205
19941208
19941210
19941213
19941216
19941218
19941221
19941223
19941226
19941229
19941231
19950103
19950106
19950108
19950111
19950114
19950116
19950119
19950121
19950124
19950127
19950129
19950201
19950204
19950206
19950209
19950211
19950214
19950217
19950219
19950222
19950225
19950227
19950302
19950304
19950307
19950310
19950312
19950315
19950318
19950320
19950323
19950326
19950328
19950331
19950402
19950405
19950408
19950410
19950413
19950416
19950418
19950421
19950423
19950426
19950429
19950501
19950504
19950507
19950509
19950512
19950514
19950517
19950520
19950522
19950525
19950528
19950530
19950602
19950604
19950607
19950610
19950612
19950615
19950618
19950620
19950623
19950625
19950628
19950701
19950703
19950706
19950709
19950711
19950714
19950716
19950719
19950722
19950724
19950727
19950730
19950801
19950804
19950806
19950809
19950812
19950814
19950817
19950820
19950822
19950825
19950827
19950830
19950902
19950904
19950907
19950910
19950912
19950915
19950918
19950920
19950923
19950925
19950928
19951001
19951003
19951006
19951009
19951011
19951014
19951016
19951019
19951022
19951024
19951027
19951030
19951101
19951104
19951106
19951109
19951112
19951114
19951117
19951120
19951122
19951125
19951127
19951130
19951203
19951205
19951208
19951211
19951213
19951216
19951219
19951221
19951224
19951226
19951229
19960101
19960103
19960106
19960109
19960111
19960114
19960116
19960119
19960122
19960124
19960127
19960130
19960201
19960204
19960206
19960209
19960212
19960214
19960217
19960220
19960222
19960225
19960227
19960301
19960304
19960306
19960309
19960312
19960314
19960317
19960319
19960322
19960325
19960327
19960330
19960402
19960404
19960407
19960409
19960412
19960415
19960417
19960420
19960423
19960425
19960428
19960501
19960503
19960506
19960508
19960511
19960514
19960516
19960519
19960522
19960524
19960527
19960529
19960601
19960604
19960606
19960609
19960612
19960614
19960617
19960619
19960622
19960625
19960627
19960630
19960703
19960705
19960708
19960711
19960713
19960716
19960718
19960721
19960724
19960726
19960729
19960801
19960803
19960806
19960808
19960811
19960814
19960816
19960819
19960822
19960824
19960827
19960829
19960901
19960904
19960906
19960909
19960912
19960914
19960917
19960919
19960922
19960925
19960927
19960930
19961003
19961005
19961008
19961011
19961013
19961016
19961018
19961021
19961024
19961026
19961029
19961101
19961103
19961106
19961108
19961111
19961114
19961116
19961119
19961122
19961124
19961127
19961129
19961202
19961205
19961207
19961210
19961213
19961215
19961218
19961220
19961223
19961226
19961228
19961231
19970103
19970105
19970108
19970110
19970113
19970116
19970118
19970121
19970124
19970126
19970129
19970131
19970203
19970206
19970208
19970211
19970214
19970216
19970219
19970222
19970224
19970227
19970301
19970304
19970307
19970309
19970312
19970315
19970317
19970320
19970322
19970325
19970328
19970330
19970402
19970405
19970407
19970410
19970412
19970415
19970418
19970420
19970423
19970426
19970428
19970501
19970503
19970506
19970509
19970511
19970514
19970517
19970519
19970522
19970524
19970527
19970530
19970601
19970604
19970607
19970609
19970612
19970615
19970617
19970620
19970622
19970625
19970628
19970630
19970703
19970706
19970708
19970711
19970713
19970716
19970719
19970721
19970724
19970727
19970729
19970801
19970803
19970806
19970809
19970811
19970814
19970817
19970819
19970822
19970824
19970827
19970830
19970901
19970904
19970907
19970909
19970912
19970914
19970917
19970920
19970922
19970925
19970928
19970930
19971003
19971005
19971008
19971011
19971013
19971016
19971019
19971021
19971024
19971026
19971029
19971101
19971103
19971106
19971109
19971111
19971114
19971117
19971119
19971122
19971124
19971127
19971130
19971202
19971205
19971208
19971210
19971213
19971215
19971218
19971221
19971223
19971226
19971229
19971231
19980103
19980105
19980108
19980111
19980113
19980116
19980119
19980121
19980124
19980126
19980129
19980201
19980203
19980206
19980209
19980211
19980214
19980216
19980219
19980222
19980224
19980227
19980302
19980304
19980307
19980309
19980312
19980315
19980317
19980320
19980323
19980325
19980328
19980331
19980402
19980405
19980407
19980410
19980413
19980415
19980418
19980421
19980423
19980426
19980428
19980501
19980504
19980506
19980509
19980512
19980514
19980517
19980519
19980522
19980525
19980527
19980530
19980602
19980604
19980607
19980609
19980612
19980615
19980617
19980620
19980623
19980625
19980628
19980701
19980703
19980706
19980708
19980711
19980714
19980716
19980719
19980722
19980724
19980727
19980729
19980801
19980802
 the seg index is 916 10419900
10404650
10474950
10449950
10434900
10439900
10474950
10394950
10369950
10404850
10454900
10439700
10484900
10454850
10414800
10429700
10449950
10409900
10429900
10369850
10424900
10484900
10419900
10454850
10474700
10444750
10454800
10364650
10434750
10464950
10479950
10459800
10424800
10469900
10419900
10434750
10384950
10444950
10340451
10414800
10479800
10444700
10384750
10429750
10474800
10464900
10439700
10489850
10434950
10424750
10464850
10449700
10484700
10394800
10464900
10419850
10409750
10409900
10424850
10479950
10449750
10449850
10479850
10449800
10444900
10379900
10429950
10394850
10449700
10379700
10424800
10424950
10444900
10384900
10489900
10484750
10404750
10429950
10469700
10439850
10419700
10434800
10459850
10454750
10449800
10469950
10489700
10484900
10414700
10429750
10474950
10454950
10454950
10489950
10459750
10374800
10434700
10389900
10374850
10439900
10464800
10394650
10439900
10439700
10429750
10434900
10434850
10434750
10474850
10379600
10394850
10374950
10454700
10409850
10364650
10354800
10454900
10469950
10434800
10449700
10459900
10459850
10394850
10375051
10439750
10424950
10399900
10404900
10394850
10469950
10365052
10439900
10474700
10454700
10449700
10464950
10429700
10439850
10424950
10414800
10454850
10429700
10419750
10469850
10429850
10449950
10414750
10434800
10414850
10444900
10449750
10444900
10474700
10384900
10379800
10449850
10404750
10454750
10414750
10429900
10359650
10414800
10409800
10414850
10484750
10349650
10444800
10464950
10464700
10409700
10429900
10449700
10404750
10414950
10409900
10459950
10479750
10379750
10394900
10424950
10464800
10459800
10389800
10389900
10419900
10449950
10454850
10409750
10439900
10449850
10364850
10399650
10364900
10469850
10384803
10419700
10419850
10454800
10469950
10360201
10434750
10484700
10434650
10459800
10484750
10399950
10469700
10424700
10439750
10459950
10444750
10394850
10419850
10414800
10384750
10409800
10429700
10429700
10454850
10454900
10469800
10439750
10464750
10424750
10339600
10419900
10389850
10339850
10494800
10454950
10419950
10444950
10434700
10449700
10464800
10444900
10484950
10459900
10474900
10414700
10379800
10474700
10404850
10419850
10464700
10424700
10429900
10464800
10459950
10469800
10489750
10489700
10424900
10474700
10434850
10419800
10444700
10429850
10439900
10379750
10334850
10434850
10404950
10414950
10464900
10394900
10429650
10449700
10424750
10314750
10459950
10454800
10479750
10449950
10414900
10449950
10479950
10479950
10414850
10384900
10414650
10449800
10414700
10374850
10489800
10459850
10409750
10474750
10449700
10419700
10429750
10419700
10454850
10449750
10399900
10479850
10444950
10464800
10304600
10419700
10439900
10429900
10434800
10424800
10444800
10469900
10469750
10474750
10484700
10379650
10419950
10449750
10429800
10444800
10449950
10375002
10449700
10454950
10464800
10469750
10424800
10479850
10389600
10444900
10439950
10439700
10429900
10464900
10459800
10404900
10469800
10434850
10419800
10459700
10449850
10474900
10469750
10469950
10449850
10389700
10449800
10449750
10414800
10454950
10469850
10414900
10474950
10344850
10424700
10464700
10449900
10439950
10449900
10424950
10459750
10434700
10464800
10469700
10449900
10479900
10469750
10384900
10464950
10429850
10439750
10464950
10444850
10429900
10474950
10449850
10334600
10409650
10369700
10454850
10409850
10394800
10474950
10409750
10459850
10439750
10399850
10419850
10439700
10484800
10414750
10389750
10474800
10474700
10404700
10484900
10389750
10454700
10449800
10479750
10454800
10419700
10449900
10379950
10429850
10384650
10444800
10424950
10379800
10424850
10404850
10404650
10419950
10469950
10434700
10464900
10384950
10424850
10409800
10444700
10479900
10439800
10424850
10409750
10469900
10484800
10454950
10344800
10459700
10419850
10454800
10464950
10459700
10494850
10474850
10474800
10424750
10444900
10439950
10439900
10444750
10434900
10374952
10464950
10365102
10469750
10469850
10389700
10479900
10399900
10419700
10429800
10454750
10449750
10399700
10389650
10414850
10414750
10414950
10459950
10454850
10449750
10454900
10444750
10419800
10414750
10370052
10474900
10474800
10449800
10454850
10419950
10399900
10404800
10479850
10484900
10404850
10379700
10434700
10434800
10454750
10389850
10404850
10444850
10424700
10459950
10404700
10429950
10355251
10369750
10404700
10404800
10424900
10439650
10394800
10439800
10469750
10434950
10454850
10419750
10449750
10379750
10429700
10449850
10474900
10389750
10434850
10434800
10459950
10384800
10419750
10449900
10479900
10469950
10454750
10474700
10434650
10414850
10449900
10454900
10484850
10434700
10429850
10429900
10429750
10449950
10404650
10444850
10375101
10419900
10459850
10449800
10464850
10444850
10409850
10434750
10454700
10389700
10414950
10444950
10444750
10384650
10469950
10454750
10469750
10444950
10459850
10424900
10444750
10404850
10409650
10414950
10365250
10469900
10469800
10404700
10454750
10459800
10424800
10414900
10414800
10409850
10494750
10464900
10429950
10459850
10414850
10439900
10404800
10429650
10479800
10449850
10479900
10449800
10454950
10454750
10404900
10404800
10389700
10434900
10439850
10454800
10469700
10399850
10484750
10444750
10419800
10379800
10439750
10469950
10414700
10479800
10424700
10474700
10364700
10474800
10459900
10444750
10454850
10429700
10454750
10449750
10439700
10355301
10424950
10454850
10379850
10419900
10439700
10479700
10439800
10464950
10419900
10469850
10419950
10389850
10459850
10374650
10429750
10379650
10394850
10444950
10399850
10439800
10404800
10414950
10419850
10439800
10434950
10439750
10369800
10399800
10469800
10429850
10449800
10459800
10369900
10444750
10414650
10474850
10484800
10454800
10444700
10474800
10449850
10489800
10469900
10434950
10434900
10409750
10439900
10404700
10409850
10464850
10449900
10434850
10414800
10409700
10444700
10444750
10484850
10384650
10374750
10434750
10464750
10384850
10464800
10454850
10459800
10379700
10434800
10449800
10424750
10439850
10439800
10464800
10374600
10444750
10444900
10389650
10454900
10439800
10444900
10474850
10359650
10404800
10469800
10474850
10399800
10449850
10434700
10464700
10454700
10459750
10444850
10449800
10454800
10474800
10444950
10409850
10329700
10494900
10399750
10404850
10414750
10439700
10444950
10389950
10419800
10454800
10474750
10399800
10454750
10469800
10424700
10454850
10454700
10454750
10399650
10424750
10429850
10444750
10464700
10464850
10409850
10484900
10484700
10479750
10369750
10459750
10449750
10439650
10474750
10419700
10454900
10419750
10429950
10479700
10350202
10464700
10454750
10384750
10444900
10464700
10344750
10419700
10414900
10419900
10374700
10369900
10479950
10479700
10444700
10474800
10494800
10330501
10444700
10484950
10429850
10444850
10449950
10394950
10479700
10454950
10449750
10494900
10454850
10414850
10434900
10429950
10489850
10474700
10439900
10444900
10454800
10394850
10444800
10459950
10404850
10389850
10479750
10444900
10439650
10439700
10389700
10409850
10370052
10449800
10449850
10399700
10464700
10329750
10414650
10394750
10414800
10369800
10389650
10394900
10444800
10484950
10434900
10374750
10394700
10464850
10369600
10409850
10409700
10424700
10394700
10454800
10464950
10484800
10434950
10344750
10389802
10484850
10444700
10409750
10464750
10444900
10414650
10464950
10454750
10404650
10444700
10464700
10454950
10429900
10444900
10454800
10439950
10374650
10359700
10424750
10444750
10459750
10379950
10424900
10384951
10474850
10369750
10369800
10349650
10369600
10434950
10409750
10474950
10424750
10414900
10389900
10414800
10454900
10404900
10459900
10469850
10444750
10414850
10454950
10484850
10444800
10389900
10489750
10449750
10409850
10444950
10454850
10464900
10379800
10439750
10434750
10474950
10429750
10474700
10399800
10474800
10464800
10444850
10424900
10474700
10494750
10464900
10454850
10429900
10449800
10474950
10489750
10449700
10404750
10464850
10474700
10389750
10489700
10414850
10434800
10469750
10494900
10449800
10489950
10489750
10449850
10419800
10479750
10449850
10434950
10354750
10394700
10419900
10429700
10429800
10389650
10464800
10439700
10394650
10469850
10469900
10484850
10394850
10459900
10419650
10374850
10474750
10344600
 the seg index is 916 10
10
10
10
10
10
10
10
10
10
10
10
10
10
10
10
10
10
10
10
10
10
10
10
10
10
10
10
10
10
10
10
10
10
10
10
10
10
10
10
10
10
10
10
10
10
10
10
10
10
10
10
10
10
10
10
10
10
10
10
10
10
10
10
10
10
10
10
10
10
10
10
10
10
10
10
10
10
10
10
10
10
10
10
10
10
10
10
10
10
10
10
10
10
10
10
10
10
10
10
10
10
10
10
10
10
10
10
10
10
10
10
10
10
10
10
10
10
10
10
10
10
10
10
10
10
10
10
10
10
10
10
10
10
10
10
10
10
10
10
10
10
10
10
10
10
10
10
10
10
10
10
10
10
10
10
10
10
10
10
10
10
10
10
10
10
10
10
10
10
10
10
10
10
10
10
10
10
10
10
10
10
10
10
10
10
10
10
10
10
10
10
10
10
10
10
10
10
10
10
10
10
10
10
10
10
10
10
10
10
10
10
10
10
10
10
10
10
10
10
10
10
10
10
10
10
10
10
10
10
10
10
10
10
10
10
10
10
10
10
10
10
10
10
10
10
10
10
10
10
10
10
10
10
10
10
10
10
10
10
10
10
10
10
10
10
10
10
10
10
10
10
10
10
10
10
10
10
10
10
10
10
10
10
10
10
10
10
10
10
10
10
10
10
10
10
10
10
10
10
10
10
10
10
10
10
10
10
10
10
10
10
10
10
10
10
10
10
10
10
10
10
10
10
10
10
10
10
10
10
10
10
10
10
10
10
10
10
10
10
10
10
10
10
10
10
10
10
10
10
10
10
10
10
10
10
10
10
10
10
10
10
10
10
10
10
10
10
10
10
10
10
10
10
10
10
10
10
10
10
10
10
10
10
10
10
10
10
10
10
10
10
10
10
10
10
10
10
10
10
10
10
10
10
10
10
10
10
10
10
10
10
10
10
10
10
10
10
10
10
10
10
10
10
10
10
10
10
10
10
10
10
10
10
10
10
10
10
10
10
10
10
10
10
10
10
10
10
10
10
10
10
10
10
10
10
10
10
10
10
10
10
10
10
10
10
10
10
10
10
10
10
10
10
10
10
10
10
10
10
10
10
10
10
10
10
10
10
10
10
10
10
10
10
10
10
10
10
10
10
10
10
10
10
10
10
10
10
10
10
10
10
10
10
10
10
10
10
10
10
10
10
10
10
10
10
10
10
10
10
10
10
10
10
10
10
10
10
10
10
10
10
10
10
10
10
10
10
10
10
10
10
10
10
10
10
10
10
10
10
10
10
10
10
10
10
10
10
10
10
10
10
10
10
10
10
10
10
10
10
10
10
10
10
10
10
10
10
10
10
10
10
10
10
10
10
10
10
10
10
10
10
10
10
10
10
10
10
10
10
10
10
10
10
10
10
10
10
10
10
10
10
10
10
10
10
10
10
10
10
10
10
10
10
10
10
10
10
10
10
10
10
10
10
10
10
10
10
10
10
10
10
10
10
10
10
10
10
10
10
10
10
10
10
10
10
10
10
10
10
10
10
10
10
10
10
10
10
10
10
10
10
10
10
10
10
10
10
10
10
10
10
10
10
10
10
10
10
10
10
10
10
10
10
10
10
10
10
10
10
10
10
10
10
10
10
10
10
10
10
10
10
10
10
10
10
10
10
10
10
10
10
10
10
10
10
10
10
10
10
10
10
10
10
10
10
10
10
10
10
10
10
10
10
10
10
10
10
10
10
10
10
10
10
10
10
10
10
10
10
10
10
10
10
10
10
10
10
10
10
10
10
10
10
10
10
10
10
10
10
10
10
10
10
10
10
10
10
10
10
10
10
10
10
10
10
10
10
10
10
10
10
10
10
10
10
10
10
10
10
10
10
10
10
10
10
10
10
10
10
10
10
10
10
10
10
10
10
10
10
10
10
10
10
10
10
10
10
10
10
10
10
10
10
10
10
10
10
10
10
10
10
10
10
10
10
10
10
10
10
10
10
10
10
10
10
10
10
10
10
10
10
10
10
10
10
10
10
10
10
10
10
10
10
10
10
10
10
10
10
10
10
10
10
10
10
10
10
10
10
10
10
10
10
10
10
 the seg index is 916 50
50
50
50
50
50
50
50
50
50
50
50
50
50
50
50
50
50
50
50
50
50
50
50
50
50
50
50
50
50
50
50
50
50
50
50
50
50
50
50
50
50
50
50
50
50
50
50
50
50
50
50
50
50
50
50
50
50
50
50
50
50
50
50
50
50
50
50
50
50
50
50
50
50
50
50
50
50
50
50
50
50
50
50
50
50
50
50
50
50
50
50
50
50
50
50
50
50
50
50
50
50
50
50
50
50
50
50
50
50
50
50
50
50
50
50
50
50
50
50
50
50
50
50
50
50
50
50
50
50
50
50
50
50
50
50
50
50
50
50
50
50
50
50
50
50
50
50
50
50
50
50
50
50
50
50
50
50
50
50
50
50
50
50
50
50
50
50
50
50
50
50
50
50
50
50
50
50
50
50
50
50
50
50
50
50
50
50
50
50
50
50
50
50
50
50
50
50
50
50
50
50
50
50
50
50
50
50
50
50
50
50
50
50
50
50
50
50
50
50
50
50
50
50
50
50
50
50
50
50
50
50
50
50
50
50
50
50
50
50
50
50
50
50
50
50
50
50
50
50
50
50
50
50
50
50
50
50
50
50
50
50
50
50
50
50
50
50
50
50
50
50
50
50
50
50
50
50
50
50
50
50
50
50
50
50
50
50
50
50
50
50
50
50
50
50
50
50
50
50
50
50
50
50
50
50
50
50
50
50
50
50
50
50
50
50
50
50
50
50
50
50
50
50
50
50
50
50
50
50
50
50
50
50
50
50
50
50
50
50
50
50
50
50
50
50
50
50
50
50
50
50
50
50
50
50
50
50
50
50
50
50
50
50
50
50
50
50
50
50
50
50
50
50
50
50
50
50
50
50
50
50
50
50
50
50
50
50
50
50
50
50
50
50
50
50
50
50
50
50
50
50
50
50
50
50
50
50
50
50
50
50
50
50
50
50
50
50
50
50
50
50
50
50
50
50
50
50
50
50
50
50
50
50
50
50
50
50
50
50
50
50
50
50
50
50
50
50
50
50
50
50
50
50
50
50
50
50
50
50
50
50
50
50
50
50
50
50
50
50
50
50
50
50
50
50
50
50
50
50
50
50
50
50
50
50
50
50
50
50
50
50
50
50
50
50
50
50
50
50
50
50
50
50
50
50
50
50
50
50
50
50
50
50
50
50
50
50
50
50
50
50
50
50
50
50
50
50
50
50
50
50
50
50
50
50
50
50
50
50
50
50
50
50
50
50
50
50
50
50
50
50
50
50
50
50
50
50
50
50
50
50
50
50
50
50
50
50
50
50
50
50
50
50
50
50
50
50
50
50
50
50
50
50
50
50
50
50
50
50
50
50
50
50
50
50
50
50
50
50
50
50
50
50
50
50
50
50
50
50
50
50
50
50
50
50
50
50
50
50
50
50
50
50
50
50
50
50
50
50
50
50
50
50
50
50
50
50
50
50
50
50
50
50
50
50
50
50
50
50
50
50
50
50
50
50
50
50
50
50
50
50
50
50
50
50
50
50
50
50
50
50
50
50
50
50
50
50
50
50
50
50
50
50
50
50
50
50
50
50
50
50
50
50
50
50
50
50
50
50
50
50
50
50
50
50
50
50
50
50
50
50
50
50
50
50
50
50
50
50
50
50
50
50
50
50
50
50
50
50
50
50
50
50
50
50
50
50
50
50
50
50
50
50
50
50
50
50
50
50
50
50
50
50
50
50
50
50
50
50
50
50
50
50
50
50
50
50
50
50
50
50
50
50
50
50
50
50
50
50
50
50
50
50
50
50
50
50
50
50
50
50
50
50
50
50
50
50
50
50
50
50
50
50
50
50
50
50
50
50
50
50
50
50
50
50
50
50
50
50
50
50
50
50
50
50
50
50
50
50
50
50
50
50
50
50
50
50
50
50
50
50
50
50
50
50
50
50
50
50
50
50
50
50
50
50
50
50
50
50
50
50
50
50
50
50
50
50
50
50
50
50
50
50
50
50
50
50
50
50
50
50
50
50
50
50
50
50
50
50
50
50
50
50
50
50
50
50
50
50
50
50
50
50
50
50
50
50
50
50
50
50
50
50
50
50
 the seg index is 916 10489850
10479950
10474950
10469850
10489900
10464750
10479700
10484750
10469900
10474850
10489950
10464750
10484900
10494900
10474950
10489800
10479750
10494750
10479800
10494900
10484700
10484900
10489750
10484750
10474700
10474950
10484750
10489950
10484850
10489900
10479950
10464850
10464850
10489800
10489850
10469700
10469950
10449750
10454800
10479850
10484900
10484900
10479850
10489850
10474850
10479800
10474950
10489850
10489900
10484850
10479700
10479800
10489850
10489800
10469850
10474950
10479950
10484700
10484850
10479950
10494950
10489900
10479850
10459750
10474900
10489900
10479750
10459900
10489950
10484950
10484850
10464900
10469800
10469950
10489900
10494750
10494700
10479850
10479850
10484900
10469900
10479850
10479900
10474900
10474900
10484950
10489700
10494850
10479850
10469950
10484900
10474900
10469750
10489950
10484950
10474900
10474700
10464850
10489900
10479900
10479900
10489850
10484700
10494800
10484800
10474750
10484950
10484850
10479700
10494950
10489950
10469950
10494700
10494950
10479850
10464850
10489850
10484750
10474800
10459800
10479800
10494800
10489800
10479850
10464750
10484800
10464700
10479900
10479800
10479950
10479950
10484950
10484850
10479950
10469850
10489700
10489950
10464800
10484850
10484950
10469750
10484900
10474900
10469850
10479950
10474900
10474750
10489750
10484750
10489750
10459950
10479700
10474700
10474950
10464900
10484800
10469800
10479950
10484900
10479800
10484700
10469950
10479700
10474750
10489700
10484900
10464850
10469950
10469850
10484800
10489900
10489750
10474950
10444950
10469900
10479700
10494950
10494850
10479900
10484950
10484900
10459800
10484750
10474750
10479700
10474700
10484750
10494700
10489900
10484950
10489800
10469750
10479950
10474800
10489700
10489900
10469850
10464900
10479850
10489700
10484850
10489700
10489800
10469850
10484900
10469800
10479950
10459750
10474950
10479800
10479900
10459950
10484950
10489950
10474950
10479800
10464900
10464950
10469800
10489950
10484800
10474700
10494700
10484950
10494900
10479700
10484700
10489900
10494800
10479700
10469900
10494950
10479900
10484900
10474950
10469900
10489900
10459900
10474900
10479750
10449900
10489900
10484750
10464750
10474950
10479950
10484750
10469900
10494900
10489800
10489750
10489700
10479950
10474700
10474850
10494900
10489950
10484750
10489950
10484950
10474750
10479900
10489850
10489700
10474950
10454700
10449950
10484750
10484900
10484900
10459950
10484950
10479750
10489900
10479900
10479900
10479950
10489800
10469850
10464750
10489750
10479700
10484850
10484750
10489800
10489900
10494900
10474900
10489850
10494750
10479950
10494700
10484750
10474750
10474750
10479850
10479750
10494900
10484700
10474900
10484950
10489900
10479850
10484900
10479800
10469900
10489800
10494700
10484700
10479900
10474850
10469900
10474900
10494750
10469950
10494950
10464950
10474700
10469700
10489950
10474950
10484850
10459750
10474950
10479850
10469900
10464950
10494700
10484850
10484950
10484900
10469900
10479900
10474800
10459850
10474900
10469750
10474950
10484950
10479900
10479950
10484700
10479850
10474700
10484700
10479850
10474950
10459950
10484900
10474950
10479850
10484900
10474950
10494900
10474900
10484900
10484750
10469700
10474950
10489950
10474800
10484750
10484900
10474750
10494800
10479850
10464900
10494750
10474950
10494750
10489700
10479850
10479750
10494800
10469800
10489750
10474950
10479900
10469700
10479700
10469900
10484700
10479850
10489950
10464750
10489950
10494950
10474700
10489850
10484900
10479800
10489700
10469750
10479850
10489800
10489900
10479850
10479850
10479950
10474850
10484800
10489750
10459800
10469950
10464950
10479750
10479950
10474950
10494800
10489900
10484800
10474700
10479750
10474850
10479900
10479700
10484950
10494950
10474800
10494700
10459700
10489700
10484850
10474950
10464950
10484800
10469800
10494850
10489750
10479900
10484850
10489950
10479950
10474900
10454850
10474950
10479750
10484750
10469800
10474750
10494950
10484950
10479900
10484900
10474850
10484950
10474850
10474900
10484700
10474700
10494800
10489850
10479950
10484900
10474900
10479950
10469850
10479950
10484850
10489950
10489850
10479800
10474800
10484750
10484700
10469800
10474700
10479900
10489800
10484900
10474750
10484800
10479800
10484750
10494850
10479750
10484800
10489750
10494700
10479700
10469850
10469850
10479850
10489700
10469950
10494700
10489800
10474900
10489900
10469700
10479750
10484950
10469850
10474750
10494700
10469900
10474800
10479950
10489800
10494800
10484700
10469700
10484850
10484800
10479950
10479850
10479900
10469950
10474850
10484950
10494750
10484800
10479850
10484900
10484850
10479750
10469700
10454850
10489700
10489800
10484850
10474850
10484900
10469700
10484850
10479750
10484850
10494700
10489950
10474850
10479750
10479900
10459900
10474750
10469750
10479850
10479900
10459900
10489800
10464700
10479950
10484950
10479850
10494950
10479750
10474950
10469950
10469900
10474800
10494950
10454750
10489950
10484750
10484700
10459950
10474800
10494750
10474850
10459850
10474950
10479750
10474800
10474850
10489900
10479800
10464700
10479900
10484700
10469750
10479750
10454900
10479950
10484800
10469750
10474900
10494950
10489750
10494900
10484750
10479800
10484950
10469900
10449750
10489700
10479700
10479800
10484900
10474700
10484850
10479800
10469750
10489950
10459750
10474850
10459700
10479750
10469950
10489950
10469900
10479900
10479800
10489700
10484750
10479700
10474950
10494700
10479700
10479750
10479850
10484800
10474700
10484850
10479750
10479750
10494850
10494800
10489950
10479950
10469950
10489750
10484950
10479950
10489700
10469900
10489850
10474950
10479950
10454700
10484750
10489850
10479800
10484850
10489700
10474850
10489850
10484800
10474950
10479750
10469950
10489800
10479900
10474850
10479900
10484850
10474950
10479750
10469950
10474950
10479950
10479700
10484850
10484800
10484700
10479700
10489700
10484800
10494850
10484900
10489850
10479850
10484900
10484750
10459800
10449850
10484900
10479800
10494900
10459950
10474750
10484950
10449900
10479700
10469950
10489700
10459850
10484850
10479850
10484950
10474950
10474850
10474950
10474850
10489900
10489850
10464700
10489850
10494900
10489950
10479900
10474700
10479950
10474800
10479850
10454800
10469800
10494900
10489700
10479850
10494900
10484700
10484900
10484900
10464800
10474700
10489800
10489850
10494950
10489850
10474950
10489700
10474800
10479950
10484700
10489700
10479700
10464900
10489700
10494900
10489750
10484900
10484700
10489950
10484800
10479850
10494850
10474950
10489850
10479900
10479800
10479950
10484800
10484900
10484950
10474700
10489900
10494750
10479750
10474750
10454850
10494950
10484750
10464950
10474700
10469900
10479950
10489800
10484950
10484850
10494800
10484750
10489750
10494850
10469750
10489900
10474850
10459750
10484950
10489750
10489750
10494900
10479800
10479700
10479950
10484800
10489850
10474700
10484750
10484750
10479850
10484900
10479700
10469950
10474950
10484950
10479800
10489800
10474700
10484950
10489800
10489750
10484850
10469800
10484750
10489750
10464950
10464950
10484700
10489850
10464850
10469900
10484750
10489900
10489800
10484950
10464700
10494950
10444850
10489700
10489700
10469900
10489900
10494750
10474950
10474850
10489950
10484800
10474800
10479950
10494750
10494700
10484700
10494800
10494950
10464750
10484850
10479900
10454750
10464900
10479950
10464750
10484950
10474750
10474850
10484750
10469950
10474850
10494750
10469900
10459700
10459750
10489950
10484700
10489850
10479800
10469850
10479750
10489700
10484900
10469750
10494750
10489750
10489800
10484950
10479850
10474750
10494850
10479700
10464850
10489850
10479700
10464750
10474850
10484850
10469900
10494850
10489750
10479750
10494900
10469700
10464800
10489950
10474850
10459900
10484800
10479900
10479750
10489700
10489900
10474800
10479750
10469950
10489900
10474850
10494750
10484900
10489900
10484800
10479900
10474950
10489750
10474800
10484800
10464900
10474700
10464700
10494950
10469950
10494850
10489800
10494900
10469800
10489950
10489750
10494850
10489800
10484900
10479700
10474950
10469900
10474900
10479800
10479850
10494850
10489750
10489900
10484800
10489800
10479800
10474850
10484850
10479950
10479900
10489800
10469950
10489950
10479800
 the seg index is 916 125939
125938
125938
125938
125939
125937
125938
125939
125937
125939
125938
125938
125939
125939
125939
125939
125938
125937
125939
125939
125939
125939
125939
125939
125938
125938
125939
125939
125937
125938
125938
125939
125939
125938
125939
125939
125938
125939
125938
125939
125938
125939
125939
125938
125939
125938
125939
125939
125938
125939
125938
125939
125938
125939
125938
125939
125938
125938
125938
125939
125939
125939
125939
125938
125938
125938
125939
125937
125938
125939
125939
125938
125938
125939
125939
125938
125937
125937
125939
125938
125939
125939
125939
125937
125938
125938
125937
125938
125939
125939
125939
125939
125939
125939
125939
125939
125938
125939
125939
125939
125938
125937
125938
125939
125939
125938
125939
125936
125938
125939
125939
125938
125938
125939
125938
125938
125939
125938
125939
125938
125939
125939
125939
125938
125938
125938
125939
125939
125938
125939
125938
125938
125938
125937
125938
125939
125939
125939
125938
125939
125939
125938
125938
125939
125939
125939
125939
125938
125939
125939
125938
125939
125938
125939
125939
125939
125939
125939
125939
125938
125938
125938
125939
125938
125938
125939
125939
125938
125939
125939
125937
125939
125939
125939
125938
125939
125939
125938
125936
125939
125939
125939
125937
125939
125939
125939
125938
125939
125938
125939
125937
125939
125938
125939
125939
125939
125939
125938
125939
125939
125937
125938
125938
125939
125938
125939
125939
125939
125938
125939
125939
125938
125939
125939
125939
125939
125938
125937
125939
125938
125939
125938
125938
125939
125938
125938
125939
125939
125937
125937
125938
125939
125939
125939
125939
125939
125938
125939
125938
125939
125939
125939
125938
125938
125937
125938
125938
125939
125939
125939
125937
125938
125939
125938
125938
125938
125939
125938
125938
125939
125938
125939
125939
125938
125939
125939
125939
125939
125939
125939
125939
125939
125938
125938
125938
125938
125939
125939
125939
125938
125939
125938
125938
125939
125938
125939
125938
125939
125939
125939
125938
125939
125939
125937
125939
125938
125939
125939
125938
125938
125939
125939
125939
125939
125939
125937
125938
125939
125938
125938
125938
125938
125938
125937
125939
125939
125938
125938
125939
125938
125937
125938
125939
125939
125938
125938
125939
125939
125939
125939
125939
125938
125938
125939
125939
125939
125939
125939
125937
125939
125939
125939
125939
125938
125938
125938
125939
125939
125938
125939
125938
125939
125938
125938
125939
125938
125938
125938
125939
125939
125937
125938
125938
125939
125939
125939
125939
125939
125938
125939
125938
125938
125939
125938
125938
125939
125937
125939
125939
125939
125938
125939
125939
125939
125939
125937
125939
125939
125939
125938
125938
125939
125938
125937
125939
125939
125939
125939
125939
125938
125939
125939
125938
125938
125937
125939
125939
125938
125938
125938
125938
125939
125938
125938
125939
125939
125938
125939
125938
125938
125938
125939
125938
125939
125939
125939
125939
125938
125939
125939
125939
125939
125937
125939
125939
125939
125939
125939
125939
125939
125939
125939
125939
125939
125938
125939
125937
125937
125939
125938
125939
125939
125939
125937
125939
125938
125939
125939
125938
125938
125938
125939
125939
125938
125939
125938
125939
125939
125938
125939
125939
125938
125879
125939
125939
125939
125939
125939
125939
125937
125937
125938
125938
125938
125939
125938
125938
125939
125939
125939
125939
125939
125938
125939
125938
125939
125939
125939
125938
125938
125938
125939
125939
125939
125939
125939
125939
125939
125939
125939
125939
125939
125939
125939
125939
125939
125939
125939
125939
125939
125938
125939
125938
125938
125938
125939
125879
125939
125938
125939
125939
125939
125939
125939
125939
125938
125939
125939
125938
125939
125938
125939
125938
125939
125939
125939
125938
125939
125939
125939
125939
125938
125938
125938
125939
125939
125939
125938
125939
125939
125939
125939
125938
125939
125939
125939
125939
125939
125939
125939
125939
125939
125939
125939
125939
125939
125939
125939
125939
125939
125938
125938
125938
125938
125938
125939
125939
125938
125939
125937
125939
125938
125938
125938
125938
125939
125939
125938
125939
125938
125938
125938
125938
125938
125939
125939
125939
125939
125939
125939
125938
125939
125939
125936
125939
125938
125939
125939
125939
125939
125939
125938
125939
125939
125939
125939
125939
125939
125938
125939
125939
125938
125939
125938
125938
125939
125938
125937
125939
125939
125938
125939
125939
125939
125938
125939
125939
125939
125939
125939
125939
125938
125938
125939
125938
125939
125938
125939
125938
125938
125938
125939
125937
125939
125939
125938
125939
125936
125938
125939
125939
125939
125939
125939
125939
125939
125939
125939
125939
125939
125938
125938
125938
125938
125938
125938
125939
125939
125937
125938
125939
125939
125939
125939
125938
125938
125939
125939
125938
125939
125939
125939
125938
125938
125939
125939
125939
125939
125939
125939
125938
125938
125939
125939
125939
125938
125938
125939
125938
125939
125939
125939
125939
125938
125938
125939
125938
125938
125939
125939
125938
125938
125939
125938
125938
125939
125939
125938
125938
125939
125939
125939
125938
125939
125938
125939
125939
125939
125939
125938
125939
125939
125939
125938
125939
125939
125938
125938
125937
125939
125938
125939
125938
125939
125939
125939
125939
125938
125938
125937
125939
125938
125939
125938
125938
125939
125939
125938
125939
125938
125938
125939
125938
125939
125939
125938
125938
125939
125937
125939
125939
125938
125938
125939
125938
125939
125939
125938
125938
125938
125939
125939
125938
125939
125939
125937
125939
125938
125938
125938
125938
125939
125939
125939
125936
125939
125939
125938
125938
125939
125939
125939
125939
125938
125938
125938
125937
125938
125939
125938
125937
125939
125939
125938
125938
125939
125939
125937
125939
125939
125938
125939
125938
125939
125939
125938
125938
125938
125939
125939
125939
125939
125939
125939
125939
125939
125939
125939
125938
125938
125939
125938
125939
125939
125939
125939
125939
125939
125939
125939
125937
125938
125938
125937
125938
125938
125938
125939
125939
125939
125939
125939
125938
125939
125938
125939
125939
125938
125938
125938
125938
125939
125938
125939
125939
125939
125939
125939
125939
125938
125938
125939
125938
125938
125939
125937
125939
125939
125939
125938
125938
125938
125939
125939
125938
125936
 the seg index is 916 1048576
2097152
3145728
4194304
4800000
 the seg index is 5 24
24
24
24
24
 the seg index is 5 4
4
4
4
4
 the seg index is 5 249
249
249
249
249
 the seg index is 5 320000
 the seg index is 1 24
 the seg index is 1 4
 the seg index is 1 249
 the seg index is 1 1048576
1600000
 the seg index is 2 999
999
 the seg index is 2 24
24
 the seg index is 2 4
4
 the seg index is 2 19981230
 the seg index is 1 1998
 the seg index is 1 199812
 the seg index is 1 
Select Options:
1. Run Specific Query
2. Run Random Queries
3. Run Experiment
4. Replacement
5. Dump Trace
6. Exit
cache. Cache Specific Column
clear. Delete Columns from GPU
custom. Toggle custom malloc
skipping. Toggle segment skipping
Your Input: How many queries per  epoch (20 epoch in total): Replacement Policy: Warmup
22

 Query: 22 19920101 19981231
Query Prepare Time: 19.496
 Query Prepare Time using cpu 0.0195649

Query Optimization Time: 2.29786

s_suppkey
sg = 0
Filter Build Kernel time CPU: 1.372160 p_partkey
sg = 0
Filter Build Kernel time CPU: 1.081504 d_datekey
sg = 0
Filter Build Kernel time CPU: 0.017408 Build time 3.99376
Probe Group Kernel time CPU: 107.091965 sg = 0 non demand time = 107.117
Probe time 107.188
Merge time 0.034336
Result:
Res count = 0
Query Execution Time: 111.293
CPU Time: 109.563
GPU Time: 0
Transfer Time: 0
Malloc Time: 0.005472

42

 Query: 42 19970101 19981231
Query Prepare Time: 26.3696
 Query Prepare Time using cpu 0.0263667

Query Optimization Time: 1.73261

s_suppkey
sg = 0
Filter Build Kernel time CPU: 0.208896 c_custkey
sg = 0
Filter Build Kernel time CPU: 0.460800 p_partkey
sg = 0
Filter Build Kernel time CPU: 0.175104 d_datekey
sg = 0
Filter Build Kernel time CPU: 0.011264 Build time 0.979968
Probe Group Kernel time CPU: 52.531200 sg = 0 non demand time = 52.5546
Probe time 52.6234
Merge time 0.028384
Result:
Res count = 0
Query Execution Time: 53.7101
CPU Time: 53.3873
GPU Time: 0
Transfer Time: 0
Malloc Time: 0.003328

13

 Query: 13 19940204 19940210
Query Prepare Time: 0.330848
 Query Prepare Time using cpu 0.000327826

Query Optimization Time: 1.65581

d_datekey
sg = 0
Filter Build Kernel time CPU: 0.012160 Build time 0.045056
Filter Probe Aggr Kernel time CPU: 0.294016 sg = 0 non demand time = 0.308224
Probe time 0.33472
Merge time 0.001888
Result:
Res count = 0
Query Execution Time: 0.440512
CPU Time: 0.306176
GPU Time: 0
Transfer Time: 0
Malloc Time: 0.003872

11

 Query: 11 19930101 19931231
Query Prepare Time: 0.103744
 Query Prepare Time using cpu 0.00010252

Query Optimization Time: 1.56365

d_datekey
sg = 0
Filter Build Kernel time CPU: 0.012320 Build time 0.03904
Filter Probe Aggr Kernel time CPU: 9.956352 sg = 0 non demand time = 9.98195
Probe time 10.0689
Merge time 0.003136
Result:
Res count = 0
Query Execution Time: 10.1827
CPU Time: 9.96867
GPU Time: 0
Transfer Time: 0
Malloc Time: 0.003872

42

 Query: 42 19970101 19981231
Query Prepare Time: 7.61053
 Query Prepare Time using cpu 0.00760746

Query Optimization Time: 1.7367

s_suppkey
sg = 0
Filter Build Kernel time CPU: 0.129024 c_custkey
sg = 0
Filter Build Kernel time CPU: 0.385920 p_partkey
sg = 0
Filter Build Kernel time CPU: 0.230400 d_datekey
sg = 0
Filter Build Kernel time CPU: 0.010176 Build time 0.879616
Probe Group Kernel time CPU: 52.291809 sg = 0 non demand time = 52.3163
Probe time 52.3817
Merge time 0.02272
Result:
Res count = 0
Query Execution Time: 53.3527
CPU Time: 53.0473
GPU Time: 0
Transfer Time: 0
Malloc Time: 0.004416

23

 Query: 23 19920101 19981231
Query Prepare Time: 5.82941
 Query Prepare Time using cpu 0.00582576

Query Optimization Time: 1.73181

s_suppkey
sg = 0
Filter Build Kernel time CPU: 0.135168 p_partkey
sg = 0
Filter Build Kernel time CPU: 0.090112 d_datekey
sg = 0
Filter Build Kernel time CPU: 0.016384 Build time 0.406528
Probe Group Kernel time CPU: 94.322685 sg = 0 non demand time = 94.3475
Probe time 94.4998
Merge time 0.020288
Result:
Res count = 0
Query Execution Time: 95.0703
CPU Time: 94.5643
GPU Time: 0
Transfer Time: 0
Malloc Time: 0.004032

31

 Query: 31 19920101 19971231
Query Prepare Time: 3.49024
 Query Prepare Time using cpu 0.00348687

Query Optimization Time: 1.75197

s_suppkey
sg = 0
Filter Build Kernel time CPU: 0.126976 c_custkey
sg = 0
Filter Build Kernel time CPU: 0.500736 d_datekey
sg = 0
Filter Build Kernel time CPU: 0.014336 Build time 0.889056
Probe Group Kernel time CPU: 181.590881 sg = 0 non demand time = 181.616
Probe time 181.776
Merge time 0.023424
Result:
Res count = 0
Query Execution Time: 182.833
CPU Time: 182.233
GPU Time: 0
Transfer Time: 0
Malloc Time: 0.004192

12

 Query: 12 19940101 19940131
Query Prepare Time: 0.379136
 Query Prepare Time using cpu 0.000376701

Query Optimization Time: 1.64966

d_datekey
sg = 0
Filter Build Kernel time CPU: 0.010240 Build time 0.067584
Filter Probe Aggr Kernel time CPU: 1.068000 sg = 0 non demand time = 1.08442
Probe time 1.14995
Merge time 0.002016
Result:
Res count = 0
Query Execution Time: 1.36051
CPU Time: 1.07824
GPU Time: 0
Transfer Time: 0
Malloc Time: 0.003168

13

 Query: 13 19940204 19940210
Query Prepare Time: 0.156352
 Query Prepare Time using cpu 0.000154734

Query Optimization Time: 1.57491

d_datekey
sg = 0
Filter Build Kernel time CPU: 0.012288 Build time 0.064384
Filter Probe Aggr Kernel time CPU: 0.273376 sg = 0 non demand time = 0.285696
Probe time 0.34304
Merge time 0.002112
Result:
Res count = 0
Query Execution Time: 0.544768
CPU Time: 0.285664
GPU Time: 0
Transfer Time: 0
Malloc Time: 0.004064

23

 Query: 23 19920101 19981231
Query Prepare Time: 6.33651
 Query Prepare Time using cpu 0.00633287

Query Optimization Time: 1.64877

s_suppkey
sg = 0
Filter Build Kernel time CPU: 0.133120 p_partkey
sg = 0
Filter Build Kernel time CPU: 0.104480 d_datekey
sg = 0
Filter Build Kernel time CPU: 0.013344 Build time 0.335872
Probe Group Kernel time CPU: 94.338051 sg = 0 non demand time = 94.3596
Probe time 94.4435
Merge time 0.014176
Result:
Res count = 0
Query Execution Time: 94.9108
CPU Time: 94.589
GPU Time: 0
Transfer Time: 0
Malloc Time: 0.004352

34

 Query: 34 19971201 19971231
Query Prepare Time: 1.53757
 Query Prepare Time using cpu 0.00152302

Query Optimization Time: 1.68653

s_suppkey
sg = 0
Filter Build Kernel time CPU: 0.112640 c_custkey
sg = 0
Filter Build Kernel time CPU: 0.172864 d_datekey
sg = 0
Filter Build Kernel time CPU: 0.009216 Build time 0.379904
Probe Group Kernel time CPU: 1.159296 sg = 0 non demand time = 1.17638
Probe time 1.20851
Merge time 0.449408
Result:
Res count = 0
Query Execution Time: 2.51334
CPU Time: 1.45402
GPU Time: 0
Transfer Time: 0
Malloc Time: 0.00384

31

 Query: 31 19920101 19971231
Query Prepare Time: 6.21773
 Query Prepare Time using cpu 0.00621486

Query Optimization Time: 1.65274

s_suppkey
sg = 0
Filter Build Kernel time CPU: 0.353344 c_custkey
sg = 0
Filter Build Kernel time CPU: 0.704736 d_datekey
sg = 0
Filter Build Kernel time CPU: 0.014336 Build time 1.16547
Probe Group Kernel time CPU: 181.576706 sg = 0 non demand time = 181.6
Probe time 181.783
Merge time 0.025504
Result:
Res count = 0
Query Execution Time: 183.084
CPU Time: 182.649
GPU Time: 0
Transfer Time: 0
Malloc Time: 0.004064

33

 Query: 33 19920101 19971231
Query Prepare Time: 15.058
 Query Prepare Time using cpu 0.0150437

Query Optimization Time: 1.75923

s_suppkey
sg = 0
Filter Build Kernel time CPU: 0.204800 c_custkey
sg = 0
Filter Build Kernel time CPU: 0.175296 d_datekey
sg = 0
Filter Build Kernel time CPU: 0.014336 Build time 0.475136
Probe Group Kernel time CPU: 62.918655 sg = 0 non demand time = 62.9422
Probe time 63.0192
Merge time 0.169088
Result:
Res count = 0
Query Execution Time: 64.2104
CPU Time: 63.3131
GPU Time: 0
Transfer Time: 0
Malloc Time: 0.005024

34

 Query: 34 19971201 19971231
Query Prepare Time: 10.5535
 Query Prepare Time using cpu 0.0105402

Query Optimization Time: 1.68346

s_suppkey
sg = 0
Filter Build Kernel time CPU: 0.111584 c_custkey
sg = 0
Filter Build Kernel time CPU: 0.174944 d_datekey
sg = 0
Filter Build Kernel time CPU: 0.007168 Build time 0.375744
Probe Group Kernel time CPU: 1.152000 sg = 0 non demand time = 1.16752
Probe time 1.20013
Merge time 0.403744
Result:
Res count = 0
Query Execution Time: 2.45773
CPU Time: 1.4457
GPU Time: 0
Transfer Time: 0
Malloc Time: 0.003168

42

 Query: 42 19970101 19981231
Query Prepare Time: 9.43728
 Query Prepare Time using cpu 0.00943494

Query Optimization Time: 1.67629

s_suppkey
sg = 0
Filter Build Kernel time CPU: 0.169984 c_custkey
sg = 0
Filter Build Kernel time CPU: 0.488448 p_partkey
sg = 0
Filter Build Kernel time CPU: 0.210880 d_datekey
sg = 0
Filter Build Kernel time CPU: 0.010240 Build time 0.987136
Probe Group Kernel time CPU: 52.500481 sg = 0 non demand time = 52.5281
Probe time 52.6029
Merge time 0.015488
Result:
Res count = 0
Query Execution Time: 53.6853
CPU Time: 53.38
GPU Time: 0
Transfer Time: 0
Malloc Time: 0.00304

13

 Query: 13 19940204 19940210
Query Prepare Time: 0.3176
 Query Prepare Time using cpu 0.000315189

Query Optimization Time: 1.66406

d_datekey
sg = 0
Filter Build Kernel time CPU: 0.013312 Build time 0.049248
Filter Probe Aggr Kernel time CPU: 0.289792 sg = 0 non demand time = 0.30224
Probe time 0.331776
Merge time 0.001856
Result:
Res count = 0
Query Execution Time: 0.434656
CPU Time: 0.303104
GPU Time: 0
Transfer Time: 0
Malloc Time: 0.003136

42

 Query: 42 19970101 19981231
Query Prepare Time: 14.7594
 Query Prepare Time using cpu 0.0147567

Query Optimization Time: 1.69267

s_suppkey
sg = 0
Filter Build Kernel time CPU: 0.138016 c_custkey
sg = 0
Filter Build Kernel time CPU: 0.463872 p_partkey
sg = 0
Filter Build Kernel time CPU: 0.196608 d_datekey
sg = 0
Filter Build Kernel time CPU: 0.012288 Build time 0.941056
Probe Group Kernel time CPU: 51.679234 sg = 0 non demand time = 51.6977
Probe time 51.756
Merge time 0.022976
Result:
Res count = 0
Query Execution Time: 52.7919
CPU Time: 52.49
GPU Time: 0
Transfer Time: 0
Malloc Time: 0.004128

42

 Query: 42 19970101 19981231
Query Prepare Time: 12.9235
 Query Prepare Time using cpu 0.0129209

Query Optimization Time: 1.75821

s_suppkey
sg = 0
Filter Build Kernel time CPU: 0.147360 c_custkey
sg = 0
Filter Build Kernel time CPU: 0.413728 p_partkey
sg = 0
Filter Build Kernel time CPU: 0.236544 d_datekey
sg = 0
Filter Build Kernel time CPU: 0.012288 Build time 0.925888
Probe Group Kernel time CPU: 51.072960 sg = 0 non demand time = 51.0996
Probe time 51.2707
Merge time 0.02416
Result:
Res count = 0
Query Execution Time: 52.3991
CPU Time: 51.8829
GPU Time: 0
Transfer Time: 0
Malloc Time: 0.004032

32

 Query: 32 19920101 19971231
Query Prepare Time: 6.37744
 Query Prepare Time using cpu 0.00636363

Query Optimization Time: 1.75616

s_suppkey
sg = 0
Filter Build Kernel time CPU: 0.104448 c_custkey
sg = 0
Filter Build Kernel time CPU: 0.373984 d_datekey
sg = 0
Filter Build Kernel time CPU: 0.019616 Build time 0.598112
Probe Group Kernel time CPU: 94.627838 sg = 0 non demand time = 94.6514
Probe time 94.8244
Merge time 0.16944
Result:
Res count = 0
Query Execution Time: 96.179
CPU Time: 95.1259
GPU Time: 0
Transfer Time: 0
Malloc Time: 0.005184

11

 Query: 11 19930101 19931231
Query Prepare Time: 0.310368
 Query Prepare Time using cpu 0.000307798

Query Optimization Time: 1.68659

d_datekey
sg = 0
Filter Build Kernel time CPU: 0.014272 Build time 0.047104
Filter Probe Aggr Kernel time CPU: 9.788416 sg = 0 non demand time = 9.80787
Probe time 9.86931
Merge time 0.002592
Result:
Res count = 0
Query Execution Time: 9.9735
CPU Time: 9.80269
GPU Time: 0
Transfer Time: 0
Malloc Time: 0.003456

22

 Query: 22 19920101 19981231
Query Prepare Time: 5.99219
 Query Prepare Time using cpu 0.00598955

Query Optimization Time: 1.71418

s_suppkey
sg = 0
Filter Build Kernel time CPU: 0.134144 p_partkey
sg = 0
Filter Build Kernel time CPU: 0.100352 d_datekey
sg = 0
Filter Build Kernel time CPU: 0.014336 Build time 0.32768
Probe Group Kernel time CPU: 97.855614 sg = 0 non demand time = 97.8801
Probe time 97.9456
Merge time 0.0264
Result:
Res count = 0
Query Execution Time: 98.3856
CPU Time: 98.1044
GPU Time: 0
Transfer Time: 0
Malloc Time: 0.004064

13

 Query: 13 19940204 19940210
Query Prepare Time: 0.321344
 Query Prepare Time using cpu 0.000319242

Query Optimization Time: 1.67744

d_datekey
sg = 0
Filter Build Kernel time CPU: 0.010240 Build time 0.041984
Filter Probe Aggr Kernel time CPU: 0.289792 sg = 0 non demand time = 0.303104
Probe time 0.3328
Merge time 0.002016
Result:
Res count = 0
Query Execution Time: 0.428
CPU Time: 0.300032
GPU Time: 0
Transfer Time: 0
Malloc Time: 0.004224

21

 Query: 21 19920101 19981231
Query Prepare Time: 5.46995
 Query Prepare Time using cpu 0.0054667

Query Optimization Time: 1.68858

s_suppkey
sg = 0
Filter Build Kernel time CPU: 0.128000 p_partkey
sg = 0
Filter Build Kernel time CPU: 0.206848 d_datekey
sg = 0
Filter Build Kernel time CPU: 0.009216 Build time 0.502784
Probe Group Kernel time CPU: 102.417633 sg = 0 non demand time = 102.443
Probe time 102.528
Merge time 0.028032
Result:
Res count = 0
Query Execution Time: 103.157
CPU Time: 102.762
GPU Time: 0
Transfer Time: 0
Malloc Time: 0.003072

12

 Query: 12 19940101 19940131
Query Prepare Time: 0.321664
 Query Prepare Time using cpu 0.000319958

Query Optimization Time: 1.67731

d_datekey
sg = 0
Filter Build Kernel time CPU: 0.011264 Build time 0.045056
Filter Probe Aggr Kernel time CPU: 1.095488 sg = 0 non demand time = 1.10797
Probe time 1.14278
Merge time 0.001856
Result:
Res count = 0
Query Execution Time: 1.24774
CPU Time: 1.10675
GPU Time: 0
Transfer Time: 0
Malloc Time: 0.00416

23

 Query: 23 19920101 19981231
Query Prepare Time: 5.23795
 Query Prepare Time using cpu 0.00523496

Query Optimization Time: 1.69578

s_suppkey
sg = 0
Filter Build Kernel time CPU: 0.138240 p_partkey
sg = 0
Filter Build Kernel time CPU: 0.093184 d_datekey
sg = 0
Filter Build Kernel time CPU: 0.014336 Build time 0.320544
Probe Group Kernel time CPU: 94.338051 sg = 0 non demand time = 94.3606
Probe time 94.4425
Merge time 0.018016
Result:
Res count = 0
Query Execution Time: 94.9201
CPU Time: 94.5838
GPU Time: 0
Transfer Time: 0
Malloc Time: 0.004064

12

 Query: 12 19940101 19940131
Query Prepare Time: 0.383168
 Query Prepare Time using cpu 0.000380993

Query Optimization Time: 1.68141

d_datekey
sg = 0
Filter Build Kernel time CPU: 0.015360 Build time 0.08704
Filter Probe Aggr Kernel time CPU: 1.064960 sg = 0 non demand time = 1.08317
Probe time 1.14794
Merge time 0.002112
Result:
Res count = 0
Query Execution Time: 1.39107
CPU Time: 1.08032
GPU Time: 0
Transfer Time: 0
Malloc Time: 0.0032

43

 Query: 43 19970101 19981231
Query Prepare Time: 6.17178
 Query Prepare Time using cpu 0.00611329

Query Optimization Time: 1.85958

s_suppkey
sg = 0
Filter Build Kernel time CPU: 0.106624 c_custkey
sg = 0
Filter Build Kernel time CPU: 0.409600 p_partkey
sg = 0
Filter Build Kernel time CPU: 0.146208 d_datekey
sg = 0
Filter Build Kernel time CPU: 0.011264 Build time 0.809792
Probe Group Kernel time CPU: 29.582336 sg = 0 non demand time = 29.6058
Probe time 29.6653
Merge time 0.472896
Result:
Res count = 0
Query Execution Time: 32.8052
CPU Time: 30.256
GPU Time: 0
Transfer Time: 0
Malloc Time: 0.004608

33

 Query: 33 19920101 19971231
Query Prepare Time: 7.52957
 Query Prepare Time using cpu 0.00751615

Query Optimization Time: 1.77459

s_suppkey
sg = 0
Filter Build Kernel time CPU: 0.123904 c_custkey
sg = 0
Filter Build Kernel time CPU: 0.169984 d_datekey
sg = 0
Filter Build Kernel time CPU: 0.014336 Build time 0.39424
Probe Group Kernel time CPU: 62.924706 sg = 0 non demand time = 62.9515
Probe time 63.1112
Merge time 0.17408
Result:
Res count = 0
Query Execution Time: 64.2173
CPU Time: 63.2329
GPU Time: 0
Transfer Time: 0
Malloc Time: 0.004288

12

 Query: 12 19940101 19940131
Query Prepare Time: 0.321952
 Query Prepare Time using cpu 0.000319004

Query Optimization Time: 1.71622

d_datekey
sg = 0
Filter Build Kernel time CPU: 0.017408 Build time 0.061248
Filter Probe Aggr Kernel time CPU: 1.088512 sg = 0 non demand time = 1.1008
Probe time 1.18048
Merge time 0.002304
Result:
Res count = 0
Query Execution Time: 1.3919
CPU Time: 1.10592
GPU Time: 0
Transfer Time: 0
Malloc Time: 0.003072

43

 Query: 43 19970101 19981231
Query Prepare Time: 13.985
 Query Prepare Time using cpu 0.0139277

Query Optimization Time: 1.71622

s_suppkey
sg = 0
Filter Build Kernel time CPU: 0.113664 c_custkey
sg = 0
Filter Build Kernel time CPU: 0.428160 p_partkey
sg = 0
Filter Build Kernel time CPU: 0.147456 d_datekey
sg = 0
Filter Build Kernel time CPU: 0.012288 Build time 0.811008
Probe Group Kernel time CPU: 29.256704 sg = 0 non demand time = 29.2803
Probe time 29.3624
Merge time 0.474336
Result:
Res count = 0
Query Execution Time: 32.4241
CPU Time: 29.9583
GPU Time: 0
Transfer Time: 0
Malloc Time: 0.00416

41

 Query: 41 19920101 19981231
Query Prepare Time: 10.4219
 Query Prepare Time using cpu 0.0104184

Query Optimization Time: 1.82579

s_suppkey
sg = 0
Filter Build Kernel time CPU: 0.140288 c_custkey
sg = 0
Filter Build Kernel time CPU: 0.435040 p_partkey
sg = 0
Filter Build Kernel time CPU: 0.200704 d_datekey
sg = 0
Filter Build Kernel time CPU: 0.014336 Build time 0.90624
Probe Group Kernel time CPU: 221.409286 sg = 0 non demand time = 221.438
Probe time 221.606
Merge time 0.005216
Result:
Res count = 0
Query Execution Time: 222.588
CPU Time: 222.2
GPU Time: 0
Transfer Time: 0
Malloc Time: 0.004672

23

 Query: 23 19920101 19981231
Query Prepare Time: 5.78842
 Query Prepare Time using cpu 0.00578356

Query Optimization Time: 1.7879

s_suppkey
sg = 0
Filter Build Kernel time CPU: 0.148480 p_partkey
sg = 0
Filter Build Kernel time CPU: 0.093408 d_datekey
sg = 0
Filter Build Kernel time CPU: 0.014304 Build time 0.362496
Probe Group Kernel time CPU: 94.311424 sg = 0 non demand time = 94.3352
Probe time 94.4159
Merge time 0.030368
Result:
Res count = 0
Query Execution Time: 94.8851
CPU Time: 94.5676
GPU Time: 0
Transfer Time: 0
Malloc Time: 0.00448

41

 Query: 41 19920101 19981231
Query Prepare Time: 6.03165
 Query Prepare Time using cpu 0.00602818

Query Optimization Time: 1.82682

s_suppkey
sg = 0
Filter Build Kernel time CPU: 0.149312 c_custkey
sg = 0
Filter Build Kernel time CPU: 0.448512 p_partkey
sg = 0
Filter Build Kernel time CPU: 0.243712 d_datekey
sg = 0
Filter Build Kernel time CPU: 0.015296 Build time 0.979968
Probe Group Kernel time CPU: 221.022400 sg = 0 non demand time = 221.052
Probe time 221.15
Merge time 0.006368
Result:
Res count = 0
Query Execution Time: 222.22
CPU Time: 221.879
GPU Time: 0
Transfer Time: 0
Malloc Time: 0.00432

43

 Query: 43 19970101 19981231
Query Prepare Time: 20.3452
 Query Prepare Time using cpu 0.0202878

Query Optimization Time: 1.80224

s_suppkey
sg = 0
Filter Build Kernel time CPU: 0.165888 c_custkey
sg = 0
Filter Build Kernel time CPU: 0.504672 p_partkey
sg = 0
Filter Build Kernel time CPU: 0.131072 d_datekey
sg = 0
Filter Build Kernel time CPU: 0.012320 Build time 0.948224
Probe Group Kernel time CPU: 29.578239 sg = 0 non demand time = 29.6028
Probe time 29.6827
Merge time 0.443872
Result:
Res count = 0
Query Execution Time: 32.8435
CPU Time: 30.3922
GPU Time: 0
Transfer Time: 0
Malloc Time: 0.00448

33

 Query: 33 19920101 19971231
Query Prepare Time: 14.5636
 Query Prepare Time using cpu 0.0145516

Query Optimization Time: 1.78893

s_suppkey
sg = 0
Filter Build Kernel time CPU: 0.116736 c_custkey
sg = 0
Filter Build Kernel time CPU: 0.171008 d_datekey
sg = 0
Filter Build Kernel time CPU: 0.025600 Build time 0.400384
Probe Group Kernel time CPU: 63.499264 sg = 0 non demand time = 63.5289
Probe time 63.7071
Merge time 0.165216
Result:
Res count = 0
Query Execution Time: 64.8304
CPU Time: 63.8126
GPU Time: 0
Transfer Time: 0
Malloc Time: 0.005408

42

 Query: 42 19970101 19981231
Query Prepare Time: 7.45139
 Query Prepare Time using cpu 0.00744843

Query Optimization Time: 1.7961

s_suppkey
sg = 0
Filter Build Kernel time CPU: 0.123904 c_custkey
sg = 0
Filter Build Kernel time CPU: 0.371584 p_partkey
sg = 0
Filter Build Kernel time CPU: 0.228352 d_datekey
sg = 0
Filter Build Kernel time CPU: 0.012288 Build time 0.847872
Probe Group Kernel time CPU: 52.096958 sg = 0 non demand time = 52.1266
Probe time 52.2117
Merge time 0.018496
Result:
Res count = 0
Query Execution Time: 53.155
CPU Time: 52.8331
GPU Time: 0
Transfer Time: 0
Malloc Time: 0.00304

22

 Query: 22 19920101 19981231
Query Prepare Time: 5.83443
 Query Prepare Time using cpu 0.00583076

Query Optimization Time: 1.77962

s_suppkey
sg = 0
Filter Build Kernel time CPU: 0.131904 p_partkey
sg = 0
Filter Build Kernel time CPU: 0.101376 d_datekey
sg = 0
Filter Build Kernel time CPU: 0.013504 Build time 0.334752
Probe Group Kernel time CPU: 97.656799 sg = 0 non demand time = 97.6824
Probe time 97.7654
Merge time 0.014432
Result:
Res count = 0
Query Execution Time: 98.2392
CPU Time: 97.9036
GPU Time: 0
Transfer Time: 0
Malloc Time: 0.004224

12

 Query: 12 19940101 19940131
Query Prepare Time: 0.339552
 Query Prepare Time using cpu 0.000337362

Query Optimization Time: 1.68346

d_datekey
sg = 0
Filter Build Kernel time CPU: 0.014560 Build time 0.048992
Filter Probe Aggr Kernel time CPU: 1.081344 sg = 0 non demand time = 1.0967
Probe time 1.13565
Merge time 0.002112
Result:
Res count = 0
Query Execution Time: 1.24726
CPU Time: 1.0959
GPU Time: 0
Transfer Time: 0
Malloc Time: 0.003136

43

 Query: 43 19970101 19981231
Query Prepare Time: 5.88563
 Query Prepare Time using cpu 0.0058279

Query Optimization Time: 1.68858

s_suppkey
sg = 0
Filter Build Kernel time CPU: 0.101440 c_custkey
sg = 0
Filter Build Kernel time CPU: 0.375808 p_partkey
sg = 0
Filter Build Kernel time CPU: 0.168032 d_datekey
sg = 0
Filter Build Kernel time CPU: 0.012288 Build time 0.763968
Probe Group Kernel time CPU: 29.657057 sg = 0 non demand time = 29.6796
Probe time 29.7566
Merge time 0.466784
Result:
Res count = 0
Query Execution Time: 32.7539
CPU Time: 30.3146
GPU Time: 0
Transfer Time: 0
Malloc Time: 0.004032

32

 Query: 32 19920101 19971231
Query Prepare Time: 13.5899
 Query Prepare Time using cpu 0.0135767

Query Optimization Time: 1.80438

s_suppkey
sg = 0
Filter Build Kernel time CPU: 0.119968 c_custkey
sg = 0
Filter Build Kernel time CPU: 0.374784 d_datekey
sg = 0
Filter Build Kernel time CPU: 0.017248 Build time 0.605184
Probe Group Kernel time CPU: 95.012924 sg = 0 non demand time = 95.0393
Probe time 95.1266
Merge time 0.181536
Result:
Res count = 0
Query Execution Time: 96.4036
CPU Time: 95.5249
GPU Time: 0
Transfer Time: 0
Malloc Time: 0.003936

34

 Query: 34 19971201 19971231
Query Prepare Time: 15.9015
 Query Prepare Time using cpu 0.0158885

Query Optimization Time: 1.74093

s_suppkey
sg = 0
Filter Build Kernel time CPU: 0.110752 c_custkey
sg = 0
Filter Build Kernel time CPU: 0.188416 d_datekey
sg = 0
Filter Build Kernel time CPU: 0.009216 Build time 0.397312
Probe Group Kernel time CPU: 1.485824 sg = 0 non demand time = 1.49606
Probe time 1.53805
Merge time 0.200576
Result:
Res count = 0
Query Execution Time: 2.61504
CPU Time: 1.79421
GPU Time: 0
Transfer Time: 0
Malloc Time: 0.003168

41

 Query: 41 19920101 19981231
Query Prepare Time: 9.45046
 Query Prepare Time using cpu 0.00944781

Query Optimization Time: 1.76845

s_suppkey
sg = 0
Filter Build Kernel time CPU: 0.178176 c_custkey
sg = 0
Filter Build Kernel time CPU: 0.509952 p_partkey
sg = 0
Filter Build Kernel time CPU: 0.204800 d_datekey
sg = 0
Filter Build Kernel time CPU: 0.013408 Build time 1.01792
Probe Group Kernel time CPU: 224.467804 sg = 0 non demand time = 224.49
Probe time 224.66
Merge time 0.00464
Result:
Res count = 0
Query Execution Time: 225.747
CPU Time: 225.374
GPU Time: 0
Transfer Time: 0
Malloc Time: 0.002848

11

 Query: 11 19930101 19931231
Query Prepare Time: 0.321024
 Query Prepare Time using cpu 0.000318766

Query Optimization Time: 1.71734

d_datekey
sg = 0
Filter Build Kernel time CPU: 0.019520 Build time 0.053472
Filter Probe Aggr Kernel time CPU: 10.133728 sg = 0 non demand time = 10.1532
Probe time 10.2103
Merge time 0.002016
Result:
Res count = 0
Query Execution Time: 10.3299
CPU Time: 10.1532
GPU Time: 0
Transfer Time: 0
Malloc Time: 0.003712

22

 Query: 22 19920101 19981231
Query Prepare Time: 4.89037
 Query Prepare Time using cpu 0.00488687

Query Optimization Time: 1.80333

s_suppkey
sg = 0
Filter Build Kernel time CPU: 0.127904 p_partkey
sg = 0
Filter Build Kernel time CPU: 0.103424 d_datekey
sg = 0
Filter Build Kernel time CPU: 0.014496 Build time 0.41488
Probe Group Kernel time CPU: 97.712128 sg = 0 non demand time = 97.7379
Probe time 97.9181
Merge time 0.021952
Result:
Res count = 0
Query Execution Time: 98.5265
CPU Time: 97.958
GPU Time: 0
Transfer Time: 0
Malloc Time: 0.004448

32

 Query: 32 19920101 19971231
Query Prepare Time: 1.45648
 Query Prepare Time using cpu 0.00144291

Query Optimization Time: 1.79302

s_suppkey
sg = 0
Filter Build Kernel time CPU: 0.110592 c_custkey
sg = 0
Filter Build Kernel time CPU: 0.359296 d_datekey
sg = 0
Filter Build Kernel time CPU: 0.018432 Build time 0.57952
Probe Group Kernel time CPU: 95.142685 sg = 0 non demand time = 95.1767
Probe time 95.3526
Merge time 0.169664
Result:
Res count = 0
Query Execution Time: 96.5941
CPU Time: 95.631
GPU Time: 0
Transfer Time: 0
Malloc Time: 0.003232

11

 Query: 11 19930101 19931231
Query Prepare Time: 0.323616
 Query Prepare Time using cpu 0.000320911

Query Optimization Time: 1.69062

d_datekey
sg = 0
Filter Build Kernel time CPU: 0.015136 Build time 0.050368
Filter Probe Aggr Kernel time CPU: 9.805824 sg = 0 non demand time = 9.8263
Probe time 9.89594
Merge time 0.00384
Result:
Res count = 0
Query Execution Time: 10.0157
CPU Time: 9.82096
GPU Time: 0
Transfer Time: 0
Malloc Time: 0.004288

33

 Query: 33 19920101 19971231
Query Prepare Time: 5.77782
 Query Prepare Time using cpu 0.00576353

Query Optimization Time: 1.79075

s_suppkey
sg = 0
Filter Build Kernel time CPU: 0.106304 c_custkey
sg = 0
Filter Build Kernel time CPU: 0.169984 d_datekey
sg = 0
Filter Build Kernel time CPU: 0.016384 Build time 0.392192
Probe Group Kernel time CPU: 62.760063 sg = 0 non demand time = 62.7876
Probe time 62.9606
Merge time 0.167264
Result:
Res count = 0
Query Execution Time: 64.0148
CPU Time: 63.0527
GPU Time: 0
Transfer Time: 0
Malloc Time: 0.003008

32

 Query: 32 19920101 19971231
Query Prepare Time: 9.6599
 Query Prepare Time using cpu 0.00964713

Query Optimization Time: 1.77648

s_suppkey
sg = 0
Filter Build Kernel time CPU: 0.119808 c_custkey
sg = 0
Filter Build Kernel time CPU: 0.353280 d_datekey
sg = 0
Filter Build Kernel time CPU: 0.019456 Build time 0.636928
Probe Group Kernel time CPU: 95.040672 sg = 0 non demand time = 95.0682
Probe time 95.2422
Merge time 0.167072
Result:
Res count = 0
Query Execution Time: 96.6322
CPU Time: 95.5332
GPU Time: 0
Transfer Time: 0
Malloc Time: 0.004128

11

 Query: 11 19930101 19931231
Query Prepare Time: 0.37344
 Query Prepare Time using cpu 0.000370741

Query Optimization Time: 1.69984

d_datekey
sg = 0
Filter Build Kernel time CPU: 0.015360 Build time 0.052224
Filter Probe Aggr Kernel time CPU: 9.766912 sg = 0 non demand time = 9.78835
Probe time 9.95331
Merge time 0.003392
Result:
Res count = 0
Query Execution Time: 10.1465
CPU Time: 9.78227
GPU Time: 0
Transfer Time: 0
Malloc Time: 0.003296

13

 Query: 13 19940204 19940210
Query Prepare Time: 0.111008
 Query Prepare Time using cpu 0.00010848

Query Optimization Time: 1.67117

d_datekey
sg = 0
Filter Build Kernel time CPU: 0.012288 Build time 0.04096
Filter Probe Aggr Kernel time CPU: 0.296960 sg = 0 non demand time = 0.312256
Probe time 0.385024
Merge time 0.002464
Result:
Res count = 0
Query Execution Time: 0.54496
CPU Time: 0.309248
GPU Time: 0
Transfer Time: 0
Malloc Time: 0.004064

34

 Query: 34 19971201 19971231
Query Prepare Time: 10.3575
 Query Prepare Time using cpu 0.0103447

Query Optimization Time: 1.66298

s_suppkey
sg = 0
Filter Build Kernel time CPU: 0.105472 c_custkey
sg = 0
Filter Build Kernel time CPU: 0.171936 d_datekey
sg = 0
Filter Build Kernel time CPU: 0.008192 Build time 0.443392
Probe Group Kernel time CPU: 1.141760 sg = 0 non demand time = 1.15302
Probe time 1.22144
Merge time 0.196064
Result:
Res count = 0
Query Execution Time: 2.43069
CPU Time: 1.42736
GPU Time: 0
Transfer Time: 0
Malloc Time: 0.004224

31

 Query: 31 19920101 19971231
Query Prepare Time: 4.15194
 Query Prepare Time using cpu 0.00414824

Query Optimization Time: 1.6865

s_suppkey
sg = 0
Filter Build Kernel time CPU: 0.136352 c_custkey
sg = 0
Filter Build Kernel time CPU: 0.472032 d_datekey
sg = 0
Filter Build Kernel time CPU: 0.014464 Build time 0.70656
Probe Group Kernel time CPU: 180.322311 sg = 0 non demand time = 180.354
Probe time 180.559
Merge time 0.026208
Result:
Res count = 0
Query Execution Time: 181.369
CPU Time: 180.945
GPU Time: 0
Transfer Time: 0
Malloc Time: 0.004352

32

 Query: 32 19920101 19971231
Query Prepare Time: 13.3452
 Query Prepare Time using cpu 0.0133309

Query Optimization Time: 1.7888

s_suppkey
sg = 0
Filter Build Kernel time CPU: 0.117760 c_custkey
sg = 0
Filter Build Kernel time CPU: 0.366592 d_datekey
sg = 0
Filter Build Kernel time CPU: 0.018432 Build time 0.599872
Probe Group Kernel time CPU: 95.027199 sg = 0 non demand time = 95.0508
Probe time 95.1972
Merge time 0.16752
Result:
Res count = 0
Query Execution Time: 96.5204
CPU Time: 95.53
GPU Time: 0
Transfer Time: 0
Malloc Time: 0.004768

11

 Query: 11 19930101 19931231
Query Prepare Time: 0.332608
 Query Prepare Time using cpu 0.00033021

Query Optimization Time: 1.70803

d_datekey
sg = 0
Filter Build Kernel time CPU: 0.019456 Build time 0.057568
Filter Probe Aggr Kernel time CPU: 10.040320 sg = 0 non demand time = 10.0587
Probe time 10.1203
Merge time 0.00336
Result:
Res count = 0
Query Execution Time: 10.2452
CPU Time: 10.0598
GPU Time: 0
Transfer Time: 0
Malloc Time: 0.005184

33

 Query: 33 19920101 19971231
Query Prepare Time: 8.51706
 Query Prepare Time using cpu 0.00850248

Query Optimization Time: 1.77578

s_suppkey
sg = 0
Filter Build Kernel time CPU: 0.105472 c_custkey
sg = 0
Filter Build Kernel time CPU: 0.172032 d_datekey
sg = 0
Filter Build Kernel time CPU: 0.015296 Build time 0.375808
Probe Group Kernel time CPU: 63.335423 sg = 0 non demand time = 63.3671
Probe time 63.446
Merge time 0.16752
Result:
Res count = 0
Query Execution Time: 64.5647
CPU Time: 63.6282
GPU Time: 0
Transfer Time: 0
Malloc Time: 0.0032

43

 Query: 43 19970101 19981231
Query Prepare Time: 7.74723
 Query Prepare Time using cpu 0.00768828

Query Optimization Time: 1.79014

s_suppkey
sg = 0
Filter Build Kernel time CPU: 0.108576 c_custkey
sg = 0
Filter Build Kernel time CPU: 0.364544 p_partkey
sg = 0
Filter Build Kernel time CPU: 0.142336 d_datekey
sg = 0
Filter Build Kernel time CPU: 0.012288 Build time 0.740352
Probe Group Kernel time CPU: 29.639681 sg = 0 non demand time = 29.6602
Probe time 29.7288
Merge time 0.484736
Result:
Res count = 0
Query Execution Time: 32.7242
CPU Time: 30.2674
GPU Time: 0
Transfer Time: 0
Malloc Time: 0.002976

21

 Query: 21 19920101 19981231
Query Prepare Time: 5.61946
 Query Prepare Time using cpu 0.00561595

Query Optimization Time: 1.80845

s_suppkey
sg = 0
Filter Build Kernel time CPU: 0.433312 p_partkey
sg = 0
Filter Build Kernel time CPU: 0.202592 d_datekey
sg = 0
Filter Build Kernel time CPU: 0.011264 Build time 0.787424
Probe Group Kernel time CPU: 102.352989 sg = 0 non demand time = 102.375
Probe time 102.443
Merge time 0.025472
Result:
Res count = 0
Query Execution Time: 103.361
CPU Time: 103
GPU Time: 0
Transfer Time: 0
Malloc Time: 0.004064

32

 Query: 32 19920101 19971231
Query Prepare Time: 2.34054
 Query Prepare Time using cpu 0.00232673

Query Optimization Time: 1.80122

s_suppkey
sg = 0
Filter Build Kernel time CPU: 0.103424 c_custkey
sg = 0
Filter Build Kernel time CPU: 0.366816 d_datekey
sg = 0
Filter Build Kernel time CPU: 0.014272 Build time 0.570368
Probe Group Kernel time CPU: 94.764030 sg = 0 non demand time = 94.7917
Probe time 94.9688
Merge time 0.168576
Result:
Res count = 0
Query Execution Time: 96.2698
CPU Time: 95.2485
GPU Time: 0
Transfer Time: 0
Malloc Time: 0.004704

34

 Query: 34 19971201 19971231
Query Prepare Time: 14.5378
 Query Prepare Time using cpu 0.0145168

Query Optimization Time: 1.72646

s_suppkey
sg = 0
Filter Build Kernel time CPU: 0.101472 c_custkey
sg = 0
Filter Build Kernel time CPU: 0.166912 d_datekey
sg = 0
Filter Build Kernel time CPU: 0.007168 Build time 0.4096
Probe Group Kernel time CPU: 1.144768 sg = 0 non demand time = 1.15712
Probe time 1.22675
Merge time 0.20336
Result:
Res count = 0
Query Execution Time: 2.42272
CPU Time: 1.42032
GPU Time: 0
Transfer Time: 0
Malloc Time: 0.00416

32

 Query: 32 19920101 19971231
Query Prepare Time: 3.84589
 Query Prepare Time using cpu 0.00383282

Query Optimization Time: 1.6887

s_suppkey
sg = 0
Filter Build Kernel time CPU: 0.115936 c_custkey
sg = 0
Filter Build Kernel time CPU: 0.346112 d_datekey
sg = 0
Filter Build Kernel time CPU: 0.019392 Build time 0.566272
Probe Group Kernel time CPU: 94.703453 sg = 0 non demand time = 94.7344
Probe time 94.8133
Merge time 0.171904
Result:
Res count = 0
Query Execution Time: 96.0488
CPU Time: 95.1849
GPU Time: 0
Transfer Time: 0
Malloc Time: 0.003872

31

 Query: 31 19920101 19971231
Query Prepare Time: 15.2544
 Query Prepare Time using cpu 0.0152512

Query Optimization Time: 1.79405

s_suppkey
sg = 0
Filter Build Kernel time CPU: 0.138176 c_custkey
sg = 0
Filter Build Kernel time CPU: 0.598240 d_datekey
sg = 0
Filter Build Kernel time CPU: 0.014336 Build time 0.849984
Probe Group Kernel time CPU: 180.197372 sg = 0 non demand time = 180.222
Probe time 180.3
Merge time 0.031008
Result:
Res count = 0
Query Execution Time: 181.256
CPU Time: 180.948
GPU Time: 0
Transfer Time: 0
Malloc Time: 0.003136

31

 Query: 31 19920101 19971231
Query Prepare Time: 9.38531
 Query Prepare Time using cpu 0.00938177

Query Optimization Time: 1.75709

s_suppkey
sg = 0
Filter Build Kernel time CPU: 0.152576 c_custkey
sg = 0
Filter Build Kernel time CPU: 0.500672 d_datekey
sg = 0
Filter Build Kernel time CPU: 0.017536 Build time 0.789504
Probe Group Kernel time CPU: 180.221954 sg = 0 non demand time = 180.248
Probe time 180.43
Merge time 0.025664
Result:
Res count = 0
Query Execution Time: 181.374
CPU Time: 180.893
GPU Time: 0
Transfer Time: 0
Malloc Time: 0.003776

43

 Query: 43 19970101 19981231
Query Prepare Time: 11.3769
 Query Prepare Time using cpu 0.0113199

Query Optimization Time: 1.78154

s_suppkey
sg = 0
Filter Build Kernel time CPU: 0.124928 c_custkey
sg = 0
Filter Build Kernel time CPU: 0.478208 p_partkey
sg = 0
Filter Build Kernel time CPU: 0.156672 d_datekey
sg = 0
Filter Build Kernel time CPU: 0.013312 Build time 0.999424
Probe Group Kernel time CPU: 28.896255 sg = 0 non demand time = 28.9208
Probe time 29.0806
Merge time 0.508256
Result:
Res count = 0
Query Execution Time: 32.4588
CPU Time: 29.6694
GPU Time: 0
Transfer Time: 0
Malloc Time: 0.003264

31

 Query: 31 19920101 19971231
Query Prepare Time: 12.7026
 Query Prepare Time using cpu 0.0126994

Query Optimization Time: 1.79712

s_suppkey
sg = 0
Filter Build Kernel time CPU: 0.136192 c_custkey
sg = 0
Filter Build Kernel time CPU: 0.496640 d_datekey
sg = 0
Filter Build Kernel time CPU: 0.013312 Build time 0.751616
Probe Group Kernel time CPU: 180.458496 sg = 0 non demand time = 180.486
Probe time 180.653
Merge time 0.02688
Result:
Res count = 0
Query Execution Time: 181.538
CPU Time: 181.105
GPU Time: 0
Transfer Time: 0
Malloc Time: 0.00432

32

 Query: 32 19920101 19971231
Query Prepare Time: 6.73408
 Query Prepare Time using cpu 0.00672102

Query Optimization Time: 1.74285

s_suppkey
sg = 0
Filter Build Kernel time CPU: 0.106496 c_custkey
sg = 0
Filter Build Kernel time CPU: 0.352256 d_datekey
sg = 0
Filter Build Kernel time CPU: 0.018528 Build time 0.664576
Probe Group Kernel time CPU: 94.396416 sg = 0 non demand time = 94.423
Probe time 94.6012
Merge time 0.172512
Result:
Res count = 0
Query Execution Time: 96.0139
CPU Time: 94.8737
GPU Time: 0
Transfer Time: 0
Malloc Time: 0.004992

34

 Query: 34 19971201 19971231
Query Prepare Time: 16.2331
 Query Prepare Time using cpu 0.0162196

Query Optimization Time: 1.74698

s_suppkey
sg = 0
Filter Build Kernel time CPU: 0.128000 c_custkey
sg = 0
Filter Build Kernel time CPU: 0.170976 d_datekey
sg = 0
Filter Build Kernel time CPU: 0.008192 Build time 0.39936
Probe Group Kernel time CPU: 1.126400 sg = 0 non demand time = 1.14074
Probe time 1.17043
Merge time 0.197408
Result:
Res count = 0
Query Execution Time: 2.24736
CPU Time: 1.43357
GPU Time: 0
Transfer Time: 0
Malloc Time: 0.003968

22

 Query: 22 19920101 19981231
Query Prepare Time: 4.31418
 Query Prepare Time using cpu 0.00431108

Query Optimization Time: 1.71328

s_suppkey
sg = 0
Filter Build Kernel time CPU: 0.164864 p_partkey
sg = 0
Filter Build Kernel time CPU: 0.130016 d_datekey
sg = 0
Filter Build Kernel time CPU: 0.018624 Build time 0.393216
Probe Group Kernel time CPU: 98.201599 sg = 0 non demand time = 98.2241
Probe time 98.3205
Merge time 0.032768
Result:
Res count = 0
Query Execution Time: 98.8238
CPU Time: 98.5151
GPU Time: 0
Transfer Time: 0
Malloc Time: 0.003808

43

 Query: 43 19970101 19981231
Query Prepare Time: 6.87302
 Query Prepare Time using cpu 0.00681591

Query Optimization Time: 1.792

s_suppkey
sg = 0
Filter Build Kernel time CPU: 0.101568 c_custkey
sg = 0
Filter Build Kernel time CPU: 0.424960 p_partkey
sg = 0
Filter Build Kernel time CPU: 0.152544 d_datekey
sg = 0
Filter Build Kernel time CPU: 0.011264 Build time 0.964608
Probe Group Kernel time CPU: 29.609888 sg = 0 non demand time = 29.6367
Probe time 29.826
Merge time 0.688416
Result:
Res count = 0
Query Execution Time: 33.2844
CPU Time: 30.3002
GPU Time: 0
Transfer Time: 0
Malloc Time: 0.0032

42

 Query: 42 19970101 19981231
Query Prepare Time: 15.8028
 Query Prepare Time using cpu 0.0157995

Query Optimization Time: 1.81248

s_suppkey
sg = 0
Filter Build Kernel time CPU: 0.135168 c_custkey
sg = 0
Filter Build Kernel time CPU: 0.422912 p_partkey
sg = 0
Filter Build Kernel time CPU: 0.186368 d_datekey
sg = 0
Filter Build Kernel time CPU: 0.011264 Build time 0.88688
Probe Group Kernel time CPU: 51.904510 sg = 0 non demand time = 51.9303
Probe time 52.0141
Merge time 0.016064
Result:
Res count = 0
Query Execution Time: 52.9992
CPU Time: 52.6602
GPU Time: 0
Transfer Time: 0
Malloc Time: 0.00448

21

 Query: 21 19920101 19981231
Query Prepare Time: 5.86774
 Query Prepare Time using cpu 0.00586295

Query Optimization Time: 1.81043

s_suppkey
sg = 0
Filter Build Kernel time CPU: 0.143360 p_partkey
sg = 0
Filter Build Kernel time CPU: 0.151520 d_datekey
sg = 0
Filter Build Kernel time CPU: 0.009216 Build time 0.475936
Probe Group Kernel time CPU: 101.982208 sg = 0 non demand time = 102.014
Probe time 102.203
Merge time 0.029952
Result:
Res count = 0
Query Execution Time: 102.877
CPU Time: 102.286
GPU Time: 0
Transfer Time: 0
Malloc Time: 0.004416

33

 Query: 33 19920101 19971231
Query Prepare Time: 2.28026
 Query Prepare Time using cpu 0.00226593

Query Optimization Time: 1.81555

s_suppkey
sg = 0
Filter Build Kernel time CPU: 0.111808 c_custkey
sg = 0
Filter Build Kernel time CPU: 0.165888 d_datekey
sg = 0
Filter Build Kernel time CPU: 0.013312 Build time 0.46592
Probe Group Kernel time CPU: 62.885761 sg = 0 non demand time = 62.9094
Probe time 63.0875
Merge time 0.16864
Result:
Res count = 0
Query Execution Time: 64.3312
CPU Time: 63.1768
GPU Time: 0
Transfer Time: 0
Malloc Time: 0.003328

34

 Query: 34 19971201 19971231
Query Prepare Time: 15.408
 Query Prepare Time using cpu 0.0153954

Query Optimization Time: 1.76538

s_suppkey
sg = 0
Filter Build Kernel time CPU: 0.117696 c_custkey
sg = 0
Filter Build Kernel time CPU: 0.170816 d_datekey
sg = 0
Filter Build Kernel time CPU: 0.009216 Build time 0.390144
Probe Group Kernel time CPU: 1.145856 sg = 0 non demand time = 1.17453
Probe time 1.21059
Merge time 0.199488
Result:
Res count = 0
Query Execution Time: 2.28285
CPU Time: 1.44358
GPU Time: 0
Transfer Time: 0
Malloc Time: 0.003296

12

 Query: 12 19940101 19940131
Query Prepare Time: 0.220032
 Query Prepare Time using cpu 0.000217438

Query Optimization Time: 1.62819

d_datekey
sg = 0
Filter Build Kernel time CPU: 0.015360 Build time 0.0512
Filter Probe Aggr Kernel time CPU: 1.172448 sg = 0 non demand time = 1.18477
Probe time 1.22266
Merge time 0.002176
Result:
Res count = 0
Query Execution Time: 1.33034
CPU Time: 1.18781
GPU Time: 0
Transfer Time: 0
Malloc Time: 0.003264

41

 Query: 41 19920101 19981231
Query Prepare Time: 7.35091
 Query Prepare Time using cpu 0.00734758

Query Optimization Time: 1.73363

s_suppkey
sg = 0
Filter Build Kernel time CPU: 0.150528 c_custkey
sg = 0
Filter Build Kernel time CPU: 0.468896 p_partkey
sg = 0
Filter Build Kernel time CPU: 0.238432 d_datekey
sg = 0
Filter Build Kernel time CPU: 0.013152 Build time 0.99104
Probe Group Kernel time CPU: 222.868484 sg = 0 non demand time = 222.894
Probe time 223.029
Merge time 0.006432
Result:
Res count = 0
Query Execution Time: 224.109
CPU Time: 223.739
GPU Time: 0
Transfer Time: 0
Malloc Time: 0.003456

11

 Query: 11 19930101 19931231
Query Prepare Time: 0.329984
 Query Prepare Time using cpu 0.000327349

Query Optimization Time: 1.73056

d_datekey
sg = 0
Filter Build Kernel time CPU: 0.018528 Build time 0.057344
Filter Probe Aggr Kernel time CPU: 10.039296 sg = 0 non demand time = 10.0577
Probe time 10.1161
Merge time 0.003104
Result:
Res count = 0
Query Execution Time: 10.2377
CPU Time: 10.0578
GPU Time: 0
Transfer Time: 0
Malloc Time: 0.00384

41

 Query: 41 19920101 19981231
Query Prepare Time: 14.8185
 Query Prepare Time using cpu 0.0148156

Query Optimization Time: 1.84134

s_suppkey
sg = 0
Filter Build Kernel time CPU: 0.138048 c_custkey
sg = 0
Filter Build Kernel time CPU: 0.493408 p_partkey
sg = 0
Filter Build Kernel time CPU: 0.207648 d_datekey
sg = 0
Filter Build Kernel time CPU: 0.014464 Build time 0.997376
Probe Group Kernel time CPU: 222.396545 sg = 0 non demand time = 222.423
Probe time 222.609
Merge time 0.00608
Result:
Res count = 0
Query Execution Time: 223.686
CPU Time: 223.25
GPU Time: 0
Transfer Time: 0
Malloc Time: 0.004256

41

 Query: 41 19920101 19981231
Query Prepare Time: 12.1347
 Query Prepare Time using cpu 0.0121307

Query Optimization Time: 1.85651

s_suppkey
sg = 0
Filter Build Kernel time CPU: 0.146432 c_custkey
sg = 0
Filter Build Kernel time CPU: 0.432128 p_partkey
sg = 0
Filter Build Kernel time CPU: 0.219136 d_datekey
sg = 0
Filter Build Kernel time CPU: 0.014528 Build time 0.944288
Probe Group Kernel time CPU: 220.897278 sg = 0 non demand time = 220.923
Probe time 221.072
Merge time 0.006304
Result:
Res count = 0
Query Execution Time: 222.099
CPU Time: 221.71
GPU Time: 0
Transfer Time: 0
Malloc Time: 0.003296

41

 Query: 41 19920101 19981231
Query Prepare Time: 13.8234
 Query Prepare Time using cpu 0.0138202

Query Optimization Time: 1.86675

s_suppkey
sg = 0
Filter Build Kernel time CPU: 0.153600 c_custkey
sg = 0
Filter Build Kernel time CPU: 0.512000 p_partkey
sg = 0
Filter Build Kernel time CPU: 0.224128 d_datekey
sg = 0
Filter Build Kernel time CPU: 0.014464 Build time 1.02083
Probe Group Kernel time CPU: 221.130722 sg = 0 non demand time = 221.151
Probe time 221.23
Merge time 0.005472
Result:
Res count = 0
Query Execution Time: 222.325
CPU Time: 222.035
GPU Time: 0
Transfer Time: 0
Malloc Time: 0.005344

31

 Query: 31 19920101 19971231
Query Prepare Time: 6.8065
 Query Prepare Time using cpu 0.0068028

Query Optimization Time: 1.80019

s_suppkey
sg = 0
Filter Build Kernel time CPU: 1.324032 c_custkey
sg = 0
Filter Build Kernel time CPU: 0.874560 d_datekey
sg = 0
Filter Build Kernel time CPU: 0.015360 Build time 2.36646
Probe Group Kernel time CPU: 180.959229 sg = 0 non demand time = 180.984
Probe time 181.143
Merge time 0.027968
Result:
Res count = 0
Query Execution Time: 183.704
CPU Time: 183.173
GPU Time: 0
Transfer Time: 0
Malloc Time: 0.003552

41

 Query: 41 19920101 19981231
Query Prepare Time: 15.7154
 Query Prepare Time using cpu 0.0157115

Query Optimization Time: 1.89856

s_suppkey
sg = 0
Filter Build Kernel time CPU: 0.137184 c_custkey
sg = 0
Filter Build Kernel time CPU: 0.567360 p_partkey
sg = 0
Filter Build Kernel time CPU: 0.220160 d_datekey
sg = 0
Filter Build Kernel time CPU: 0.015360 Build time 1.06195
Probe Group Kernel time CPU: 223.150085 sg = 0 non demand time = 223.176
Probe time 223.383
Merge time 0.006368
Result:
Res count = 0
Query Execution Time: 224.536
CPU Time: 224.09
GPU Time: 0
Transfer Time: 0
Malloc Time: 0.004576

12

 Query: 12 19940101 19940131
Query Prepare Time: 0.3312
 Query Prepare Time using cpu 0.000328779

Query Optimization Time: 1.7152

d_datekey
sg = 0
Filter Build Kernel time CPU: 0.017408 Build time 0.05632
Filter Probe Aggr Kernel time CPU: 1.184800 sg = 0 non demand time = 1.19808
Probe time 1.23597
Merge time 0.002272
Result:
Res count = 0
Query Execution Time: 1.35354
CPU Time: 1.20221
GPU Time: 0
Transfer Time: 0
Malloc Time: 0.003968

13

 Query: 13 19940204 19940210
Query Prepare Time: 0.120416
 Query Prepare Time using cpu 0.00011754

Query Optimization Time: 1.62509

d_datekey
sg = 0
Filter Build Kernel time CPU: 0.015328 Build time 0.047968
Filter Probe Aggr Kernel time CPU: 0.289728 sg = 0 non demand time = 0.305152
Probe time 0.333824
Merge time 0.00176
Result:
Res count = 0
Query Execution Time: 0.445632
CPU Time: 0.305056
GPU Time: 0
Transfer Time: 0
Malloc Time: 0.00464

22

 Query: 22 19920101 19981231
Query Prepare Time: 5.20419
 Query Prepare Time using cpu 0.00520039

Query Optimization Time: 1.68144

s_suppkey
sg = 0
Filter Build Kernel time CPU: 0.133120 p_partkey
sg = 0
Filter Build Kernel time CPU: 0.101376 d_datekey
sg = 0
Filter Build Kernel time CPU: 0.013312 Build time 0.3328
Probe Group Kernel time CPU: 97.808449 sg = 0 non demand time = 97.8309
Probe time 97.9028
Merge time 0.034208
Result:
Res count = 0
Query Execution Time: 98.3529
CPU Time: 98.0563
GPU Time: 0
Transfer Time: 0
Malloc Time: 0.004416

33

 Query: 33 19920101 19971231
Query Prepare Time: 1.39786
 Query Prepare Time using cpu 0.00138426

Query Optimization Time: 1.80141

s_suppkey
sg = 0
Filter Build Kernel time CPU: 0.110592 c_custkey
sg = 0
Filter Build Kernel time CPU: 0.166912 d_datekey
sg = 0
Filter Build Kernel time CPU: 0.015296 Build time 0.465792
Probe Group Kernel time CPU: 63.286465 sg = 0 non demand time = 63.3098
Probe time 63.3846
Merge time 0.163808
Result:
Res count = 0
Query Execution Time: 64.537
CPU Time: 63.5793
GPU Time: 0
Transfer Time: 0
Malloc Time: 0.004032

13

 Query: 13 19940204 19940210
Query Prepare Time: 0.306368
 Query Prepare Time using cpu 0.000304222

Query Optimization Time: 1.69472

d_datekey
sg = 0
Filter Build Kernel time CPU: 0.011488 Build time 0.04608
Filter Probe Aggr Kernel time CPU: 0.384000 sg = 0 non demand time = 0.395328
Probe time 0.436224
Merge time 0.002016
Result:
Res count = 0
Query Execution Time: 0.540608
CPU Time: 0.395488
GPU Time: 0
Transfer Time: 0
Malloc Time: 0.003904

12

 Query: 12 19940101 19940131
Query Prepare Time: 0.105024
 Query Prepare Time using cpu 0.000102997

Query Optimization Time: 1.60051

d_datekey
sg = 0
Filter Build Kernel time CPU: 0.012288 Build time 0.041984
Filter Probe Aggr Kernel time CPU: 1.094880 sg = 0 non demand time = 1.10605
Probe time 1.13869
Merge time 0.00176
Result:
Res count = 0
Query Execution Time: 1.23088
CPU Time: 1.10717
GPU Time: 0
Transfer Time: 0
Malloc Time: 0.00384

34

 Query: 34 19971201 19971231
Query Prepare Time: 14.3408
 Query Prepare Time using cpu 0.014328

Query Optimization Time: 1.6425

s_suppkey
sg = 0
Filter Build Kernel time CPU: 0.102400 c_custkey
sg = 0
Filter Build Kernel time CPU: 0.173088 d_datekey
sg = 0
Filter Build Kernel time CPU: 0.008160 Build time 0.360448
Probe Group Kernel time CPU: 1.144832 sg = 0 non demand time = 1.15712
Probe time 1.18896
Merge time 0.200672
Result:
Res count = 0
Query Execution Time: 2.22122
CPU Time: 1.42848
GPU Time: 0
Transfer Time: 0
Malloc Time: 0.003968

33

 Query: 33 19920101 19971231
Query Prepare Time: 3.70637
 Query Prepare Time using cpu 0.00369358

Query Optimization Time: 1.65059

s_suppkey
sg = 0
Filter Build Kernel time CPU: 0.107328 c_custkey
sg = 0
Filter Build Kernel time CPU: 0.164864 d_datekey
sg = 0
Filter Build Kernel time CPU: 0.014336 Build time 0.365536
Probe Group Kernel time CPU: 62.863361 sg = 0 non demand time = 62.89
Probe time 62.9758
Merge time 0.168768
Result:
Res count = 0
Query Execution Time: 63.994
CPU Time: 63.1499
GPU Time: 0
Transfer Time: 0
Malloc Time: 0.00352

33

 Query: 33 19920101 19971231
Query Prepare Time: 14.9927
 Query Prepare Time using cpu 0.0149798

Query Optimization Time: 1.80406

s_suppkey
sg = 0
Filter Build Kernel time CPU: 0.112640 c_custkey
sg = 0
Filter Build Kernel time CPU: 0.169984 d_datekey
sg = 0
Filter Build Kernel time CPU: 0.013312 Build time 0.397536
Probe Group Kernel time CPU: 62.926849 sg = 0 non demand time = 62.9534
Probe time 63.0405
Merge time 0.164384
Result:
Res count = 0
Query Execution Time: 64.1361
CPU Time: 63.2228
GPU Time: 0
Transfer Time: 0
Malloc Time: 0.004224

23

 Query: 23 19920101 19981231
Query Prepare Time: 6.90275
 Query Prepare Time using cpu 0.00689888

Query Optimization Time: 1.82803

s_suppkey
sg = 0
Filter Build Kernel time CPU: 0.127936 p_partkey
sg = 0
Filter Build Kernel time CPU: 0.092160 d_datekey
sg = 0
Filter Build Kernel time CPU: 0.014336 Build time 0.31744
Probe Group Kernel time CPU: 94.264320 sg = 0 non demand time = 94.2909
Probe time 94.3831
Merge time 0.019296
Result:
Res count = 0
Query Execution Time: 94.7939
CPU Time: 94.4988
GPU Time: 0
Transfer Time: 0
Malloc Time: 0.004064

13

 Query: 13 19940204 19940210
Query Prepare Time: 0.340992
 Query Prepare Time using cpu 0.00033927

Query Optimization Time: 1.69984

d_datekey
sg = 0
Filter Build Kernel time CPU: 0.012448 Build time 0.044032
Filter Probe Aggr Kernel time CPU: 0.303104 sg = 0 non demand time = 0.313344
Probe time 0.34304
Merge time 0.001664
Result:
Res count = 0
Query Execution Time: 0.43888
CPU Time: 0.315552
GPU Time: 0
Transfer Time: 0
Malloc Time: 0.00304

22

 Query: 22 19920101 19981231
Query Prepare Time: 5.46368
 Query Prepare Time using cpu 0.00545955

Query Optimization Time: 1.67936

s_suppkey
sg = 0
Filter Build Kernel time CPU: 0.145472 p_partkey
sg = 0
Filter Build Kernel time CPU: 0.101536 d_datekey
sg = 0
Filter Build Kernel time CPU: 0.014336 Build time 0.356352
Probe Group Kernel time CPU: 97.681313 sg = 0 non demand time = 97.7122
Probe time 97.8094
Merge time 0.032128
Result:
Res count = 0
Query Execution Time: 98.2718
CPU Time: 97.9427
GPU Time: 0
Transfer Time: 0
Malloc Time: 0.004128

11

 Query: 11 19930101 19931231
Query Prepare Time: 0.326496
 Query Prepare Time using cpu 0.000324488

Query Optimization Time: 1.7111

d_datekey
sg = 0
Filter Build Kernel time CPU: 0.015296 Build time 0.049984
Filter Probe Aggr Kernel time CPU: 9.793536 sg = 0 non demand time = 9.81094
Probe time 9.8775
Merge time 0.002912
Result:
Res count = 0
Query Execution Time: 9.98947
CPU Time: 9.80883
GPU Time: 0
Transfer Time: 0
Malloc Time: 0.00416

21

 Query: 21 19920101 19981231
Query Prepare Time: 4.24317
 Query Prepare Time using cpu 0.00423956

Query Optimization Time: 1.81264

s_suppkey
sg = 0
Filter Build Kernel time CPU: 0.140288 p_partkey
sg = 0
Filter Build Kernel time CPU: 0.152416 d_datekey
sg = 0
Filter Build Kernel time CPU: 0.007392 Build time 0.385024
Probe Group Kernel time CPU: 102.165504 sg = 0 non demand time = 102.192
Probe time 102.298
Merge time 0.038208
Result:
Res count = 0
Query Execution Time: 102.796
CPU Time: 102.466
GPU Time: 0
Transfer Time: 0
Malloc Time: 0.00432

41

 Query: 41 19920101 19981231
Query Prepare Time: 5.43939
 Query Prepare Time using cpu 0.0054369

Query Optimization Time: 1.82989

s_suppkey
sg = 0
Filter Build Kernel time CPU: 0.130048 c_custkey
sg = 0
Filter Build Kernel time CPU: 0.445440 p_partkey
sg = 0
Filter Build Kernel time CPU: 0.270496 d_datekey
sg = 0
Filter Build Kernel time CPU: 0.014336 Build time 1.05882
Probe Group Kernel time CPU: 220.784637 sg = 0 non demand time = 220.813
Probe time 220.943
Merge time 0.006208
Result:
Res count = 0
Query Execution Time: 222.109
CPU Time: 221.645
GPU Time: 0
Transfer Time: 0
Malloc Time: 0.004352

33

 Query: 33 19920101 19971231
Query Prepare Time: 11.0114
 Query Prepare Time using cpu 0.0109982

Query Optimization Time: 1.85139

s_suppkey
sg = 0
Filter Build Kernel time CPU: 0.227328 c_custkey
sg = 0
Filter Build Kernel time CPU: 0.176064 d_datekey
sg = 0
Filter Build Kernel time CPU: 0.014336 Build time 0.509824
Probe Group Kernel time CPU: 62.466049 sg = 0 non demand time = 62.4918
Probe time 62.5757
Merge time 0.17152
Result:
Res count = 0
Query Execution Time: 63.7986
CPU Time: 62.8838
GPU Time: 0
Transfer Time: 0
Malloc Time: 0.005536

11

 Query: 11 19930101 19931231
Query Prepare Time: 0.335808
 Query Prepare Time using cpu 0.000332355

Query Optimization Time: 1.72966

d_datekey
sg = 0
Filter Build Kernel time CPU: 0.026528 Build time 0.065536
Filter Probe Aggr Kernel time CPU: 9.768960 sg = 0 non demand time = 9.78838
Probe time 9.86102
Merge time 0.003296
Result:
Res count = 0
Query Execution Time: 9.99491
CPU Time: 9.79549
GPU Time: 0
Transfer Time: 0
Malloc Time: 0.004608

12

 Query: 12 19940101 19940131
Query Prepare Time: 0.124
 Query Prepare Time using cpu 0.000121355

Query Optimization Time: 1.69062

d_datekey
sg = 0
Filter Build Kernel time CPU: 0.015360 Build time 0.0512
Filter Probe Aggr Kernel time CPU: 1.080160 sg = 0 non demand time = 1.09568
Probe time 1.1264
Merge time 0.002272
Result:
Res count = 0
Query Execution Time: 1.24045
CPU Time: 1.09552
GPU Time: 0
Transfer Time: 0
Malloc Time: 0.004

32

 Query: 32 19920101 19971231
Query Prepare Time: 4.65104
 Query Prepare Time using cpu 0.004637

Query Optimization Time: 1.70509

s_suppkey
sg = 0
Filter Build Kernel time CPU: 0.115712 c_custkey
sg = 0
Filter Build Kernel time CPU: 0.371712 d_datekey
sg = 0
Filter Build Kernel time CPU: 0.018400 Build time 0.586752
Probe Group Kernel time CPU: 94.653442 sg = 0 non demand time = 94.6812
Probe time 94.8449
Merge time 0.16608
Result:
Res count = 0
Query Execution Time: 96.0989
CPU Time: 95.1593
GPU Time: 0
Transfer Time: 0
Malloc Time: 0.003456

42

 Query: 42 19970101 19981231
Query Prepare Time: 7.71597
 Query Prepare Time using cpu 0.0077126

Query Optimization Time: 1.81555

s_suppkey
sg = 0
Filter Build Kernel time CPU: 0.136192 c_custkey
sg = 0
Filter Build Kernel time CPU: 0.388096 p_partkey
sg = 0
Filter Build Kernel time CPU: 0.226336 d_datekey
sg = 0
Filter Build Kernel time CPU: 0.011264 Build time 0.8704
Probe Group Kernel time CPU: 51.192768 sg = 0 non demand time = 51.2154
Probe time 51.2985
Merge time 0.016352
Result:
Res count = 0
Query Execution Time: 52.2627
CPU Time: 51.9547
GPU Time: 0
Transfer Time: 0
Malloc Time: 0.004128

Cached segment: 999 Cache total: 1000
Successfully cached
Run Experiment
 epoch start 
31

 Query: 31 19920101 19971231
Query Prepare Time: 1.00714
 Query Prepare Time using cpu 0.00100493

Query Optimization Time: 1.92122

s_suppkey
sg = 1
h_total: 64276 output_estimate: 314572 sg: 1
Filter Kernel time CPU: 0.337920 Transfer size: 64276 sg: 1
Transfer Time: 0.024576 sg: 1
Build Kernel time GPU: 2.602080 Build Kernel time CPU: 0.141312 c_custkey
sg = 1
h_total: 959062 output_estimate: 1572864 sg: 1
Filter Kernel time CPU: 0.477184 Transfer size: 959062 sg: 1
Transfer Time: 0.15872 sg: 1
Build Kernel time GPU: 0.085984 Build Kernel time CPU: 2.726912 d_datekey
sg = 1
Filter Build Kernel time CPU: 0.028672 Build time 6.85181
h_total: 146268228 output_estimate: 218628112 sg: 8
Probe Kernel time GPU: 17.254400 h_total: 5892153 output_estimate: 13212058 sg: 12
Probe Kernel time GPU: 17.253376 Transfer size: 146268228 sg: 8
Transfer size: 5892153 sg: 12
Transfer Time : 70.675453 Transfer Time : 25.552896 Probe Group Kernel time CPU: 134.885574 Probe Group Kernel time CPU: 134.947845 sg = 8 non demand time = sg = 224.17
12 non demand time = 224.036
Probe time 224.28
Merge time 0.026752
Result:
Res count = 0
Query Execution Time: 231.233
CPU Time: 134.948
GPU Time: 17.2544
Transfer Time: 70.6755
Malloc Time: 0.031744


 Query: 31 19920101 19971231
Query Prepare Time: 6.46442

Query Optimization Time: 1.87802

s_suppkey
sg = 1
h_total: 64276 output_estimate: 314572 sg: 1
Filter Kernel time CPU: 0.138432 Transfer size: 64276 sg: 1
Transfer Time: 0.023552 sg: 1
Build Kernel time GPU: 0.026464 Build Kernel time CPU: 0.060416 c_custkey
sg = 1
h_total: 959062 output_estimate: 1572864 sg: 1
Filter Kernel time CPU: 0.410624 Transfer size: 959062 sg: 1
Transfer Time: 0.155872 sg: 1
Build Kernel time GPU: 0.084928 Build Kernel time CPU: 0.408576 d_datekey
sg = 1
Filter Build Kernel time CPU: 0.014336 Build time 1.54931
sg = 8
sg = 12
h_total: 145437085 output_estimate: 218628112 sg: 8
Probe Kernel time CPU: 138.985504 h_total: 145872740 output_estimate: 146800640 sg: 12
Probe Kernel time CPU: 138.928131 Transfer size: 145437085 sg: 8
Transfer size: 145872740 sg: 12
Transfer Time : 152.259521 Transfer Time : 130.413605 h_total: 5854738 output_estimate: 13128547 sg: 12
Probe Kernel time GPU: 10.854400 h_total: 29212992 output_estimate: 43631128 sg: 8
Probe Kernel time GPU: 10.898432 Transfer size: 5854738 sg: 12
Transfer size: 29212992 sg: 8
Transfer Time : 8.243264 Transfer Time : 19.194880 Group Kernel time CPU: 32.108543 sg = 12 non demand time = 369.216
Group Kernel time CPU: 80.935005 sg = 8 non demand time = 427.265
Probe time 427.338
Merge time 0.02752
Result:
Res count = 0
Query Execution Time: 428.975
CPU Time: 219.921
GPU Time: 10.8984
Transfer Time: 171.454
Malloc Time: 0.030528

13

 Query: 13 19940204 19940210
Query Prepare Time: 0.109856
 Query Prepare Time using cpu 0.000107288

Query Optimization Time: 1.7543

d_datekey
sg = 3
Filter Build Kernel time CPU: 0.011264 Build time 0.045056
Filter Probe Aggr Kernel time CPU: 0.287744 sg = 0 non demand time = 0.299008
Probe time 0.328704
Merge time 0.001856
Result:
Res count = 0
Query Execution Time: 0.425056
CPU Time: 0.287744
GPU Time: 0
Transfer Time: 0
Malloc Time: 0.0032


 Query: 13 19940204 19940210
Query Prepare Time: 0.096512

Query Optimization Time: 1.61382

d_datekey
sg = 3
Filter Build Kernel time CPU: 0.012192 Build time 0.038912
sg = 0
Filter Probe Aggr Kernel time CPU: 0.287680 sg = 0 non demand time = 0.297984
Probe time 0.326656
Merge time 0.00192
Result:
Res count = 0
Query Execution Time: 0.416832
CPU Time: 0.28768
GPU Time: 0
Transfer Time: 0
Malloc Time: 0.002912

34

 Query: 34 19971201 19971231
Query Prepare Time: 1.05904
 Query Prepare Time using cpu 0.00104523

Query Optimization Time: 1.62285

s_suppkey
sg = 3
Filter Build Kernel time CPU: 0.109376 Filter Build Kernel time GPU: 0.081088 c_custkey
sg = 3
Filter Build Kernel time CPU: 0.174208 Filter Build Kernel time GPU: 0.073856 d_datekey
sg = 3
Filter Build Kernel time CPU: 0.011040 Build time 0.584736
h_total: 903 output_estimate: 1962 sg: 12
Probe Kernel time GPU: 0.252928 Transfer size: 903 sg: 12
Transfer Time : 0.019456 Probe Group Kernel time CPU: 0.105696 sg = 12 non demand time = 0.451584
Probe time 0.475136
Merge time 0.228768
Result:
Res count = 0
Query Execution Time: 1.75635
CPU Time: 0.294624
GPU Time: 0.252928
Transfer Time: 0.019456
Malloc Time: 0.003936


 Query: 34 19971201 19971231
Query Prepare Time: 3.01363

Query Optimization Time: 1.64762

s_suppkey
sg = 3
Filter Build Kernel time CPU: 0.097280 Filter Build Kernel time GPU: 0.023552 c_custkey
sg = 3
Filter Build Kernel time CPU: 0.168960 Filter Build Kernel time GPU: 0.072704 d_datekey
sg = 3
Filter Build Kernel time CPU: 0.009216 Build time 0.494528
sg = 12
h_total: 12368732 output_estimate: 13631488 sg: 12
Probe Kernel time CPU: 1.713152 Transfer size: 12368732 sg: 12
Transfer Time : 7.418016 h_total: 811 output_estimate: 1781 sg: 12
Probe Kernel time GPU: 0.480256 Transfer size: 811 sg: 12
Transfer Time : 0.024576 Group Kernel time CPU: 0.083008 sg = 12 non demand time = 9.85197
Probe time 9.87546
Merge time 0.204096
Result:
Res count = 0
Query Execution Time: 11.0558
CPU Time: 1.79616
GPU Time: 0.480256
Transfer Time: 7.44259
Malloc Time: 0.00512

34

 Query: 34 19971201 19971231
Query Prepare Time: 3.62166
 Query Prepare Time using cpu 0.00360823

Query Optimization Time: 1.68858

s_suppkey
sg = 3
Filter Build Kernel time CPU: 0.107520 Filter Build Kernel time GPU: 0.023680 c_custkey
sg = 3
Filter Build Kernel time CPU: 0.168960 Filter Build Kernel time GPU: 0.072768 d_datekey
sg = 3
Filter Build Kernel time CPU: 0.008192 Build time 0.503808
h_total: 903 output_estimate: 1962 sg: 12
Probe Kernel time GPU: 0.253088 Transfer size: 903 sg: 12
Transfer Time : 0.019456 Probe Group Kernel time CPU: 0.093184 sg = 12 non demand time = 0.44032
Probe time 0.461824
Merge time 0.228
Result:
Res count = 0
Query Execution Time: 1.7184
CPU Time: 0.284672
GPU Time: 0.253088
Transfer Time: 0.019456
Malloc Time: 0.003744


 Query: 34 19971201 19971231
Query Prepare Time: 1.74995

Query Optimization Time: 1.63328

s_suppkey
sg = 3
Filter Build Kernel time CPU: 0.119552 Filter Build Kernel time GPU: 0.024352 c_custkey
sg = 3
Filter Build Kernel time CPU: 0.204960 Filter Build Kernel time GPU: 0.072704 d_datekey
sg = 3
Filter Build Kernel time CPU: 0.010080 Build time 0.572288
sg = 12
h_total: 12368732 output_estimate: 13631488 sg: 12
Probe Kernel time CPU: 2.381760 Transfer size: 12368732 sg: 12
Transfer Time : 7.417856 h_total: 811 output_estimate: 1781 sg: 12
Probe Kernel time GPU: 0.479232 Transfer size: 811 sg: 12
Transfer Time : 0.025600 Group Kernel time CPU: 0.070784 sg = 12 non demand time = 10.5022
Probe time 10.5267
Merge time 0.277824
Result:
Res count = 0
Query Execution Time: 11.8457
CPU Time: 2.45254
GPU Time: 0.479232
Transfer Time: 7.44346
Malloc Time: 0.00608

43

 Query: 43 19970101 19981231
Query Prepare Time: 4.17798
 Query Prepare Time using cpu 0.00411963

Query Optimization Time: 1.66813

s_suppkey
sg = 3
Filter Build Kernel time CPU: 0.159744 Filter Build Kernel time GPU: 0.033792 c_custkey
sg = 1
h_total: 960306 output_estimate: 1572864 sg: 1
Filter Kernel time CPU: 0.411776 Transfer size: 960306 sg: 1
Transfer Time: 0.156896 sg: 1
Build Kernel time GPU: 0.085152 Build Kernel time CPU: 0.365568 p_partkey
sg = 3
Filter Build Kernel time CPU: 0.170912 d_datekey
sg = 1
Filter Build Kernel time CPU: 0.014336 Build time 1.60461
h_total: 1179904 output_estimate: 2642411 sg: 48
Probe Kernel time GPU: 2.784256 h_total: 107708 output_estimate: 188743 sg: 32
Probe Kernel time GPU: 2.800544 Transfer size: 1179904 sg: 48
Transfer size: 107708 sg: 32
Transfer Time : 0.690176 Transfer Time : 0.710656 Probe Group Kernel time CPU: 6.636544 sg = 32 non demand time = 10.5759
Probe Group Kernel time CPU: 9.821184 sg = 48 non demand time = 13.862
Probe Group Kernel time CPU: 14.104576 sg = 0 non demand time = 14.1301
Probe time 14.1895
Merge time 0.463104
Result:
Res count = 0
Query Execution Time: 18.028
CPU Time: 14.1046
GPU Time: 2.80054
Transfer Time: 0.710656
Malloc Time: 0.012352


 Query: 43 19970101 19981231
Query Prepare Time: 16.8686

Query Optimization Time: 1.87187

s_suppkey
sg = 3
Filter Build Kernel time CPU: 0.174080 Filter Build Kernel time GPU: 0.028864 c_custkey
sg = 1
h_total: 960306 output_estimate: 1572864 sg: 1
Filter Kernel time CPU: 0.527392 Transfer size: 960306 sg: 1
Transfer Time: 0.15872 sg: 1
Build Kernel time GPU: 0.084768 Build Kernel time CPU: 0.443392 p_partkey
sg = 3
Filter Build Kernel time CPU: 0.176032 d_datekey
sg = 1
Filter Build Kernel time CPU: 0.019456 Build time 1.85856
sg = 0
sg = 32
sg = 48
h_total: 21107 output_estimate: 56623 sg: 32
Probe Kernel time CPU: 26.570751 Transfer size: 21107 sg: 32
Transfer Time : 0.084992 h_total: 851 output_estimate: 1266 sg: 32
Probe Kernel time GPU: 0.065536 Transfer size: 851 sg: 32
Transfer Time : 0.043872 Group Kernel time CPU: 0.129088 sg = 32 non demand time = 27.7516
Probe Group Kernel time CPU: 30.824320 sg = 0 non demand time = 30.854
h_total: 5858959 output_estimate: 8808038 sg: 48
Probe Kernel time CPU: 35.908607 Transfer size: 5858959 sg: 48
Transfer Time : 4.613984 h_total: 46838 output_estimate: 105461 sg: 48
Probe Kernel time GPU: 0.791392 Transfer size: 46838 sg: 48
Transfer Time : 0.068352 Group Kernel time CPU: 0.335872 sg = 48 non demand time = 42.114
Probe time 42.4755
Merge time 0.486304
Result:
Res count = 0
Query Execution Time: 46.6104
CPU Time: 36.2445
GPU Time: 0.791392
Transfer Time: 4.68234
Malloc Time: 0.0144

34

 Query: 34 19971201 19971231
Query Prepare Time: 8.6496
 Query Prepare Time using cpu 0.00863576

Query Optimization Time: 1.80531

s_suppkey
sg = 3
Filter Build Kernel time CPU: 0.142336 Filter Build Kernel time GPU: 0.029696 c_custkey
sg = 3
Filter Build Kernel time CPU: 0.214016 Filter Build Kernel time GPU: 0.075008 d_datekey
sg = 3
Filter Build Kernel time CPU: 0.013312 Build time 0.755712
h_total: 903 output_estimate: 1962 sg: 12
Probe Kernel time GPU: 0.254976 Transfer size: 903 sg: 12
Transfer Time : 0.024576 Probe Group Kernel time CPU: 0.100352 sg = 12 non demand time = 0.5632
Probe time 0.595072
Merge time 0.213824
Result:
Res count = 0
Query Execution Time: 2.13194
CPU Time: 0.369664
GPU Time: 0.254976
Transfer Time: 0.024576
Malloc Time: 0.004448


 Query: 34 19971201 19971231
Query Prepare Time: 2.27405

Query Optimization Time: 1.72221

s_suppkey
sg = 3
Filter Build Kernel time CPU: 0.162880 Filter Build Kernel time GPU: 0.023552 c_custkey
sg = 3
Filter Build Kernel time CPU: 0.236544 Filter Build Kernel time GPU: 0.073728 d_datekey
sg = 3
Filter Build Kernel time CPU: 0.012288 Build time 0.633856
sg = 12
h_total: 12368732 output_estimate: 13631488 sg: 12
Probe Kernel time CPU: 2.332672 Transfer size: 12368732 sg: 12
Transfer Time : 7.508992 h_total: 811 output_estimate: 1781 sg: 12
Probe Kernel time GPU: 0.477216 Transfer size: 811 sg: 12
Transfer Time : 0.029696 Group Kernel time CPU: 0.081920 sg = 12 non demand time = 10.5718
Probe time 10.6035
Merge time 0.234304
Result:
Res count = 0
Query Execution Time: 11.9432
CPU Time: 2.41459
GPU Time: 0.477216
Transfer Time: 7.53869
Malloc Time: 0.008

33

 Query: 33 19920101 19971231
Query Prepare Time: 3.99037
 Query Prepare Time using cpu 0.00397706

Query Optimization Time: 1.7408

s_suppkey
sg = 3
Filter Build Kernel time CPU: 0.242688 Filter Build Kernel time GPU: 0.022528 c_custkey
sg = 3
Filter Build Kernel time CPU: 0.292032 Filter Build Kernel time GPU: 0.072864 d_datekey
sg = 1
Filter Build Kernel time CPU: 0.027648 Build time 0.788224
h_total: 5952121 output_estimate: 8745124 sg: 8
Probe Kernel time GPU: 10.654720 Transfer size: 5952121 sg: 8
h_total: 9547 output_estimate: 21139 sg: 12
Probe Kernel time GPU: 3.520512 Transfer size: 9547 sg: 12
Transfer Time : 3.138560 Transfer Time : 0.063712 Probe Group Kernel time CPU: 1.450944 sg = 12 non demand time = 17.8627
Probe Group Kernel time CPU: 5.993472 sg = 8 non demand time = 22.4665
Probe time 22.5403
Merge time 0.200416
Result:
Res count = 0
Query Execution Time: 24.0315
CPU Time: 5.99347
GPU Time: 10.6547
Transfer Time: 3.13856
Malloc Time: 0.004096


 Query: 33 19920101 19971231
Query Prepare Time: 18.0642

Query Optimization Time: 1.89133

s_suppkey
sg = 3
Filter Build Kernel time CPU: 0.288704 Filter Build Kernel time GPU: 0.028800 c_custkey
sg = 3
Filter Build Kernel time CPU: 0.411648 Filter Build Kernel time GPU: 0.074944 d_datekey
sg = 1
Filter Build Kernel time CPU: 0.039936 Build time 0.996352
sg = 8
sg = 12
h_total: 5868556 output_estimate: 8745124 sg: 8
Probe Kernel time CPU: 121.042946 Transfer size: 5868556 sg: 8
h_total: 145872740 output_estimate: 146800640 sg: 12
Probe Kernel time CPU: 122.128387 Transfer size: 145872740 sg: 12
Transfer Time : 25.468927 Transfer Time : 88.558365 h_total: 48423 output_estimate: 70422 sg: 8
Probe Kernel time GPU: 0.342016 Transfer size: 48423 sg: 8
h_total: 9480 output_estimate: 21005 sg: 12
Probe Kernel time GPU: 4.574080 Transfer size: 9480 sg: 12
Transfer Time : 0.093344 Transfer Time : 0.042240 Group Kernel time CPU: 0.508928 sg = 12 non demand time = 217.845
Group Kernel time CPU: 0.710656 sg = 8 non demand time = 218.087
Probe time 218.153
Merge time 0.193952
Result:
Res count = 0
Query Execution Time: 219.824
CPU Time: 122.637
GPU Time: 4.57408
Transfer Time: 88.6006
Malloc Time: 0.02992

42

 Query: 42 19970101 19981231
Query Prepare Time: 3.74474
 Query Prepare Time using cpu 0.00374174

Query Optimization Time: 1.82067

s_suppkey
sg = 1
h_total: 64071 output_estimate: 314572 sg: 1
Filter Kernel time CPU: 0.223232 Transfer size: 64071 sg: 1
Transfer Time: 0.024352 sg: 1
Build Kernel time GPU: 0.021632 Build Kernel time CPU: 0.068640 c_custkey
sg = 1
h_total: 960306 output_estimate: 1572864 sg: 1
Filter Kernel time CPU: 0.549888 Transfer size: 960306 sg: 1
Transfer Time: 0.157696 sg: 1
Build Kernel time GPU: 0.086016 Build Kernel time CPU: 0.550912 p_partkey
sg = 1
Filter Build Kernel time CPU: 0.328608 d_datekey
sg = 1
Filter Build Kernel time CPU: 0.014304 Build time 2.27955
h_total: 5876032 output_estimate: 13212058 sg: 48
Probe Kernel time GPU: 3.940352 h_total: 534773 output_estimate: 943718 sg: 32
Probe Kernel time GPU: 3.969024 Transfer size: 534773 sg: 32
Transfer size: 5876032 sg: 48
Transfer Time : 2.189312 Transfer Time : 2.937856 Probe Group Kernel time CPU: 22.554625 sg = 32 non demand time = 30.0698
Probe Group Kernel time CPU: 40.254463 sg = 0 non demand time = 40.2821
Probe Group Kernel time CPU: 32.660385 sg = 48 non demand time = 40.3885
Probe time 40.5012
Merge time 0.033024
Result:
Res count = 0
Query Execution Time: 42.8859
CPU Time: 40.2545
GPU Time: 3.96902
Transfer Time: 2.93786
Malloc Time: 0.031328


 Query: 42 19970101 19981231
Query Prepare Time: 12.942

Query Optimization Time: 1.87293

s_suppkey
sg = 1
h_total: 64071 output_estimate: 314572 sg: 1
Filter Kernel time CPU: 0.244736 Transfer size: 64071 sg: 1
Transfer Time: 0.023552 sg: 1
Build Kernel time GPU: 0.026624 Build Kernel time CPU: 0.075712 c_custkey
sg = 1
h_total: 960306 output_estimate: 1572864 sg: 1
Filter Kernel time CPU: 0.518144 Transfer size: 960306 sg: 1
Transfer Time: 0.172032 sg: 1
Build Kernel time GPU: 0.083968 Build Kernel time CPU: 0.345216 p_partkey
sg = 1
Filter Build Kernel time CPU: 0.259072 d_datekey
sg = 1
Filter Build Kernel time CPU: 0.016384 Build time 2.00819
sg = 0
sg = 32
sg = 48
h_total: 212951 output_estimate: 566231 sg: 32
Probe Kernel time CPU: 49.765377 Transfer size: 212951 sg: 32
Transfer Time : 0.217152 h_total: 43066 output_estimate: 63885 sg: 32
Probe Kernel time GPU: 0.068608 Transfer size: 43066 sg: 32
Transfer Time : 0.078848 Group Kernel time CPU: 5.809152 sg = 32 non demand time = 56.5043
Probe Group Kernel time CPU: 58.921986 sg = 0 non demand time = 58.9527
h_total: 58578016 output_estimate: 88080384 sg: 48
Probe Kernel time CPU: 60.402782 Transfer size: 58578016 sg: 48
Transfer Time : 43.884544 h_total: 2344594 output_estimate: 5272021 sg: 48
Probe Kernel time GPU: 3.806112 Transfer size: 2344594 sg: 48
Transfer Time : 1.887232 Group Kernel time CPU: 12.858368 sg = 48 non demand time = 123.334
Probe time 123.662
Merge time 0.02768
Result:
Res count = 0
Query Execution Time: 125.801
CPU Time: 73.2612
GPU Time: 3.80611
Transfer Time: 45.7718
Malloc Time: 0.030592

33

 Query: 33 19920101 19971231
Query Prepare Time: 1.82058
 Query Prepare Time using cpu 0.00180721

Query Optimization Time: 1.89747

s_suppkey
sg = 3
Filter Build Kernel time CPU: 0.123904 Filter Build Kernel time GPU: 0.028672 c_custkey
sg = 3
Filter Build Kernel time CPU: 0.193536 Filter Build Kernel time GPU: 0.072896 d_datekey
sg = 1
Filter Build Kernel time CPU: 0.018432 Build time 0.57344
h_total: 5952121 output_estimate: 8745124 sg: 8
Probe Kernel time GPU: 10.602496 Transfer size: 5952121 sg: 8
h_total: 9547 output_estimate: 21139 sg: 12
Probe Kernel time GPU: 2.454688 Transfer size: 9547 sg: 12
Transfer Time : 2.884352 Transfer Time : 0.040032 Probe Group Kernel time CPU: 0.596960 sg = 12 non demand time = 6.03546
Probe Group Kernel time CPU: 5.269504 sg = 8 non demand time = 21.2716
Probe time 21.3566
Merge time 0.225024
Result:
Res count = 0
Query Execution Time: 22.6533
CPU Time: 5.2695
GPU Time: 10.6025
Transfer Time: 2.88435
Malloc Time: 0.006144


 Query: 33 19920101 19971231
Query Prepare Time: 12.2296

Query Optimization Time: 1.86154

s_suppkey
sg = 3
Filter Build Kernel time CPU: 0.263168 Filter Build Kernel time GPU: 0.029696 c_custkey
sg = 3
Filter Build Kernel time CPU: 0.284672 Filter Build Kernel time GPU: 0.073568 d_datekey
sg = 1
Filter Build Kernel time CPU: 0.074752 Build time 0.860384
sg = 8
sg = 12
h_total: 145872740 output_estimate: 146800640 sg: 12
Probe Kernel time CPU: 116.747261 h_total: 5868556 output_estimate: 8745124 sg: 8
Probe Kernel time CPU: 116.908035 Transfer size: 145872740 sg: 12
Transfer size: 5868556 sg: 8
Transfer Time : 89.986046 Transfer Time : 47.200256 h_total: 9480 output_estimate: 21005 sg: 12
Probe Kernel time GPU: 5.069824 h_total: 48423 output_estimate: 70422 sg: 8
Transfer size: Probe Kernel time GPU: 5.085184 9480 sg: 12
Transfer size: 48423 sg: 8
Transfer Time : 0.066560 Transfer Time : 0.074752 Group Kernel time CPU: 0.483328 sg = 12 non demand time = 213.751
Group Kernel time CPU: 0.683008 sg = 8 non demand time = 214.044
Probe time 214.13
Merge time 0.163104
Result:
Res count = 0
Query Execution Time: 215.633
CPU Time: 117.591
GPU Time: 5.08518
Transfer Time: 90.0608
Malloc Time: 0.02976

12

 Query: 12 19940101 19940131
Query Prepare Time: 0.125696
 Query Prepare Time using cpu 0.000123739

Query Optimization Time: 1.67424

d_datekey
sg = 3
Filter Build Kernel time CPU: 0.012288 Build time 0.039936
Filter Probe Aggr Kernel time CPU: 1.292288 sg = 0 non demand time = 1.30253
Probe time 1.34042
Merge time 0.002176
Result:
Res count = 0
Query Execution Time: 1.43114
CPU Time: 1.29229
GPU Time: 0
Transfer Time: 0
Malloc Time: 0.002688


 Query: 12 19940101 19940131
Query Prepare Time: 0.090336

Query Optimization Time: 1.56262

d_datekey
sg = 3
Filter Build Kernel time CPU: 0.012288 Build time 0.037888
sg = 0
Filter Probe Aggr Kernel time CPU: 1.662976 sg = 0 non demand time = 1.67629
Probe time 1.70922
Merge time 0.001792
Result:
Res count = 0
Query Execution Time: 1.8033
CPU Time: 1.66298
GPU Time: 0
Transfer Time: 0
Malloc Time: 0.00368

41

 Query: 41 19920101 19981231
Query Prepare Time: 1.92861
 Query Prepare Time using cpu 0.00192618

Query Optimization Time: 1.69485

s_suppkey
sg = 1
h_total: 64071 output_estimate: 314572 sg: 1
Filter Kernel time CPU: 0.209824 Transfer size: 64071 sg: 1
Transfer Time: 0.043008 sg: 1
Build Kernel time GPU: 0.024576 Build Kernel time CPU: 0.067584 c_custkey
sg = 1
h_total: 960306 output_estimate: 1572864 sg: 1
Filter Kernel time CPU: 0.558080 Transfer size: 960306 sg: 1
Transfer Time: 0.157696 sg: 1
Build Kernel time GPU: 0.083968 Build Kernel time CPU: 0.449536 p_partkey
sg = 1
Filter Build Kernel time CPU: 0.249792 d_datekey
sg = 1
Filter Build Kernel time CPU: 0.024576 Build time 2.12768
h_total: 5876032 output_estimate: 13212058 sg: 48
Probe Kernel time GPU: 17.246208 Transfer size: 5876032 sg: 48
Transfer Time : 2.854912 h_total: 146444379 output_estimate: 219571824 sg: 32
Probe Kernel time GPU: 17.314592 Transfer size: 146444379 sg: 32
Probe Group Kernel time CPU: 67.390686 Probe Group Kernel time CPU: 46.219265 sg = 0 non demand time = sg = Transfer Time : 68.941025 48 non demand time = 90.092590.1919

Probe Group Kernel time CPU: 119.112701 sg = 32 non demand time = 209.095
Probe time 209.464
Merge time 0.005344
Result:
Res count = 0
Query Execution Time: 211.688
CPU Time: 119.113
GPU Time: 17.3146
Transfer Time: 68.941
Malloc Time: 0.040992


 Query: 41 19920101 19981231
Query Prepare Time: 11.0556

Query Optimization Time: 1.9177

s_suppkey
sg = 1
h_total: 64071 output_estimate: 314572 sg: 1
Filter Kernel time CPU: 0.133120 Transfer size: 64071 sg: 1
Transfer Time: 0.023552 sg: 1
Build Kernel time GPU: 0.025600 Build Kernel time CPU: 0.076800 c_custkey
sg = 1
h_total: 960306 output_estimate: 1572864 sg: 1
Filter Kernel time CPU: 0.355328 Transfer size: 960306 sg: 1
Transfer Time: 0.157696 sg: 1
Build Kernel time GPU: 0.083968 Build Kernel time CPU: 0.510976 p_partkey
sg = 1
Filter Build Kernel time CPU: 0.230400 d_datekey
sg = 1
Filter Build Kernel time CPU: 0.016384 Build time 1.88416
sg = 0
sg = 32
sg = 48
Probe Group Kernel time CPU: 39.330814 sg = 0 non demand time = 39.3668
h_total: 58662957 output_estimate: 88080384 sg: 48
Probe Kernel time CPU: 196.439041 Transfer size: 58662957 sg: 48
h_total: 58432400 output_estimate: 131743096 sg: 32
Probe Kernel time CPU: 205.566910 Transfer size: 58432400 sg: 32
Transfer Time : 70.196220 Transfer Time : 61.337601 h_total: 2347925 output_estimate: 5279666 sg: 48
Probe Kernel time GPU: 7.598080 Transfer size: 2347925 sg: 48
h_total: 11703776 output_estimate: 17529720 sg: 32
Probe Kernel time GPU: 3.734528 Transfer size: 11703776 sg: 32
Transfer Time : 7.315424 Transfer Time : 9.925632 Group Kernel time CPU: 42.792961 sg = 48 non demand time = 344.198
Group Kernel time CPU: 91.207680 sg = 32 non demand time = 394.567
Probe time 394.741
Merge time 0.00608
Result:
Res count = 0
Query Execution Time: 396.732
CPU Time: 296.775
GPU Time: 7.59808
Transfer Time: 77.5116
Malloc Time: 0.03072

34

 Query: 34 19971201 19971231
Query Prepare Time: 1.03946
 Query Prepare Time using cpu 0.00102615

Query Optimization Time: 1.72442

s_suppkey
sg = 3
Filter Build Kernel time CPU: 0.107616 Filter Build Kernel time GPU: 0.029696 c_custkey
sg = 3
Filter Build Kernel time CPU: 0.177152 Filter Build Kernel time GPU: 0.073696 d_datekey
sg = 3
Filter Build Kernel time CPU: 0.008160 Build time 0.5376
h_total: 903 output_estimate: 1962 sg: 12
Probe Kernel time GPU: 0.254976 Transfer size: 903 sg: 12
Transfer Time : 0.019456 Probe Group Kernel time CPU: 0.102592 sg = 12 non demand time = 0.456704
Probe time 0.480416
Merge time 0.39232
Result:
Res count = 0
Query Execution Time: 1.92925
CPU Time: 0.292928
GPU Time: 0.254976
Transfer Time: 0.019456
Malloc Time: 0.004064


 Query: 34 19971201 19971231
Query Prepare Time: 1.75002

Query Optimization Time: 1.61485

s_suppkey
sg = 3
Filter Build Kernel time CPU: 0.101376 Filter Build Kernel time GPU: 0.022400 c_custkey
sg = 3
Filter Build Kernel time CPU: 0.163840 Filter Build Kernel time GPU: 0.072896 d_datekey
sg = 3
Filter Build Kernel time CPU: 0.010240 Build time 0.508864
sg = 12
h_total: 12368732 output_estimate: 13631488 sg: 12
Probe Kernel time CPU: 1.698816 Transfer size: 12368732 sg: 12
Transfer Time : 7.420800 h_total: 811 output_estimate: 1781 sg: 12
Probe Kernel time GPU: 0.477184 Transfer size: 811 sg: 12
Transfer Time : 0.028800 Group Kernel time CPU: 0.079872 sg = 12 non demand time = 9.86829
Probe time 9.89696
Merge time 0.20128
Result:
Res count = 0
Query Execution Time: 11.0835
CPU Time: 1.77869
GPU Time: 0.477184
Transfer Time: 7.4496
Malloc Time: 0.006112

22

 Query: 22 19920101 19981231
Query Prepare Time: 0.87968
 Query Prepare Time using cpu 0.000876188

Query Optimization Time: 1.68534

s_suppkey
sg = 1
h_total: 64276 output_estimate: 314572 sg: 1
Filter Kernel time CPU: 0.151552 Transfer size: 64276 sg: 1
Transfer Time: 0.023552 sg: 1
Build Kernel time GPU: 0.022528 Build Kernel time CPU: 0.104544 p_partkey
sg = 3
Filter Build Kernel time CPU: 0.339968 d_datekey
sg = 1
Filter Build Kernel time CPU: 0.038912 Build time 0.838656
Probe Group Kernel time CPU: 15.068160 sg = 0 non demand time = 15.0907
h_total: 176390095 output_estimate: 263612016 sg: 8
Probe Kernel time GPU: 14.897152 Transfer size: 176390095 sg: 8
Transfer Time : 55.476223 Probe Group Kernel time CPU: 39.408512 sg = 8 non demand time = 109.978
Probe time 110.245
Merge time 0.036
Result:
Res count = 0
Query Execution Time: 111.3
CPU Time: 39.4085
GPU Time: 14.8972
Transfer Time: 55.4762
Malloc Time: 0.014336


 Query: 22 19920101 19981231
Query Prepare Time: 4.9696

Query Optimization Time: 1.77459

s_suppkey
sg = 1
h_total: 64276 output_estimate: 314572 sg: 1
Filter Kernel time CPU: 0.170080 Transfer size: 64276 sg: 1
Transfer Time: 0.024512 sg: 1
Build Kernel time GPU: 0.024576 Build Kernel time CPU: 0.052320 p_partkey
sg = 3
Filter Build Kernel time CPU: 0.125728 d_datekey
sg = 1
Filter Build Kernel time CPU: 0.013376 Build time 0.564224
sg = 0
sg = 8
Probe Group Kernel time CPU: 19.222528 sg = 0 non demand time = 19.2502
h_total: 7055694 output_estimate: 10544480 sg: 8
Probe Kernel time CPU: 85.550941 Transfer size: 7055694 sg: 8
Transfer Time : 4.385792 h_total: 1417949 output_estimate: 2116708 sg: 8
Probe Kernel time GPU: 1.029280 Transfer size: 1417949 sg: 8
Transfer Time : 0.939008 Group Kernel time CPU: 6.608096 sg = 8 non demand time = 98.7986
Probe time 98.976
Merge time 0.035936
Result:
Res count = 0
Query Execution Time: 99.6428
CPU Time: 92.159
GPU Time: 1.02928
Transfer Time: 5.3248
Malloc Time: 0.016384

12

 Query: 12 19940101 19940131
Query Prepare Time: 0.28928
 Query Prepare Time using cpu 0.000287771

Query Optimization Time: 1.68867

d_datekey
sg = 3
Filter Build Kernel time CPU: 0.012288 Build time 0.045056
Filter Probe Aggr Kernel time CPU: 1.094656 sg = 0 non demand time = 1.10509
Probe time 1.13152
Merge time 0.001952
Result:
Res count = 0
Query Execution Time: 1.22714
CPU Time: 1.09466
GPU Time: 0
Transfer Time: 0
Malloc Time: 0.003296


 Query: 12 19940101 19940131
Query Prepare Time: 0.096576

Query Optimization Time: 1.53702

d_datekey
sg = 3
Filter Build Kernel time CPU: 0.011264 Build time 0.036864
sg = 0
Filter Probe Aggr Kernel time CPU: 1.099904 sg = 0 non demand time = 1.11104
Probe time 1.14067
Merge time 0.00176
Result:
Res count = 0
Query Execution Time: 1.22794
CPU Time: 1.0999
GPU Time: 0
Transfer Time: 0
Malloc Time: 0.003744

23

 Query: 23 19920101 19981231
Query Prepare Time: 3.75981
 Query Prepare Time using cpu 0.00375748

Query Optimization Time: 1.62099

s_suppkey
sg = 1
h_total: 64068 output_estimate: 314572 sg: 1
Filter Kernel time CPU: 0.123904 Transfer size: 64068 sg: 1
Transfer Time: 0.023552 sg: 1
Build Kernel time GPU: 0.023552 Build Kernel time CPU: 0.105472 p_partkey
sg = 3
Filter Build Kernel time CPU: 0.121856 d_datekey
sg = 1
Filter Build Kernel time CPU: 0.014432 Build time 0.561152
Probe Group Kernel time CPU: 15.143104 sg = 0 non demand time = 15.1654
h_total: 175841825 output_estimate: 263612016 sg: 8
Probe Kernel time GPU: 14.879744 Transfer size: 175841825 sg: 8
Transfer Time : 55.270306 Probe Group Kernel time CPU: 36.674561 sg = 8 non demand time = 107.026
Probe time 107.348
Merge time 0.028608
Result:
Res count = 0
Query Execution Time: 108.043
CPU Time: 36.6746
GPU Time: 14.8797
Transfer Time: 55.2703
Malloc Time: 0.015264


 Query: 23 19920101 19981231
Query Prepare Time: 4.93174

Query Optimization Time: 1.88518

s_suppkey
sg = 1
h_total: 64068 output_estimate: 314572 sg: 1
Filter Kernel time CPU: 0.125952 Transfer size: 64068 sg: 1
Transfer Time: 0.022592 sg: 1
Build Kernel time GPU: 0.024640 Build Kernel time CPU: 0.052224 p_partkey
sg = 3
Filter Build Kernel time CPU: 0.106496 d_datekey
sg = 1
Filter Build Kernel time CPU: 0.014112 Build time 0.493568
sg = 0
sg = 8
Probe Group Kernel time CPU: 24.226816 sg = 0 non demand time = 24.2546
h_total: 872871 output_estimate: 1318060 sg: 8
Probe Kernel time CPU: 74.048737 Transfer size: 872871 sg: 8
Transfer Time : 0.566368 h_total: 174510 output_estimate: 261861 sg: 8
Probe Kernel time GPU: 0.211168 Transfer size: 174510 sg: 8
Transfer Time : 0.138368 Group Kernel time CPU: 2.895872 sg = 8 non demand time = 78.3133
Probe time 78.461
Merge time 0.025824
Result:
Res count = 0
Query Execution Time: 79.0702
CPU Time: 76.9446
GPU Time: 0.211168
Transfer Time: 0.704736
Malloc Time: 0.01728

33

 Query: 33 19920101 19971231
Query Prepare Time: 1.61667
 Query Prepare Time using cpu 0.0016036

Query Optimization Time: 1.88813

s_suppkey
sg = 3
Filter Build Kernel time CPU: 0.096256 Filter Build Kernel time GPU: 0.027712 c_custkey
sg = 3
Filter Build Kernel time CPU: 0.169984 Filter Build Kernel time GPU: 0.072832 d_datekey
sg = 1
Filter Build Kernel time CPU: 0.018432 Build time 0.524288
h_total: 5952121 output_estimate: 8745124 sg: 8
Probe Kernel time GPU: 10.622976 Transfer size: 5952121 sg: 8
h_total: 9547 output_estimate: 21139 sg: 12
Probe Kernel time GPU: 3.393536 Transfer size: 9547 sg: 12
Transfer Time : 2.879488 Transfer Time : 0.060224 Probe Group Kernel time CPU: 0.654336 sg = 12 non demand time = 16.7168
Probe Group Kernel time CPU: 4.928320 sg = 8 non demand time = 21.0339
Probe time 21.0934
Merge time 0.171584
Result:
Res count = 0
Query Execution Time: 22.3727
CPU Time: 4.92832
GPU Time: 10.623
Transfer Time: 2.87949
Malloc Time: 0.004096


 Query: 33 19920101 19971231
Query Prepare Time: 16.614

Query Optimization Time: 1.92195

s_suppkey
sg = 3
Filter Build Kernel time CPU: 0.169984 Filter Build Kernel time GPU: 0.026752 c_custkey
sg = 3
Filter Build Kernel time CPU: 0.189440 Filter Build Kernel time GPU: 0.072704 d_datekey
sg = 1
Filter Build Kernel time CPU: 0.014240 Build time 0.634752
sg = 8
sg = 12
h_total: 5868556 output_estimate: 8745124 sg: 8
Probe Kernel time CPU: 100.867073 h_total: 145872740 output_estimate: 146800640 sg: 12
Probe Kernel time CPU: 100.791359 Transfer size: 5868556 sg: 8
Transfer size: 145872740 sg: 12
Transfer Time : 69.164513 Transfer Time : 89.181252 h_total: 48423 output_estimate: 70422 sg: 8
Probe Kernel time GPU: 0.381952 Transfer size: 48423 sg: 8
h_total: 9480 output_estimate: 21005 sg: 12
Probe Kernel time GPU: 4.968448 Transfer size: 9480 sg: 12
Transfer Time : 0.067584 Transfer Time : 0.050304 Group Kernel time CPU: 0.555008 sg = 12 non demand time = 198.188
Group Kernel time CPU: 0.673792 sg = 8 non demand time = 198.403
Probe time 198.469
Merge time 0.152896
Result:
Res count = 0
Query Execution Time: 199.765
CPU Time: 101.541
GPU Time: 4.96845
Transfer Time: 89.2316
Malloc Time: 0.009216

22

 Query: 22 19920101 19981231
Query Prepare Time: 1.55421
 Query Prepare Time using cpu 0.00155163

Query Optimization Time: 1.7735

s_suppkey
sg = 1
h_total: 64276 output_estimate: 314572 sg: 1
Filter Kernel time CPU: 0.139264 Transfer size: 64276 sg: 1
Transfer Time: 0.02544 sg: 1
Build Kernel time GPU: 0.023552 Build Kernel time CPU: 0.084224 p_partkey
sg = 3
Filter Build Kernel time CPU: 0.122880 d_datekey
sg = 1
Filter Build Kernel time CPU: 0.013440 Build time 0.562176
Probe Group Kernel time CPU: 15.029248 sg = 0 non demand time = 15.0753
h_total: 176390095 output_estimate: 263612016 sg: 8
Probe Kernel time GPU: 14.881664 Transfer size: 176390095 sg: 8
Transfer Time : 55.445408 Probe Group Kernel time CPU: 46.764030 sg = 8 non demand time = 117.289
Probe time 117.548
Merge time 0.031808
Result:
Res count = 0
Query Execution Time: 118.244
CPU Time: 46.764
GPU Time: 14.8817
Transfer Time: 55.4454
Malloc Time: 0.01536


 Query: 22 19920101 19981231
Query Prepare Time: 5.18944

Query Optimization Time: 1.92922

s_suppkey
sg = 1
h_total: 64276 output_estimate: 314572 sg: 1
Filter Kernel time CPU: 0.191488 Transfer size: 64276 sg: 1
Transfer Time: 0.024576 sg: 1
Build Kernel time GPU: 0.024480 Build Kernel time CPU: 0.052288 p_partkey
sg = 3
Filter Build Kernel time CPU: 0.160544 d_datekey
sg = 1
Filter Build Kernel time CPU: 0.019456 Build time 0.631808
sg = 0
sg = 8
Probe Group Kernel time CPU: 29.135872 sg = 0 non demand time = 29.2116
h_total: 7055694 output_estimate: 10544480 sg: 8
Probe Kernel time CPU: 94.178307 Transfer size: 7055694 sg: 8
Transfer Time : 4.380768 h_total: 1417949 output_estimate: 2116708 sg: 8
Probe Kernel time GPU: 1.018848 Transfer size: 1417949 sg: 8
Transfer Time : 0.939008 Group Kernel time CPU: 6.567808 sg = 8 non demand time = 107.332
Probe time 107.491
Merge time 0.03984
Result:
Res count = 0
Query Execution Time: 108.264
CPU Time: 100.746
GPU Time: 1.01885
Transfer Time: 5.31978
Malloc Time: 0.017408

12

 Query: 12 19940101 19940131
Query Prepare Time: 0.304608
 Query Prepare Time using cpu 0.000302315

Query Optimization Time: 1.72646

d_datekey
sg = 3
Filter Build Kernel time CPU: 0.012416 Build time 0.047264
Filter Probe Aggr Kernel time CPU: 1.123328 sg = 0 non demand time = 1.13792
Probe time 1.17555
Merge time 0.002112
Result:
Res count = 0
Query Execution Time: 1.29418
CPU Time: 1.12333
GPU Time: 0
Transfer Time: 0
Malloc Time: 0.003136


 Query: 12 19940101 19940131
Query Prepare Time: 0.11504

Query Optimization Time: 1.64669

d_datekey
sg = 3
Filter Build Kernel time CPU: 0.012288 Build time 0.045056
sg = 0
Filter Probe Aggr Kernel time CPU: 1.118048 sg = 0 non demand time = 1.12861
Probe time 1.16237
Merge time 0.002048
Result:
Res count = 0
Query Execution Time: 1.26496
CPU Time: 1.11805
GPU Time: 0
Transfer Time: 0
Malloc Time: 0.003968

21

 Query: 21 19920101 19981231
Query Prepare Time: 3.78998
 Query Prepare Time using cpu 0.00378656

Query Optimization Time: 1.73158

s_suppkey
sg = 1
h_total: 64071 output_estimate: 314572 sg: 1
Filter Kernel time CPU: 0.120704 Transfer size: 64071 sg: 1
Transfer Time: 0.024576 sg: 1
Build Kernel time GPU: 0.024544 Build Kernel time CPU: 0.054272 p_partkey
sg = 3
Filter Build Kernel time CPU: 0.186400 d_datekey
sg = 3
Filter Build Kernel time CPU: 0.009024 Build time 0.575488
Probe Group Kernel time CPU: 14.999552 sg = 0 non demand time = 15.02
h_total: 175841578 output_estimate: 263612016 sg: 8
Probe Kernel time GPU: 14.870592 Transfer size: 175841578 sg: 8
Transfer Time : 55.274624 Probe Group Kernel time CPU: 43.776001 sg = 8 non demand time = 114.092
Probe time 114.329
Merge time 0.023744
Result:
Res count = 0
Query Execution Time: 115.084
CPU Time: 43.776
GPU Time: 14.8706
Transfer Time: 55.2746
Malloc Time: 0.016448


 Query: 21 19920101 19981231
Query Prepare Time: 5.12262

Query Optimization Time: 1.93037

s_suppkey
sg = 1
h_total: 64071 output_estimate: 314572 sg: 1
Filter Kernel time CPU: 0.142336 Transfer size: 64071 sg: 1
Transfer Time: 0.023712 sg: 1
Build Kernel time GPU: 0.026624 Build Kernel time CPU: 0.054272 p_partkey
sg = 3
Filter Build Kernel time CPU: 0.204800 d_datekey
sg = 3
Filter Build Kernel time CPU: 0.012288 Build time 0.651296
sg = 0
sg = 8
Probe Group Kernel time CPU: 17.975231 sg = 0 non demand time = 18.0019
h_total: 15770 output_estimate: 52722400 sg: 8
Probe Kernel time CPU: 92.213249 Transfer size: 15770 sg: 8
Transfer Time : 0.043008 h_total: 3160 output_estimate: 4731 sg: 8
Probe Kernel time GPU: 0.036864 Transfer size: 3160 sg: 8
Transfer Time : 0.027648 Group Kernel time CPU: 0.125952 sg = 8 non demand time = 92.8307
Probe time 93.021
Merge time 0.03216
Result:
Res count = 0
Query Execution Time: 93.8175
CPU Time: 92.3392
GPU Time: 0.036864
Transfer Time: 0.070656
Malloc Time: 0.017408

11

 Query: 11 19930101 19931231
Query Prepare Time: 0.343392
 Query Prepare Time using cpu 0.000341177

Query Optimization Time: 1.74899

d_datekey
sg = 1
Filter Build Kernel time CPU: 0.014432 Build time 0.049984
Filter Probe Aggr Kernel time CPU: 9.993056 sg = 0 non demand time = 10.0168
Probe time 10.0854
Merge time 0.002816
Result:
Res count = 0
Query Execution Time: 10.1977
CPU Time: 9.99306
GPU Time: 0
Transfer Time: 0
Malloc Time: 0.004288


 Query: 11 19930101 19931231
Query Prepare Time: 0.133792

Query Optimization Time: 1.76016

d_datekey
sg = 1
Filter Build Kernel time CPU: 0.015360 Build time 0.049152
sg = 0
Filter Probe Aggr Kernel time CPU: 9.844736 sg = 0 non demand time = 9.87238
Probe time 9.95123
Merge time 0.003648
Result:
Res count = 0
Query Execution Time: 10.0695
CPU Time: 9.84474
GPU Time: 0
Transfer Time: 0
Malloc Time: 0.003264

34

 Query: 34 19971201 19971231
Query Prepare Time: 1.09098
 Query Prepare Time using cpu 0.00107813

Query Optimization Time: 1.84218

s_suppkey
sg = 3
Filter Build Kernel time CPU: 0.111648 Filter Build Kernel time GPU: 0.028672 c_custkey
sg = 3
Filter Build Kernel time CPU: 0.188288 Filter Build Kernel time GPU: 0.075776 d_datekey
sg = 3
Filter Build Kernel time CPU: 0.009120 Build time 0.685056
h_total: 903 output_estimate: 1962 sg: 12
Probe Kernel time GPU: 0.254976 Transfer size: 903 sg: 12
Transfer Time : 0.023552 Probe Group Kernel time CPU: 0.100448 sg = 12 non demand time = 0.47312
Probe time 0.514016
Merge time 0.212384
Result:
Res count = 0
Query Execution Time: 1.90461
CPU Time: 0.309056
GPU Time: 0.254976
Transfer Time: 0.023552
Malloc Time: 0.004096


 Query: 34 19971201 19971231
Query Prepare Time: 1.96413

Query Optimization Time: 1.75616

s_suppkey
sg = 3
Filter Build Kernel time CPU: 0.104448 Filter Build Kernel time GPU: 0.024448 c_custkey
sg = 3
Filter Build Kernel time CPU: 0.168160 Filter Build Kernel time GPU: 0.072704 d_datekey
sg = 3
Filter Build Kernel time CPU: 0.009344 Build time 0.507904
sg = 12
h_total: 12368732 output_estimate: 13631488 sg: 12
Probe Kernel time CPU: 1.757184 Transfer size: 12368732 sg: 12
Transfer Time : 7.417760 h_total: 811 output_estimate: 1781 sg: 12
Probe Kernel time GPU: 0.477152 Transfer size: 811 sg: 12
Transfer Time : 0.029696 Group Kernel time CPU: 0.079936 sg = 12 non demand time = 9.9072
Probe time 9.94493
Merge time 0.192032
Result:
Res count = 0
Query Execution Time: 11.1165
CPU Time: 1.83712
GPU Time: 0.477152
Transfer Time: 7.44746
Malloc Time: 0.004256

23

 Query: 23 19920101 19981231
Query Prepare Time: 0.958752
 Query Prepare Time using cpu 0.000955343

Query Optimization Time: 1.77254

s_suppkey
sg = 1
h_total: 64068 output_estimate: 314572 sg: 1
Filter Kernel time CPU: 0.141312 Transfer size: 64068 sg: 1
Transfer Time: 0.024576 sg: 1
Build Kernel time GPU: 0.021536 Build Kernel time CPU: 0.054432 p_partkey
sg = 3
Filter Build Kernel time CPU: 0.123904 d_datekey
sg = 1
Filter Build Kernel time CPU: 0.017536 Build time 0.549888
Probe Group Kernel time CPU: 14.999552 sg = 0 non demand time = 15.0386
h_total: 175841825 output_estimate: 263612016 sg: 8
Probe Kernel time GPU: 14.881888 Transfer size: 175841825 sg: 8
Transfer Time : 55.273247 Probe Group Kernel time CPU: 38.816769 sg = 8 non demand time = 109.264
Probe time 109.455
Merge time 0.028736
Result:
Res count = 0
Query Execution Time: 110.15
CPU Time: 38.8168
GPU Time: 14.8819
Transfer Time: 55.2732
Malloc Time: 0.015392


 Query: 23 19920101 19981231
Query Prepare Time: 5.07235

Query Optimization Time: 1.93229

s_suppkey
sg = 1
h_total: 64068 output_estimate: 314572 sg: 1
Filter Kernel time CPU: 0.145408 Transfer size: 64068 sg: 1
Transfer Time: 0.024544 sg: 1
Build Kernel time GPU: 0.025664 Build Kernel time CPU: 0.058368 p_partkey
sg = 3
Filter Build Kernel time CPU: 0.132096 d_datekey
sg = 1
Filter Build Kernel time CPU: 0.019456 Build time 0.571584
sg = 0
sg = 8
Probe Group Kernel time CPU: 20.653152 sg = 0 non demand time = 20.6735
h_total: 872871 output_estimate: 1318060 sg: 8
Probe Kernel time CPU: 78.556190 Transfer size: 872871 sg: 8
Transfer Time : 0.586848 h_total: 174510 output_estimate: 261861 sg: 8
Probe Kernel time GPU: 0.217856 Transfer size: 174510 sg: 8
Transfer Time : 0.141312 Group Kernel time CPU: 2.874368 sg = 8 non demand time = 82.6194
Probe time 82.8393
Merge time 0.0264
Result:
Res count = 0
Query Execution Time: 83.5438
CPU Time: 81.4306
GPU Time: 0.217856
Transfer Time: 0.72816
Malloc Time: 0.018432

22

 Query: 22 19920101 19981231
Query Prepare Time: 4.63882
 Query Prepare Time using cpu 0.00463533

Query Optimization Time: 1.83706

s_suppkey
sg = 1
h_total: 64276 output_estimate: 314572 sg: 1
Filter Kernel time CPU: 0.367616 Transfer size: 64276 sg: 1
Transfer Time: 0.023552 sg: 1
Build Kernel time GPU: 0.023552 Build Kernel time CPU: 0.083968 p_partkey
sg = 3
Filter Build Kernel time CPU: 0.101376 d_datekey
sg = 1
Filter Build Kernel time CPU: 0.014496 Build time 0.768032
Probe Group Kernel time CPU: 15.060992 sg = 0 non demand time = 15.104
h_total: 176390095 output_estimate: 263612016 sg: 8
Probe Kernel time GPU: 14.890112 Transfer size: 176390095 sg: 8
Transfer Time : 55.469055 Probe Group Kernel time CPU: 41.243614 sg = 8 non demand time = 111.802
Probe time 112.073
Merge time 0.031104
Result:
Res count = 0
Query Execution Time: 112.981
CPU Time: 41.2436
GPU Time: 14.8901
Transfer Time: 55.4691
Malloc Time: 0.019168


 Query: 22 19920101 19981231
Query Prepare Time: 5.05245

Query Optimization Time: 1.80838

s_suppkey
sg = 1
h_total: 64276 output_estimate: 314572 sg: 1
Filter Kernel time CPU: 0.150304 Transfer size: 64276 sg: 1
Transfer Time: 0.024576 sg: 1
Build Kernel time GPU: 0.025600 Build Kernel time CPU: 0.104448 p_partkey
sg = 3
Filter Build Kernel time CPU: 0.137216 d_datekey
sg = 1
Filter Build Kernel time CPU: 0.015328 Build time 0.658432
sg = 0
sg = 8
Probe Group Kernel time CPU: 18.474976 sg = 0 non demand time = 18.5211
h_total: 7055694 output_estimate: 10544480 sg: 8
Probe Kernel time CPU: 86.898689 Transfer size: 7055694 sg: 8
Transfer Time : 4.396032 h_total: 1417949 output_estimate: 2116708 sg: 8
Probe Kernel time GPU: 1.018944 Transfer size: 1417949 sg: 8
Transfer Time : 0.940032 Group Kernel time CPU: 6.621408 sg = 8 non demand time = 100.192
Probe time 100.309
Merge time 0.026528
Result:
Res count = 0
Query Execution Time: 101.058
CPU Time: 93.5201
GPU Time: 1.01894
Transfer Time: 5.33606
Malloc Time: 0.015392

34

 Query: 34 19971201 19971231
Query Prepare Time: 2.83642
 Query Prepare Time using cpu 0.00282288

Query Optimization Time: 1.83296

s_suppkey
sg = 3
Filter Build Kernel time CPU: 0.104672 Filter Build Kernel time GPU: 0.024672 c_custkey
sg = 3
Filter Build Kernel time CPU: 0.172032 Filter Build Kernel time GPU: 0.073600 d_datekey
sg = 3
Filter Build Kernel time CPU: 0.009216 Build time 0.520192
h_total: 903 output_estimate: 1962 sg: 12
Probe Kernel time GPU: 0.253696 Transfer size: 903 sg: 12
Transfer Time : 0.019456 Probe Group Kernel time CPU: 0.096256 sg = 12 non demand time = 0.444416
Probe time 0.470016
Merge time 0.228128
Result:
Res count = 0
Query Execution Time: 1.73245
CPU Time: 0.28592
GPU Time: 0.253696
Transfer Time: 0.019456
Malloc Time: 0.004448


 Query: 34 19971201 19971231
Query Prepare Time: 2.18938

Query Optimization Time: 1.71014

s_suppkey
sg = 3
Filter Build Kernel time CPU: 0.107520 Filter Build Kernel time GPU: 0.023552 c_custkey
sg = 3
Filter Build Kernel time CPU: 0.166688 Filter Build Kernel time GPU: 0.073728 d_datekey
sg = 3
Filter Build Kernel time CPU: 0.009216 Build time 0.51504
sg = 12
h_total: 12368732 output_estimate: 13631488 sg: 12
Probe Kernel time CPU: 1.858656 Transfer size: 12368732 sg: 12
Transfer Time : 7.441408 h_total: 811 output_estimate: 1781 sg: 12
Probe Kernel time GPU: 0.476160 Transfer size: 811 sg: 12
Transfer Time : 0.024576 Group Kernel time CPU: 0.075776 sg = 12 non demand time = 10.0117
Probe time 10.0362
Merge time 0.193536
Result:
Res count = 0
Query Execution Time: 11.2228
CPU Time: 1.93443
GPU Time: 0.47616
Transfer Time: 7.46598
Malloc Time: 0.005952

42

 Query: 42 19970101 19981231
Query Prepare Time: 2.26819
 Query Prepare Time using cpu 0.00226545

Query Optimization Time: 1.75718

s_suppkey
sg = 1
h_total: 64071 output_estimate: 314572 sg: 1
Filter Kernel time CPU: 0.143360 Transfer size: 64071 sg: 1
Transfer Time: 0.023552 sg: 1
Build Kernel time GPU: 0.022496 Build Kernel time CPU: 0.052320 c_custkey
sg = 1
h_total: 960306 output_estimate: 1572864 sg: 1
Filter Kernel time CPU: 0.347904 Transfer size: 960306 sg: 1
Transfer Time: 0.156576 sg: 1
Build Kernel time GPU: 0.086016 Build Kernel time CPU: 0.505856 p_partkey
sg = 1
Filter Build Kernel time CPU: 0.228352 d_datekey
sg = 1
Filter Build Kernel time CPU: 0.011168 Build time 1.82579
h_total: 534773 output_estimate: 943718 sg: 32
Probe Kernel time GPU: 0.139392 Transfer size: 534773 sg: 32
h_total: 5876032 output_estimate: 13212058 sg: 48
Probe Kernel time GPU: 3.926016 Transfer size: 5876032 sg: 48
Transfer Time : 1.324032 Transfer Time : 2.920448 Probe Group Kernel time CPU: 16.479233 sg = 32 non demand time = 23.4916
Probe Group Kernel time CPU: 33.272831 sg = 0 non demand time = 33.2994
Probe Group Kernel time CPU: 26.444769 sg = 48 non demand time = 34.1248
Probe time 34.6337
Merge time 0.022912
Result:
Res count = 0
Query Execution Time: 36.5669
CPU Time: 33.2728
GPU Time: 3.92602
Transfer Time: 2.92045
Malloc Time: 0.078784


 Query: 42 19970101 19981231
Query Prepare Time: 13.8692

Query Optimization Time: 1.90054

s_suppkey
sg = 1
h_total: 64071 output_estimate: 314572 sg: 1
Filter Kernel time CPU: 0.152608 Transfer size: 64071 sg: 1
Transfer Time: 0.02544 sg: 1
Build Kernel time GPU: 0.025600 Build Kernel time CPU: 0.066560 c_custkey
sg = 1
h_total: 960306 output_estimate: 1572864 sg: 1
Filter Kernel time CPU: 0.360192 Transfer size: 960306 sg: 1
Transfer Time: 0.157696 sg: 1
Build Kernel time GPU: 0.083968 Build Kernel time CPU: 0.397472 p_partkey
sg = 1
Filter Build Kernel time CPU: 0.261120 d_datekey
sg = 1
Filter Build Kernel time CPU: 0.014400 Build time 1.81757
sg = 0
sg = 48
sg = 32
h_total: 212951 output_estimate: 566231 sg: 32
Probe Kernel time CPU: 23.390207 Transfer size: 212951 sg: 32
Transfer Time : 0.218112 h_total: 43066 output_estimate: 63885 sg: 32
Probe Kernel time GPU: 0.066560 Transfer size: 43066 sg: 32
Transfer Time : 0.076928 Group Kernel time CPU: 5.809376 sg = 32 non demand time = 29.91
Probe Group Kernel time CPU: 35.307522 sg = 0 non demand time = 35.3383
h_total: 58578016 output_estimate: 88080384 sg: 48
Probe Kernel time CPU: 49.670113 Transfer size: 58578016 sg: 48
Transfer Time : 43.874306 h_total: 2344594 output_estimate: 5272021 sg: 48
Probe Kernel time GPU: 3.809120 Transfer size: 2344594 sg: 48
Transfer Time : 1.878112 Group Kernel time CPU: 11.915264 sg = 48 non demand time = 111.425
Probe time 111.575
Merge time 0.025248
Result:
Res count = 0
Query Execution Time: 113.527
CPU Time: 61.5854
GPU Time: 3.80912
Transfer Time: 45.7524
Malloc Time: 0.032608

21

 Query: 21 19920101 19981231
Query Prepare Time: 2.17242
 Query Prepare Time using cpu 0.00216937

Query Optimization Time: 1.80019

s_suppkey
sg = 1
h_total: 64071 output_estimate: 314572 sg: 1
Filter Kernel time CPU: 0.134304 Transfer size: 64071 sg: 1
Transfer Time: 0.024672 sg: 1
Build Kernel time GPU: 0.025344 Build Kernel time CPU: 0.103584 p_partkey
sg = 3
Filter Build Kernel time CPU: 0.244736 d_datekey
sg = 3
Filter Build Kernel time CPU: 0.010240 Build time 0.697344
Probe Group Kernel time CPU: 15.006720 sg = 0 non demand time = 15.0497
h_total: 175841578 output_estimate: 263612016 sg: 8
Probe Kernel time GPU: 14.882976 Transfer size: 175841578 sg: 8
Transfer Time : 55.275520 Probe Group Kernel time CPU: 47.445854 sg = 8 non demand time = 117.834
Probe time 118.041
Merge time 0.031392
Result:
Res count = 0
Query Execution Time: 118.884
CPU Time: 47.4459
GPU Time: 14.883
Transfer Time: 55.2755
Malloc Time: 0.01664


 Query: 21 19920101 19981231
Query Prepare Time: 5.31728

Query Optimization Time: 1.95994

s_suppkey
sg = 1
h_total: 64071 output_estimate: 314572 sg: 1
Filter Kernel time CPU: 0.171840 Transfer size: 64071 sg: 1
Transfer Time: 0.02336 sg: 1
Build Kernel time GPU: 0.024448 Build Kernel time CPU: 0.054016 p_partkey
sg = 3
Filter Build Kernel time CPU: 0.212992 d_datekey
sg = 3
Filter Build Kernel time CPU: 0.011264 Build time 0.646336
sg = 0
sg = 8
Probe Group Kernel time CPU: 21.497856 sg = 0 non demand time = 21.5255
h_total: 15770 output_estimate: 52722400 sg: 8
Probe Kernel time CPU: 96.410622 Transfer size: 15770 sg: 8
Transfer Time : 0.043968 h_total: 3160 output_estimate: 4731 sg: 8
Probe Kernel time GPU: 0.037888 Transfer size: 3160 sg: 8
Transfer Time : 0.027648 Group Kernel time CPU: 0.145504 sg = 8 non demand time = 96.9697
Probe time 97.2001
Merge time 0.027776
Result:
Res count = 0
Query Execution Time: 97.9846
CPU Time: 96.5561
GPU Time: 0.037888
Transfer Time: 0.071616
Malloc Time: 0.016384

22

 Query: 22 19920101 19981231
Query Prepare Time: 5.05411
 Query Prepare Time using cpu 0.00505042

Query Optimization Time: 1.88314

s_suppkey
sg = 1
h_total: 64276 output_estimate: 314572 sg: 1
Filter Kernel time CPU: 0.137312 Transfer size: 64276 sg: 1
Transfer Time: 0.02368 sg: 1
Build Kernel time GPU: 0.023712 Build Kernel time CPU: 0.049120 p_partkey
sg = 3
Filter Build Kernel time CPU: 0.117760 d_datekey
sg = 1
Filter Build Kernel time CPU: 0.014336 Build time 0.521216
Probe Group Kernel time CPU: 15.029248 sg = 0 non demand time = 15.0497
h_total: 176390095 output_estimate: 263612016 sg: 8
Probe Kernel time GPU: 14.882816 Transfer size: 176390095 sg: 8
Transfer Time : 55.468033 Probe Group Kernel time CPU: 39.393471 sg = 8 non demand time = 109.954
Probe time 110.172
Merge time 0.023296
Result:
Res count = 0
Query Execution Time: 110.85
CPU Time: 39.3935
GPU Time: 14.8828
Transfer Time: 55.468
Malloc Time: 0.018432


 Query: 22 19920101 19981231
Query Prepare Time: 5.07517

Query Optimization Time: 1.86778

s_suppkey
sg = 1
h_total: 64276 output_estimate: 314572 sg: 1
Filter Kernel time CPU: 0.215040 Transfer size: 64276 sg: 1
Transfer Time: 0.023712 sg: 1
Build Kernel time GPU: 0.023552 Build Kernel time CPU: 0.059392 p_partkey
sg = 3
Filter Build Kernel time CPU: 0.101376 d_datekey
sg = 1
Filter Build Kernel time CPU: 0.014336 Build time 0.719808
sg = 8
sg = 0
Probe Group Kernel time CPU: 17.890240 sg = 0 non demand time = 17.9219
h_total: 7055694 output_estimate: 10544480 sg: 8
Probe Kernel time CPU: 83.772415 Transfer size: 7055694 sg: 8
Transfer Time : 4.385792 h_total: 1417949 output_estimate: 2116708 sg: 8
Probe Kernel time GPU: 1.025024 Transfer size: 1417949 sg: 8
Transfer Time : 0.939008 Group Kernel time CPU: 6.596800 sg = 8 non demand time = 96.9541
Probe time 97.0312
Merge time 0.030688
Result:
Res count = 0
Query Execution Time: 97.8832
CPU Time: 90.3692
GPU Time: 1.02502
Transfer Time: 5.3248
Malloc Time: 0.01824

42

 Query: 42 19970101 19981231
Query Prepare Time: 4.81696
 Query Prepare Time using cpu 0.00481439

Query Optimization Time: 1.87376

s_suppkey
sg = 1
h_total: 64071 output_estimate: 314572 sg: 1
Filter Kernel time CPU: 0.188416 Transfer size: 64071 sg: 1
Transfer Time: 0.024576 sg: 1
Build Kernel time GPU: 0.024576 Build Kernel time CPU: 0.063488 c_custkey
sg = 1
h_total: 960306 output_estimate: 1572864 sg: 1
Filter Kernel time CPU: 0.334688 Transfer size: 960306 sg: 1
Transfer Time: 0.15872 sg: 1
Build Kernel time GPU: 0.084992 Build Kernel time CPU: 0.365600 p_partkey
sg = 1
Filter Build Kernel time CPU: 0.232512 d_datekey
sg = 1
Filter Build Kernel time CPU: 0.011264 Build time 1.87085
h_total: 534773 output_estimate: 943718 sg: 32
Probe Kernel time GPU: 3.987456 h_total: 5876032 output_estimate: 13212058 sg: 48
Probe Kernel time GPU: 3.898368 Transfer size: 5876032 sg: 48
Transfer size: 534773 sg: 32
Transfer Time : 3.061760 Transfer Time : 1.245312 Probe Group Kernel time CPU: 11.006752 sg = 32 non demand time = 18.7105
Probe Group Kernel time CPU: 26.649599 sg = 0 non demand time = 26.7031
Probe Group Kernel time CPU: 24.288256 sg = 48 non demand time = 31.8515
Probe time 32.0829
Merge time 0.023456
Result:
Res count = 0
Query Execution Time: 34.0487
CPU Time: 26.6496
GPU Time: 3.98746
Transfer Time: 3.06176
Malloc Time: 1.01069


 Query: 42 19970101 19981231
Query Prepare Time: 11.9013

Query Optimization Time: 1.90566

s_suppkey
sg = 1
h_total: 64071 output_estimate: 314572 sg: 1
Filter Kernel time CPU: 0.124928 Transfer size: 64071 sg: 1
Transfer Time: 0.023648 sg: 1
Build Kernel time GPU: 0.025600 Build Kernel time CPU: 0.064384 c_custkey
sg = 1
h_total: 960306 output_estimate: 1572864 sg: 1
Filter Kernel time CPU: 0.327584 Transfer size: 960306 sg: 1
Transfer Time: 0.157696 sg: 1
Build Kernel time GPU: 0.086912 Build Kernel time CPU: 0.445632 p_partkey
sg = 1
Filter Build Kernel time CPU: 0.247808 d_datekey
sg = 1
Filter Build Kernel time CPU: 0.012288 Build time 1.85754
sg = 0
sg = 32
sg = 48
h_total: 212951 output_estimate: 566231 sg: 32
Probe Kernel time CPU: 23.732224 Transfer size: 212951 sg: 32
Transfer Time : 0.209920 h_total: 43066 output_estimate: 63885 sg: 32
Probe Kernel time GPU: 0.063488 Transfer size: 43066 sg: 32
Transfer Time : 0.072704 Group Kernel time CPU: 5.572608 sg = 32 non demand time = 30.1945
Probe Group Kernel time CPU: 36.003841 sg = 0 non demand time = 36.0407
h_total: 58578016 output_estimate: 88080384 sg: 48
Probe Kernel time CPU: 45.630367 Transfer size: 58578016 sg: 48
Transfer Time : 43.871231 h_total: 2344594 output_estimate: 5272021 sg: 48
Probe Kernel time GPU: 3.807200 Transfer size: 2344594 sg: 48
Transfer Time : 1.876992 Group Kernel time CPU: 11.834368 sg = 48 non demand time = 107.261
Probe time 107.66
Merge time 0.025184
Result:
Res count = 0
Query Execution Time: 109.672
CPU Time: 57.4647
GPU Time: 3.8072
Transfer Time: 45.7482
Malloc Time: 0.031744

22

 Query: 22 19920101 19981231
Query Prepare Time: 2.24467
 Query Prepare Time using cpu 0.00224185

Query Optimization Time: 1.80003

s_suppkey
sg = 1
h_total: 64276 output_estimate: 314572 sg: 1
Filter Kernel time CPU: 0.136192 Transfer size: 64276 sg: 1
Transfer Time: 0.024576 sg: 1
Build Kernel time GPU: 0.025600 Build Kernel time CPU: 0.106496 p_partkey
sg = 3
Filter Build Kernel time CPU: 0.135424 d_datekey
sg = 1
Filter Build Kernel time CPU: 0.015456 Build time 0.598976
Probe Group Kernel time CPU: 14.913536 sg = 0 non demand time = 14.9432
h_total: 176390095 output_estimate: 263612016 sg: 8
Probe Kernel time GPU: 14.862336 Transfer size: 176390095 sg: 8
Transfer Time : 55.451649 Probe Group Kernel time CPU: 42.867710 sg = 8 non demand time = 113.331
Probe time 113.483
Merge time 0.028416
Result:
Res count = 0
Query Execution Time: 114.194
CPU Time: 42.8677
GPU Time: 14.8623
Transfer Time: 55.4516
Malloc Time: 0.016288


 Query: 22 19920101 19981231
Query Prepare Time: 5.07696

Query Optimization Time: 1.94243

s_suppkey
sg = 1
h_total: 64276 output_estimate: 314572 sg: 1
Filter Kernel time CPU: 0.169120 Transfer size: 64276 sg: 1
Transfer Time: 0.022624 sg: 1
Build Kernel time GPU: 0.026624 Build Kernel time CPU: 0.051200 p_partkey
sg = 3
Filter Build Kernel time CPU: 0.135168 d_datekey
sg = 1
Filter Build Kernel time CPU: 0.015360 Build time 0.575488
sg = 0
sg = 8
Probe Group Kernel time CPU: 29.024256 sg = 0 non demand time = 29.056
h_total: 7055694 output_estimate: 10544480 sg: 8
Probe Kernel time CPU: 88.135681 Transfer size: 7055694 sg: 8
Transfer Time : 4.398272 h_total: 1417949 output_estimate: 2116708 sg: 8
Probe Kernel time GPU: 1.016832 Transfer size: 1417949 sg: 8
Transfer Time : 0.941088 Group Kernel time CPU: 6.515552 sg = 8 non demand time = 101.445
Probe time 101.621
Merge time 0.031872
Result:
Res count = 0
Query Execution Time: 102.332
CPU Time: 94.6512
GPU Time: 1.01683
Transfer Time: 5.33936
Malloc Time: 0.018624

11

 Query: 11 19930101 19931231
Query Prepare Time: 0.306016
 Query Prepare Time using cpu 0.000304222

Query Optimization Time: 1.75718

d_datekey
sg = 1
Filter Build Kernel time CPU: 0.015360 Build time 0.053248
Filter Probe Aggr Kernel time CPU: 9.772160 sg = 0 non demand time = 9.79558
Probe time 9.96045
Merge time 0.003392
Result:
Res count = 0
Query Execution Time: 10.1336
CPU Time: 9.77216
GPU Time: 0
Transfer Time: 0
Malloc Time: 0.00304


 Query: 11 19930101 19931231
Query Prepare Time: 0.129888

Query Optimization Time: 1.80122

d_datekey
sg = 1
Filter Build Kernel time CPU: 0.019456 Build time 0.059392
sg = 0
Filter Probe Aggr Kernel time CPU: 9.729024 sg = 0 non demand time = 9.7536
Probe time 9.83434
Merge time 0.00352
Result:
Res count = 0
Query Execution Time: 9.96294
CPU Time: 9.72902
GPU Time: 0
Transfer Time: 0
Malloc Time: 0.002848

42

 Query: 42 19970101 19981231
Query Prepare Time: 2.06874
 Query Prepare Time using cpu 0.0020659

Query Optimization Time: 1.90259

s_suppkey
sg = 1
h_total: 64071 output_estimate: 314572 sg: 1
Filter Kernel time CPU: 0.137216 Transfer size: 64071 sg: 1
Transfer Time: 0.024576 sg: 1
Build Kernel time GPU: 0.026528 Build Kernel time CPU: 0.056416 c_custkey
sg = 1
h_total: 960306 output_estimate: 1572864 sg: 1
Filter Kernel time CPU: 0.340992 Transfer size: 960306 sg: 1
Transfer Time: 0.157952 sg: 1
Build Kernel time GPU: 0.087040 Build Kernel time CPU: 0.369664 p_partkey
sg = 1
Filter Build Kernel time CPU: 0.253952 d_datekey
sg = 1
Filter Build Kernel time CPU: 0.011104 Build time 1.78867
h_total: 534773 output_estimate: 943718 sg: 32
Probe Kernel time GPU: 0.153600 Transfer size: 534773 sg: 32
h_total: 5876032 output_estimate: 13212058 sg: 48
Probe Kernel time GPU: 3.932160 Transfer size: 5876032 sg: 48
Transfer Time : 1.246112 Transfer Time : 2.848640 Probe Group Kernel time CPU: 11.515904 sg = 32 non demand time = 18.0204
Probe Group Kernel time CPU: 30.022655 sg = 0 non demand time = 30.1353
Probe Group Kernel time CPU: 23.102465 sg = 48 non demand time = 30.4845
Probe time 30.7282
Merge time 0.023264
Result:
Res count = 0
Query Execution Time: 32.6312
CPU Time: 30.0227
GPU Time: 3.93216
Transfer Time: 2.84864
Malloc Time: 0.18752


 Query: 42 19970101 19981231
Query Prepare Time: 17.4388

Query Optimization Time: 1.90874

s_suppkey
sg = 1
h_total: 64071 output_estimate: 314572 sg: 1
Filter Kernel time CPU: 0.139168 Transfer size: 64071 sg: 1
Transfer Time: 0.023552 sg: 1
Build Kernel time GPU: 0.025440 Build Kernel time CPU: 0.063552 c_custkey
sg = 1
h_total: 960306 output_estimate: 1572864 sg: 1
Filter Kernel time CPU: 0.337920 Transfer size: 960306 sg: 1
Transfer Time: 0.158496 sg: 1
Build Kernel time GPU: 0.084992 Build Kernel time CPU: 0.559104 p_partkey
sg = 1
Filter Build Kernel time CPU: 0.229376 d_datekey
sg = 1
Filter Build Kernel time CPU: 0.014112 Build time 1.90262
sg = 0
sg = 32
sg = 48
h_total: 212951 output_estimate: 566231 sg: 32
Probe Kernel time CPU: 3.611648 Transfer size: 212951 sg: 32
Transfer Time : 0.268288 h_total: 43066 output_estimate: 63885 sg: 32
Probe Kernel time GPU: 0.047104 Transfer size: 43066 sg: 32
Transfer Time : 0.082944 Group Kernel time CPU: 5.729280 sg = 32 non demand time = 9.93178
Probe Group Kernel time CPU: 45.900799 sg = 0 non demand time = 45.9818
h_total: 58578016 output_estimate: 88080384 sg: 48
Probe Kernel time CPU: 46.412991 Transfer size: 58578016 sg: 48
Transfer Time : 43.883583 h_total: 2344594 output_estimate: 5272021 sg: 48
Probe Kernel time GPU: 3.807136 Transfer size: 2344594 sg: 48
Transfer Time : 1.880064 Group Kernel time CPU: 11.781120 sg = 48 non demand time = 108.226
Probe time 108.424
Merge time 0.025856
Result:
Res count = 0
Query Execution Time: 110.455
CPU Time: 58.1941
GPU Time: 3.80714
Transfer Time: 45.7636
Malloc Time: 0.03072

43

 Query: 43 19970101 19981231
Query Prepare Time: 4.26429
 Query Prepare Time using cpu 0.00420737

Query Optimization Time: 1.86768

s_suppkey
sg = 3
Filter Build Kernel time CPU: 0.112640 Filter Build Kernel time GPU: 0.029696 c_custkey
sg = 1
h_total: 960306 output_estimate: 1572864 sg: 1
Filter Kernel time CPU: 0.309248 Transfer size: 960306 sg: 1
Transfer Time: 0.157696 sg: 1
Build Kernel time GPU: 0.086016 Build Kernel time CPU: 0.359296 p_partkey
sg = 3
Filter Build Kernel time CPU: 0.137216 d_datekey
sg = 1
Filter Build Kernel time CPU: 0.011392 Build time 1.4161
h_total: 1179904 output_estimate: 2642411 sg: 48
Probe Kernel time GPU: 2.850784 Transfer size: h_total: 1179904 sg: 48
107708 output_estimate: 188743 sg: 32
Probe Kernel time GPU: 0.095392 Transfer size: 107708 sg: 32
Transfer Time : 6.481920 Transfer Time : 0.093216 Probe Group Kernel time CPU: 2.927552 sg = 32 non demand time = 12.5491
Probe Group Kernel time CPU: 13.507584 Probe Group Kernel time CPU: 3.751936 sg = 0 non demand time = 13.578
sg = 48 non demand time = 13.4256
Probe time 13.6909
Merge time 0.468608
Result:
Res count = 0
Query Execution Time: 17.3316
CPU Time: 13.5076
GPU Time: 2.85078
Transfer Time: 6.48192
Malloc Time: 0.214016


 Query: 43 19970101 19981231
Query Prepare Time: 12.3598

Query Optimization Time: 1.81965

s_suppkey
sg = 3
Filter Build Kernel time CPU: 0.187392 Filter Build Kernel time GPU: 0.028672 c_custkey
sg = 1
h_total: 960306 output_estimate: 1572864 sg: 1
Filter Kernel time CPU: 0.498688 Transfer size: 960306 sg: 1
Transfer Time: 0.157952 sg: 1
Build Kernel time GPU: 0.085888 Build Kernel time CPU: 0.340992 p_partkey
sg = 3
Filter Build Kernel time CPU: 0.177152 d_datekey
sg = 1
Filter Build Kernel time CPU: 0.011328 Build time 1.72624
sg = 0
sg = 48
sg = 32
h_total: 21107 output_estimate: 56623 sg: 32
Probe Kernel time CPU: 13.780992 Transfer size: 21107 sg: 32
Transfer Time : 0.074752 h_total: 851 output_estimate: 1266 sg: 32
Probe Kernel time GPU: 0.048128 Transfer size: 851 sg: 32
Transfer Time : 0.040992 Group Kernel time CPU: 0.127104 sg = 32 non demand time = 14.7505
Probe Group Kernel time CPU: 16.468033 sg = 0 non demand time = 16.4975
h_total: 5858959 output_estimate: 8808038 sg: 48
Probe Kernel time CPU: 32.865280 Transfer size: 5858959 sg: 48
Transfer Time : 4.648960 h_total: 46838 output_estimate: 105461 sg: 48
Probe Kernel time GPU: 0.798784 Transfer size: 46838 sg: 48
Transfer Time : 0.070784 Group Kernel time CPU: 0.350208 sg = 48 non demand time = 39.1905
Probe time 39.3062
Merge time 0.479936
Result:
Res count = 0
Query Execution Time: 43.318
CPU Time: 33.2155
GPU Time: 0.798784
Transfer Time: 4.71974
Malloc Time: 0.01312

22

 Query: 22 19920101 19981231
Query Prepare Time: 4.5777
 Query Prepare Time using cpu 0.00457358

Query Optimization Time: 1.86266

s_suppkey
sg = 1
h_total: 64276 output_estimate: 314572 sg: 1
Filter Kernel time CPU: 0.171872 Transfer size: 64276 sg: 1
Transfer Time: 0.024576 sg: 1
Build Kernel time GPU: 0.025600 Build Kernel time CPU: 0.057536 p_partkey
sg = 3
Filter Build Kernel time CPU: 0.160576 d_datekey
sg = 1
Filter Build Kernel time CPU: 0.017408 Build time 0.617632
Probe Group Kernel time CPU: 14.993408 sg = 0 non demand time = 15.1102
h_total: 176390095 output_estimate: 263612016 sg: 8
Probe Kernel time GPU: 15.000576 Transfer size: 176390095 sg: 8
Transfer Time : 55.478271 Probe Group Kernel time CPU: 45.952866 sg = 8 non demand time = 116.648
Probe time 116.824
Merge time 0.030784
Result:
Res count = 0
Query Execution Time: 117.59
CPU Time: 45.9529
GPU Time: 15.0006
Transfer Time: 55.4783
Malloc Time: 0.017376


 Query: 22 19920101 19981231
Query Prepare Time: 5.18323

Query Optimization Time: 1.87494

s_suppkey
sg = 1
h_total: 64276 output_estimate: 314572 sg: 1
Filter Kernel time CPU: 0.155648 Transfer size: 64276 sg: 1
Transfer Time: 0.02448 sg: 1
Build Kernel time GPU: 0.024480 Build Kernel time CPU: 0.104608 p_partkey
sg = 3
Filter Build Kernel time CPU: 0.149504 d_datekey
sg = 1
Filter Build Kernel time CPU: 0.018432 Build time 0.6296
sg = 0
sg = 8
Probe Group Kernel time CPU: 61.118656 sg = 0 non demand time = 61.2168
h_total: 7055694 output_estimate: 10544480 sg: 8
Probe Kernel time CPU: 92.612610 Transfer size: 7055694 sg: 8
Transfer Time : 4.339712 h_total: 1417949 output_estimate: 2116708 sg: 8
Probe Kernel time GPU: 1.020928 Transfer size: 1417949 sg: 8
Transfer Time : 0.945152 Group Kernel time CPU: 6.554624 sg = 8 non demand time = 105.726
Probe time 105.876
Merge time 0.031712
Result:
Res count = 0
Query Execution Time: 106.637
CPU Time: 99.1672
GPU Time: 1.02093
Transfer Time: 5.28486
Malloc Time: 0.016384

32

 Query: 32 19920101 19971231
Query Prepare Time: 1.2632
 Query Prepare Time using cpu 0.00124979

Query Optimization Time: 1.76845

s_suppkey
sg = 3
Filter Build Kernel time CPU: 0.105312 Filter Build Kernel time GPU: 0.027648 c_custkey
sg = 1
h_total: 191633 output_estimate: 5242880 sg: 1
Filter Kernel time CPU: 0.184320 Transfer size: 191633 sg: 1
Transfer Time: 0.043008 sg: 1
Build Kernel time GPU: 0.036704 Build Kernel time CPU: 0.257024 d_datekey
sg = 1
Filter Build Kernel time CPU: 0.017472 Build time 0.95232
h_total: 29288664 output_estimate: 43725620 sg: 8
Probe Kernel time GPU: 11.366240 Transfer size: 29288664 sg: 8
h_total: 236038 output_estimate: 528482 sg: 12
Probe Kernel time GPU: 2.729984 Transfer size: 236038 sg: 12
Transfer Time : 14.192416 Transfer Time : 0.142336 Probe Group Kernel time CPU: 12.317536 sg = 12 non demand time = 29.4298
Probe Group Kernel time CPU: 20.118528 sg = 8 non demand time = 48.5202
Probe time 48.5878
Merge time 0.17424
Result:
Res count = 0
Query Execution Time: 50.2167
CPU Time: 20.1185
GPU Time: 11.3662
Transfer Time: 14.1924
Malloc Time: 0.012256


 Query: 32 19920101 19971231
Query Prepare Time: 14.0957

Query Optimization Time: 1.93123

s_suppkey
sg = 3
Filter Build Kernel time CPU: 0.146432 Filter Build Kernel time GPU: 0.029696 c_custkey
sg = 1
h_total: 191633 output_estimate: 5242880 sg: 1
Filter Kernel time CPU: 0.189568 Transfer size: 191633 sg: 1
Transfer Time: 0.042752 sg: 1
Build Kernel time GPU: 0.037888 Build Kernel time CPU: 0.303104 d_datekey
sg = 1
Filter Build Kernel time CPU: 0.015520 Build time 0.964608
sg = 8
sg = 12
h_total: 145872740 output_estimate: 146800640 sg: 12
Probe Kernel time CPU: 117.928864 Transfer size: 145872740 sg: 12
h_total: 29042031 output_estimate: 43725620 sg: 8
Probe Kernel time CPU: 139.919357 Transfer size: 29042031 sg: 8
Transfer Time : 96.070656 Transfer Time : 39.258114 h_total: 234583 output_estimate: 525141 sg: 12
Probe Kernel time GPU: 4.439040 Transfer size: 234583 sg: 12
h_total: 1166547 output_estimate: 1742521 sg: 8
Probe Kernel time GPU: 1.250304 Transfer size: 1166547 sg: 8
Transfer Time : 0.385024 Transfer Time : 0.757760 Group Kernel time CPU: 0.823424 sg = 12 non demand time = 229.935
Group Kernel time CPU: 1.961984 sg = 8 non demand time = 231.521
Probe time 231.584
Merge time 0.158464
Result:
Res count = 0
Query Execution Time: 233.175
CPU Time: 141.881
GPU Time: 4.43904
Transfer Time: 96.4557
Malloc Time: 0.01152

34

 Query: 34 19971201 19971231
Query Prepare Time: 4.56573
 Query Prepare Time using cpu 0.0045526

Query Optimization Time: 1.8432

s_suppkey
sg = 3
Filter Build Kernel time CPU: 0.157696 Filter Build Kernel time GPU: 0.027648 c_custkey
sg = 3
Filter Build Kernel time CPU: 0.174976 Filter Build Kernel time GPU: 0.073824 d_datekey
sg = 3
Filter Build Kernel time CPU: 0.010240 Build time 0.586624
h_total: 903 output_estimate: 1962 sg: 12
Probe Kernel time GPU: 0.256000 Transfer size: 903 sg: 12
Transfer Time : 0.019456 Probe Group Kernel time CPU: 0.106496 sg = 12 non demand time = 0.460736
Probe time 0.484544
Merge time 0.244896
Result:
Res count = 0
Query Execution Time: 1.78538
CPU Time: 0.342912
GPU Time: 0.256
Transfer Time: 0.019456
Malloc Time: 0.004096


 Query: 34 19971201 19971231
Query Prepare Time: 3.04499

Query Optimization Time: 1.75514

s_suppkey
sg = 3
Filter Build Kernel time CPU: 0.196800 Filter Build Kernel time GPU: 0.023552 c_custkey
sg = 3
Filter Build Kernel time CPU: 0.232288 Filter Build Kernel time GPU: 0.072704 d_datekey
sg = 3
Filter Build Kernel time CPU: 0.015360 Build time 0.683168
sg = 12
h_total: 12368732 output_estimate: 13631488 sg: 12
Probe Kernel time CPU: 2.435072 Transfer size: 12368732 sg: 12
Transfer Time : 7.418944 h_total: 811 output_estimate: 1781 sg: 12
Probe Kernel time GPU: 0.486528 Transfer size: 811 sg: 12
Transfer Time : 0.025408 Group Kernel time CPU: 0.081024 sg = 12 non demand time = 10.5942
Probe time 10.6198
Merge time 0.314816
Result:
Res count = 0
Query Execution Time: 12.0913
CPU Time: 2.5161
GPU Time: 0.486528
Transfer Time: 7.44435
Malloc Time: 0.00496

23

 Query: 23 19920101 19981231
Query Prepare Time: 0.700256
 Query Prepare Time using cpu 0.000697374

Query Optimization Time: 1.80122

s_suppkey
sg = 1
h_total: 64068 output_estimate: 314572 sg: 1
Filter Kernel time CPU: 0.321344 Transfer size: 64068 sg: 1
Transfer Time: 0.022528 sg: 1
Build Kernel time GPU: 0.021664 Build Kernel time CPU: 0.061600 p_partkey
sg = 3
Filter Build Kernel time CPU: 0.167936 d_datekey
sg = 1
Filter Build Kernel time CPU: 0.023456 Build time 0.759872
h_total: 175841825 output_estimate: 263612016 sg: 8
Probe Kernel time GPU: 15.005600 Transfer size: 175841825 sg: 8
Probe Group Kernel time CPU: 43.566078 sg = 0 non demand time = Transfer Time : 55.313408 70.8209
Probe Group Kernel time CPU: 52.123650 sg = 8 non demand time = 122.913
Probe time 123.12
Merge time 0.0328
Result:
Res count = 0
Query Execution Time: 124.025
CPU Time: 52.1236
GPU Time: 15.0056
Transfer Time: 55.3134
Malloc Time: 0.014336


 Query: 23 19920101 19981231
Query Prepare Time: 5.33088

Query Optimization Time: 1.93946

s_suppkey
sg = 1
h_total: 64068 output_estimate: 314572 sg: 1
Filter Kernel time CPU: 0.276480 Transfer size: 64068 sg: 1
Transfer Time: 0.023552 sg: 1
Build Kernel time GPU: 0.024576 Build Kernel time CPU: 0.096320 p_partkey
sg = 3
Filter Build Kernel time CPU: 0.132096 d_datekey
sg = 1
Filter Build Kernel time CPU: 0.025600 Build time 0.740448
sg = 0
sg = 8
Probe Group Kernel time CPU: 25.404415 sg = 0 non demand time = 25.43
h_total: 872871 output_estimate: 1318060 sg: 8
Probe Kernel time CPU: 92.656639 Transfer size: 872871 sg: 8
Transfer Time : 0.572480 h_total: 174510 output_estimate: 261861 sg: 8
Probe Kernel time GPU: 0.217088 Transfer size: 174510 sg: 8
Transfer Time : 0.139296 Group Kernel time CPU: 2.823328 sg = 8 non demand time = 96.7291
Probe time 96.8376
Merge time 0.025952
Result:
Res count = 0
Query Execution Time: 97.6688
CPU Time: 95.48
GPU Time: 0.217088
Transfer Time: 0.711776
Malloc Time: 0.01936

23

 Query: 23 19920101 19981231
Query Prepare Time: 4.58739
 Query Prepare Time using cpu 0.00458384

Query Optimization Time: 1.84218

s_suppkey
sg = 1
h_total: 64068 output_estimate: 314572 sg: 1
Filter Kernel time CPU: 0.140288 Transfer size: 64068 sg: 1
Transfer Time: 0.023552 sg: 1
Build Kernel time GPU: 0.022336 Build Kernel time CPU: 0.050176 p_partkey
sg = 3
Filter Build Kernel time CPU: 0.106432 d_datekey
sg = 1
Filter Build Kernel time CPU: 0.015520 Build time 0.512
Probe Group Kernel time CPU: 14.973952 sg = 0 non demand time = 15.0938
h_total: 175841825 output_estimate: 263612016 sg: 8
Probe Kernel time GPU: 14.999488 Transfer size: 175841825 sg: 8
Transfer Time : 55.304192 Probe Group Kernel time CPU: 39.637890 sg = 8 non demand time = 110.13
Probe time 110.288
Merge time 0.031008
Result:
Res count = 0
Query Execution Time: 110.937
CPU Time: 39.6379
GPU Time: 14.9995
Transfer Time: 55.3042
Malloc Time: 0.015488


 Query: 23 19920101 19981231
Query Prepare Time: 5.05034

Query Optimization Time: 1.8729

s_suppkey
sg = 1
h_total: 64068 output_estimate: 314572 sg: 1
Filter Kernel time CPU: 0.158720 Transfer size: 64068 sg: 1
Transfer Time: 0.02464 sg: 1
Build Kernel time GPU: 0.025536 Build Kernel time CPU: 0.119808 p_partkey
sg = 3
Filter Build Kernel time CPU: 0.137216 d_datekey
sg = 1
Filter Build Kernel time CPU: 0.016192 Build time 0.642208
sg = 0
sg = 8
Probe Group Kernel time CPU: 21.816448 sg = 0 non demand time = 21.8439
h_total: 872871 output_estimate: 1318060 sg: 8
Probe Kernel time CPU: 80.933891 Transfer size: 872871 sg: 8
Transfer Time : 0.568320 h_total: 174510 output_estimate: 261861 sg: 8
Probe Kernel time GPU: 0.216064 Transfer size: 174510 sg: 8
Transfer Time : 0.139264 Group Kernel time CPU: 2.867200 sg = 8 non demand time = 84.99
Probe time 85.1938
Merge time 0.02528
Result:
Res count = 0
Query Execution Time: 85.948
CPU Time: 83.8011
GPU Time: 0.216064
Transfer Time: 0.707584
Malloc Time: 0.016384

22

 Query: 22 19920101 19981231
Query Prepare Time: 4.58742
 Query Prepare Time using cpu 0.00458407

Query Optimization Time: 1.78586

s_suppkey
sg = 1
h_total: 64276 output_estimate: 314572 sg: 1
Filter Kernel time CPU: 0.191488 Transfer size: 64276 sg: 1
Transfer Time: 0.025344 sg: 1
Build Kernel time GPU: 0.025600 Build Kernel time CPU: 0.121760 p_partkey
sg = 3
Filter Build Kernel time CPU: 0.100224 d_datekey
sg = 1
Filter Build Kernel time CPU: 0.014304 Build time 0.77312
Probe Group Kernel time CPU: 15.229952 sg = 0 non demand time = 15.2781
h_total: 176390095 output_estimate: 263612016 sg: 8
Probe Kernel time GPU: 15.001600 Transfer size: 176390095 sg: 8
Transfer Time : 55.468033 Probe Group Kernel time CPU: 40.521729 sg = 8 non demand time = 111.198
Probe time 111.53
Merge time 0.0336
Result:
Res count = 0
Query Execution Time: 112.477
CPU Time: 40.5217
GPU Time: 15.0016
Transfer Time: 55.468
Malloc Time: 0.016384


 Query: 22 19920101 19981231
Query Prepare Time: 4.98227

Query Optimization Time: 1.88307

s_suppkey
sg = 1
h_total: 64276 output_estimate: 314572 sg: 1
Filter Kernel time CPU: 0.131296 Transfer size: 64276 sg: 1
Transfer Time: 0.0256 sg: 1
Build Kernel time GPU: 0.023552 Build Kernel time CPU: 0.105600 p_partkey
sg = 3
Filter Build Kernel time CPU: 0.148480 d_datekey
sg = 1
Filter Build Kernel time CPU: 0.013152 Build time 0.605984
sg = 0
sg = 8
Probe Group Kernel time CPU: 35.512222 sg = 0 non demand time = 35.5391
h_total: 7055694 output_estimate: 10544480 sg: 8
Probe Kernel time CPU: 86.196220 Transfer size: 7055694 sg: 8
Transfer Time : 4.374528 h_total: 1417949 output_estimate: 2116708 sg: 8
Probe Kernel time GPU: 1.022144 Transfer size: 1417949 sg: 8
Transfer Time : 0.941056 Group Kernel time CPU: 6.557696 sg = 8 non demand time = 99.4253
Probe time 99.6137
Merge time 0.034176
Result:
Res count = 0
Query Execution Time: 100.346
CPU Time: 92.7539
GPU Time: 1.02214
Transfer Time: 5.31558
Malloc Time: 0.0184

21

 Query: 21 19920101 19981231
Query Prepare Time: 4.24906
 Query Prepare Time using cpu 0.00424528

Query Optimization Time: 1.87085

s_suppkey
sg = 1
h_total: 64071 output_estimate: 314572 sg: 1
Filter Kernel time CPU: 0.189248 Transfer size: 64071 sg: 1
Transfer Time: 0.023648 sg: 1
Build Kernel time GPU: 0.023552 Build Kernel time CPU: 0.058368 p_partkey
sg = 3
Filter Build Kernel time CPU: 0.166080 d_datekey
sg = 3
Filter Build Kernel time CPU: 0.009216 Build time 0.705536
Probe Group Kernel time CPU: 15.068160 sg = 0 non demand time = 15.107
h_total: 175841578 output_estimate: 263612016 sg: 8
Probe Kernel time GPU: 14.979200 Transfer size: 175841578 sg: 8
Transfer Time : 55.304192 Probe Group Kernel time CPU: 41.744385 sg = 8 non demand time = 112.236
Probe time 112.421
Merge time 0.029152
Result:
Res count = 0
Query Execution Time: 113.271
CPU Time: 41.7444
GPU Time: 14.9792
Transfer Time: 55.3042
Malloc Time: 0.017408


 Query: 21 19920101 19981231
Query Prepare Time: 4.99392

Query Optimization Time: 1.95482

s_suppkey
sg = 1
h_total: 64071 output_estimate: 314572 sg: 1
Filter Kernel time CPU: 0.132256 Transfer size: 64071 sg: 1
Transfer Time: 0.024608 sg: 1
Build Kernel time GPU: 0.024576 Build Kernel time CPU: 0.052224 p_partkey
sg = 3
Filter Build Kernel time CPU: 0.199680 d_datekey
sg = 3
Filter Build Kernel time CPU: 0.008288 Build time 0.610144
sg = 0
sg = 8
Probe Group Kernel time CPU: 27.020288 sg = 0 non demand time = 27.0478
h_total: 15770 output_estimate: 52722400 sg: 8
Probe Kernel time CPU: 88.050560 Transfer size: 15770 sg: 8
Transfer Time : 0.043008 h_total: 3160 output_estimate: 4731 sg: 8
Probe Kernel time GPU: 0.036800 Transfer size: 3160 sg: 8
Transfer Time : 0.027648 Group Kernel time CPU: 0.153632 sg = 8 non demand time = 88.6478
Probe time 88.9425
Merge time 0.036
Result:
Res count = 0
Query Execution Time: 89.7038
CPU Time: 88.2042
GPU Time: 0.0368
Transfer Time: 0.070656
Malloc Time: 0.017568

11

 Query: 11 19930101 19931231
Query Prepare Time: 0.33936
 Query Prepare Time using cpu 0.000337601

Query Optimization Time: 1.76538

d_datekey
sg = 1
Filter Build Kernel time CPU: 0.015360 Build time 0.050176
Filter Probe Aggr Kernel time CPU: 9.840640 sg = 0 non demand time = 9.86518
Probe time 9.97786
Merge time 0.00352
Result:
Res count = 0
Query Execution Time: 10.1029
CPU Time: 9.84064
GPU Time: 0
Transfer Time: 0
Malloc Time: 0.004128


 Query: 11 19930101 19931231
Query Prepare Time: 0.129344

Query Optimization Time: 1.80019

d_datekey
sg = 1
Filter Build Kernel time CPU: 0.020448 Build time 0.059296
sg = 0
Filter Probe Aggr Kernel time CPU: 9.844736 sg = 0 non demand time = 9.87347
Probe time 10.0465
Merge time 0.003936
Result:
Res count = 0
Query Execution Time: 10.1888
CPU Time: 9.84474
GPU Time: 0
Transfer Time: 0
Malloc Time: 0.004192

33

 Query: 33 19920101 19971231
Query Prepare Time: 1.33613
 Query Prepare Time using cpu 0.00132227

Query Optimization Time: 1.94662

s_suppkey
sg = 3
Filter Build Kernel time CPU: 0.121856 Filter Build Kernel time GPU: 0.027648 c_custkey
sg = 3
Filter Build Kernel time CPU: 0.176128 Filter Build Kernel time GPU: 0.073728 d_datekey
sg = 1
Filter Build Kernel time CPU: 0.016384 Build time 0.561152
h_total: 5952121 output_estimate: 8745124 sg: 8
Probe Kernel time GPU: 10.716160 Transfer size: 5952121 sg: 8
h_total: 9547 output_estimate: 21139 sg: 12
Probe Kernel time GPU: 3.411968 Transfer size: 9547 sg: 12
Transfer Time : 2.877440 Transfer Time : 0.059392 Probe Group Kernel time CPU: 0.620544 sg = 12 non demand time = 16.7924
Probe Group Kernel time CPU: 4.803712 sg = 8 non demand time = 21.0604
Probe time 21.1331
Merge time 0.168928
Result:
Res count = 0
Query Execution Time: 22.37
CPU Time: 4.80371
GPU Time: 10.7162
Transfer Time: 2.87744
Malloc Time: 0.003136


 Query: 33 19920101 19971231
Query Prepare Time: 14.004

Query Optimization Time: 1.93229

s_suppkey
sg = 3
Filter Build Kernel time CPU: 0.165888 Filter Build Kernel time GPU: 0.028640 c_custkey
sg = 3
Filter Build Kernel time CPU: 0.195584 Filter Build Kernel time GPU: 0.073600 d_datekey
sg = 1
Filter Build Kernel time CPU: 0.014336 Build time 0.632608
sg = 8
sg = 12
h_total: 145872740 output_estimate: 146800640 sg: 12
Probe Kernel time CPU: 65.713150 Transfer size: 145872740 sg: 12
h_total: 5868556 output_estimate: 8745124 sg: 8
Probe Kernel time CPU: 109.737984 Transfer size: 5868556 sg: 8
Transfer Time : 88.279037 Transfer Time : 8.428544 h_total: 9480 output_estimate: 21005 sg: 12
Probe Kernel time GPU: 4.893696 Transfer size: 9480 sg: 12
h_total: 48423 output_estimate: 70422 sg: 8
Probe Kernel time GPU: 0.353280 Transfer size: 48423 sg: 8
Transfer Time : 0.060224 Transfer Time : 0.065600 Group Kernel time CPU: 0.535552 sg = 12 non demand time = 162.906
Group Kernel time CPU: 0.621728 sg = 8 non demand time = 163.084
Probe time 163.125
Merge time 0.16896
Result:
Res count = 0
Query Execution Time: 164.398
CPU Time: 110.36
GPU Time: 4.8937
Transfer Time: 88.3393
Malloc Time: 0.021536

12

 Query: 12 19940101 19940131
Query Prepare Time: 0.152096
 Query Prepare Time using cpu 0.000149965

Query Optimization Time: 1.6968

d_datekey
sg = 3
Filter Build Kernel time CPU: 0.013152 Build time 0.04096
Filter Probe Aggr Kernel time CPU: 1.256448 sg = 0 non demand time = 1.27078
Probe time 1.30576
Merge time 0.00192
Result:
Res count = 0
Query Execution Time: 1.4023
CPU Time: 1.25645
GPU Time: 0
Transfer Time: 0
Malloc Time: 0.003808


 Query: 12 19940101 19940131
Query Prepare Time: 0.092928

Query Optimization Time: 1.58106

d_datekey
sg = 3
Filter Build Kernel time CPU: 0.012256 Build time 0.041984
sg = 0
Filter Probe Aggr Kernel time CPU: 1.301504 sg = 0 non demand time = 1.31184
Probe time 1.34534
Merge time 0.001792
Result:
Res count = 0
Query Execution Time: 1.43648
CPU Time: 1.3015
GPU Time: 0
Transfer Time: 0
Malloc Time: 0.003904

34

 Query: 34 19971201 19971231
Query Prepare Time: 4.1087
 Query Prepare Time using cpu 0.00409603

Query Optimization Time: 1.64659

s_suppkey
sg = 3
Filter Build Kernel time CPU: 0.180224 Filter Build Kernel time GPU: 0.025600 c_custkey
sg = 3
Filter Build Kernel time CPU: 0.202784 Filter Build Kernel time GPU: 0.073728 d_datekey
sg = 3
Filter Build Kernel time CPU: 0.011104 Build time 0.62464
h_total: 903 output_estimate: 1962 sg: 12
Probe Kernel time GPU: 0.256000 Transfer size: 903 sg: 12
Transfer Time : 0.019456 Probe Group Kernel time CPU: 0.096096 sg = 12 non demand time = 0.447616
Probe time 0.467968
Merge time 0.217152
Result:
Res count = 0
Query Execution Time: 1.78163
CPU Time: 0.394112
GPU Time: 0.256
Transfer Time: 0.019456
Malloc Time: 0.003136


 Query: 34 19971201 19971231
Query Prepare Time: 2.1041

Query Optimization Time: 1.62816

s_suppkey
sg = 3
Filter Build Kernel time CPU: 0.223232 Filter Build Kernel time GPU: 0.023776 c_custkey
sg = 3
Filter Build Kernel time CPU: 0.245760 Filter Build Kernel time GPU: 0.072864 d_datekey
sg = 3
Filter Build Kernel time CPU: 0.012288 Build time 0.72192
sg = 12
h_total: 12368732 output_estimate: 13631488 sg: 12
Probe Kernel time CPU: 2.356224 Transfer size: 12368732 sg: 12
Transfer Time : 7.418880 h_total: 811 output_estimate: 1781 sg: 12
Probe Kernel time GPU: 0.483264 Transfer size: 811 sg: 12
Transfer Time : 0.024576 Group Kernel time CPU: 0.078848 sg = 12 non demand time = 10.5051
Probe time 10.5349
Merge time 0.312128
Result:
Res count = 0
Query Execution Time: 12.0372
CPU Time: 2.43507
GPU Time: 0.483264
Transfer Time: 7.44346
Malloc Time: 0.005792

12

 Query: 12 19940101 19940131
Query Prepare Time: 0.099296
 Query Prepare Time using cpu 9.77516e-05

Query Optimization Time: 1.61587

d_datekey
sg = 3
Filter Build Kernel time CPU: 0.012288 Build time 0.041984
Filter Probe Aggr Kernel time CPU: 2.189152 sg = 0 non demand time = 2.20058
Probe time 2.23642
Merge time 0.00208
Result:
Res count = 0
Query Execution Time: 2.33146
CPU Time: 2.18915
GPU Time: 0
Transfer Time: 0
Malloc Time: 0.002752


 Query: 12 19940101 19940131
Query Prepare Time: 0.098816

Query Optimization Time: 1.60883

d_datekey
sg = 3
Filter Build Kernel time CPU: 0.012288 Build time 0.037888
sg = 0
Filter Probe Aggr Kernel time CPU: 2.262240 sg = 0 non demand time = 2.27533
Probe time 2.32858
Merge time 0.00192
Result:
Res count = 0
Query Execution Time: 2.42128
CPU Time: 2.26224
GPU Time: 0
Transfer Time: 0
Malloc Time: 0.003776

22

 Query: 22 19920101 19981231
Query Prepare Time: 0.522048
 Query Prepare Time using cpu 0.000519991

Query Optimization Time: 1.68867

s_suppkey
sg = 1
h_total: 64276 output_estimate: 314572 sg: 1
Filter Kernel time CPU: 0.207872 Transfer size: 64276 sg: 1
Transfer Time: 0.024576 sg: 1
Build Kernel time GPU: 0.021504 Build Kernel time CPU: 0.079936 p_partkey
sg = 3
Filter Build Kernel time CPU: 0.201920 d_datekey
sg = 1
Filter Build Kernel time CPU: 0.025600 Build time 0.709632
h_total: 176390095 output_estimate: 263612016 sg: 8
Probe Kernel time GPU: 14.995456 Transfer size: 176390095 sg: 8
Probe Group Kernel time CPU: 43.341728 sg = 0 non demand time = 70.7172
Transfer Time : 55.471104 Probe Group Kernel time CPU: 56.116222 sg = 8 non demand time = 126.876
Probe time 126.995
Merge time 0.030336
Result:
Res count = 0
Query Execution Time: 127.81
CPU Time: 56.1162
GPU Time: 14.9955
Transfer Time: 55.4711
Malloc Time: 0.01536


 Query: 22 19920101 19981231
Query Prepare Time: 5.29779

Query Optimization Time: 1.9455

s_suppkey
sg = 1
h_total: 64276 output_estimate: 314572 sg: 1
Filter Kernel time CPU: 0.165888 Transfer size: 64276 sg: 1
Transfer Time: 0.023552 sg: 1
Build Kernel time GPU: 0.024576 Build Kernel time CPU: 0.054272 p_partkey
sg = 3
Filter Build Kernel time CPU: 0.266240 d_datekey
sg = 1
Filter Build Kernel time CPU: 0.014336 Build time 0.70656
sg = 0
sg = 8
Probe Group Kernel time CPU: 35.497986 sg = 0 non demand time = 35.6115
h_total: 7055694 output_estimate: 10544480 sg: 8
Probe Kernel time CPU: 98.068672 Transfer size: 7055694 sg: 8
Transfer Time : 4.338880 h_total: 1417949 output_estimate: 2116708 sg: 8
Probe Kernel time GPU: 1.022848 Transfer size: 1417949 sg: 8
Transfer Time : 0.939008 Group Kernel time CPU: 6.573056 sg = 8 non demand time = 111.251
Probe time 111.399
Merge time 0.033408
Result:
Res count = 0
Query Execution Time: 112.235
CPU Time: 104.642
GPU Time: 1.02285
Transfer Time: 5.27789
Malloc Time: 0.026592

21

 Query: 21 19920101 19981231
Query Prepare Time: 4.2593
 Query Prepare Time using cpu 0.00425673

Query Optimization Time: 1.88211

s_suppkey
sg = 1
h_total: 64071 output_estimate: 314572 sg: 1
Filter Kernel time CPU: 0.123904 Transfer size: 64071 sg: 1
Transfer Time: 0.023744 sg: 1
Build Kernel time GPU: 0.024576 Build Kernel time CPU: 0.048128 p_partkey
sg = 3
Filter Build Kernel time CPU: 0.176928 d_datekey
sg = 3
Filter Build Kernel time CPU: 0.008192 Build time 0.559296
Probe Group Kernel time CPU: 15.072256 sg = 0 non demand time = 15.0958
h_total: 175841578 output_estimate: 263612016 sg: 8
Probe Kernel time GPU: 14.988288 Transfer size: 175841578 sg: 8
Transfer Time : 55.291904 Probe Group Kernel time CPU: 42.716160 sg = 8 non demand time = 113.194
Probe time 113.38
Merge time 0.023136
Result:
Res count = 0
Query Execution Time: 114.111
CPU Time: 42.7162
GPU Time: 14.9883
Transfer Time: 55.2919
Malloc Time: 0.017184


 Query: 21 19920101 19981231
Query Prepare Time: 5.07997

Query Optimization Time: 1.90157

s_suppkey
sg = 1
h_total: 64071 output_estimate: 314572 sg: 1
Filter Kernel time CPU: 0.420032 Transfer size: 64071 sg: 1
Transfer Time: 0.023776 sg: 1
Build Kernel time GPU: 0.026656 Build Kernel time CPU: 0.095232 p_partkey
sg = 3
Filter Build Kernel time CPU: 0.203552 d_datekey
sg = 3
Filter Build Kernel time CPU: 0.014336 Build time 0.955392
sg = 8
sg = 0
Probe Group Kernel time CPU: 61.291519 sg = 0 non demand time = 61.3233
h_total: 15770 output_estimate: 52722400 sg: 8
Probe Kernel time CPU: 91.346947 Transfer size: 15770 sg: 8
Transfer Time : 0.045920 h_total: 3160 output_estimate: 4731 sg: 8
Probe Kernel time GPU: 0.035840 Transfer size: 3160 sg: 8
Transfer Time : 0.032704 Group Kernel time CPU: 0.129024 sg = 8 non demand time = 92.1088
Probe time 92.2266
Merge time 0.02768
Result:
Res count = 0
Query Execution Time: 93.3282
CPU Time: 91.476
GPU Time: 0.03584
Transfer Time: 0.078624
Malloc Time: 0.018432

34

 Query: 34 19971201 19971231
Query Prepare Time: 1.3328
 Query Prepare Time using cpu 0.00131989

Query Optimization Time: 1.85014

s_suppkey
sg = 3
Filter Build Kernel time CPU: 0.102464 Filter Build Kernel time GPU: 0.028672 c_custkey
sg = 3
Filter Build Kernel time CPU: 0.169984 Filter Build Kernel time GPU: 0.073728 d_datekey
sg = 3
Filter Build Kernel time CPU: 0.008192 Build time 0.526432
h_total: 903 output_estimate: 1962 sg: 12
Probe Kernel time GPU: 0.256928 Transfer size: 903 sg: 12
Transfer Time : 0.019328 Probe Group Kernel time CPU: 0.106496 sg = 12 non demand time = 0.463872
Probe time 0.49344
Merge time 0.27808
Result:
Res count = 0
Query Execution Time: 1.76682
CPU Time: 0.28064
GPU Time: 0.256928
Transfer Time: 0.019328
Malloc Time: 0.003136


 Query: 34 19971201 19971231
Query Prepare Time: 3.63997

Query Optimization Time: 1.68838

s_suppkey
sg = 3
Filter Build Kernel time CPU: 0.103424 Filter Build Kernel time GPU: 0.024576 c_custkey
sg = 3
Filter Build Kernel time CPU: 0.165888 Filter Build Kernel time GPU: 0.072704 d_datekey
sg = 3
Filter Build Kernel time CPU: 0.008192 Build time 0.502784
sg = 12
h_total: 12368732 output_estimate: 13631488 sg: 12
Probe Kernel time CPU: 1.739552 Transfer size: 12368732 sg: 12
Transfer Time : 7.420928 h_total: 811 output_estimate: 1781 sg: 12
Probe Kernel time GPU: 0.481472 Transfer size: 811 sg: 12
Transfer Time : 0.024576 Group Kernel time CPU: 0.077632 sg = 12 non demand time = 9.87648
Probe time 9.91642
Merge time 0.471808
Result:
Res count = 0
Query Execution Time: 11.3689
CPU Time: 1.81718
GPU Time: 0.481472
Transfer Time: 7.4455
Malloc Time: 0.00512

34

 Query: 34 19971201 19971231
Query Prepare Time: 3.7289
 Query Prepare Time using cpu 0.00371623

Query Optimization Time: 1.72032

s_suppkey
sg = 3
Filter Build Kernel time CPU: 0.107616 Filter Build Kernel time GPU: 0.023552 c_custkey
sg = 3
Filter Build Kernel time CPU: 0.190240 Filter Build Kernel time GPU: 0.074624 d_datekey
sg = 3
Filter Build Kernel time CPU: 0.007168 Build time 0.546624
h_total: 903 output_estimate: 1962 sg: 12
Probe Kernel time GPU: 0.254976 Transfer size: 903 sg: 12
Transfer Time : 0.019456 Probe Group Kernel time CPU: 0.091136 sg = 12 non demand time = 0.44432
Probe time 0.464896
Merge time 0.2064
Result:
Res count = 0
Query Execution Time: 1.73683
CPU Time: 0.305024
GPU Time: 0.254976
Transfer Time: 0.019456
Malloc Time: 0.004096


 Query: 34 19971201 19971231
Query Prepare Time: 2.00509

Query Optimization Time: 1.64966

s_suppkey
sg = 3
Filter Build Kernel time CPU: 0.121856 Filter Build Kernel time GPU: 0.024576 c_custkey
sg = 3
Filter Build Kernel time CPU: 0.183296 Filter Build Kernel time GPU: 0.073632 d_datekey
sg = 3
Filter Build Kernel time CPU: 0.008192 Build time 0.542528
sg = 12
h_total: 12368732 output_estimate: 13631488 sg: 12
Probe Kernel time CPU: 2.327552 Transfer size: 12368732 sg: 12
Transfer Time : 7.418880 h_total: 811 output_estimate: 1781 sg: 12
Probe Kernel time GPU: 0.482304 Transfer size: 811 sg: 12
Transfer Time : 0.024576 Group Kernel time CPU: 0.068608 sg = 12 non demand time = 10.4551
Probe time 10.4847
Merge time 0.219104
Result:
Res count = 0
Query Execution Time: 11.7191
CPU Time: 2.39616
GPU Time: 0.482304
Transfer Time: 7.44346
Malloc Time: 0.004096

32

 Query: 32 19920101 19971231
Query Prepare Time: 2.97466
 Query Prepare Time using cpu 0.00296211

Query Optimization Time: 1.73158

s_suppkey
sg = 3
Filter Build Kernel time CPU: 0.147360 Filter Build Kernel time GPU: 0.024576 c_custkey
sg = 1
h_total: 191633 output_estimate: 5242880 sg: 1
Filter Kernel time CPU: 0.213792 Transfer size: 191633 sg: 1
Transfer Time: 0.04208 sg: 1
Build Kernel time GPU: 0.036832 Build Kernel time CPU: 0.285696 d_datekey
sg = 1
Filter Build Kernel time CPU: 0.018432 Build time 0.951456
h_total: 29288664 output_estimate: 43725620 sg: 8
Probe Kernel time GPU: 11.371520 Transfer size: 29288664 sg: 8
h_total: 236038 output_estimate: 528482 sg: 12
Probe Kernel time GPU: 7.540640 Transfer size: Transfer Time : 14.206752 236038 sg: 12
Transfer Time : 0.142112 Probe Group Kernel time CPU: 8.005632 sg = 12 non demand time = 25.2262
Probe Group Kernel time CPU: 21.606400 sg = 8 non demand time = 49.999
Probe time 50.0736
Merge time 0.196832
Result:
Res count = 0
Query Execution Time: 51.7197
CPU Time: 21.6064
GPU Time: 11.3715
Transfer Time: 14.2068
Malloc Time: 2.696


 Query: 32 19920101 19971231
Query Prepare Time: 10.9709

Query Optimization Time: 1.91283

s_suppkey
sg = 3
Filter Build Kernel time CPU: 0.135168 Filter Build Kernel time GPU: 0.028672 c_custkey
sg = 1
h_total: 191633 output_estimate: 5242880 sg: 1
Filter Kernel time CPU: 0.229408 Transfer size: 191633 sg: 1
Transfer Time: 0.043008 sg: 1
Build Kernel time GPU: 0.036864 Build Kernel time CPU: 0.264192 d_datekey
sg = 1
Filter Build Kernel time CPU: 0.025600 Build time 0.948256
sg = 8
sg = 12
h_total: 145872740 output_estimate: 146800640 sg: 12
Probe Kernel time CPU: 123.987938 Transfer size: 145872740 sg: 12
h_total: 29042031 output_estimate: 43725620 sg: 8
Probe Kernel time CPU: 124.380157 Transfer size: 29042031 sg: 8
Transfer Time : 100.357117 Transfer Time : 61.046783 h_total: 1166547 output_estimate: 1742521 sg: 8
Probe Kernel time GPU: 1.217536 Transfer size: 1166547 sg: 8
h_total: 234583 output_estimate: 525141 sg: 12
Probe Kernel time GPU: 4.805536 Transfer size: 234583 sg: 12
Transfer Time : 0.851840 Transfer Time : 0.359200 Group Kernel time CPU: 2.164832 sg = 12 non demand time = 238.186
Group Kernel time CPU: 2.453280 sg = 8 non demand time = 238.551
Probe time 238.606
Merge time 0.170784
Result:
Res count = 0
Query Execution Time: 240.194
CPU Time: 126.833
GPU Time: 4.80554
Transfer Time: 100.716
Malloc Time: 0.013312

13

 Query: 13 19940204 19940210
Query Prepare Time: 0.124224
 Query Prepare Time using cpu 0.00012207

Query Optimization Time: 1.71622

d_datekey
sg = 3
Filter Build Kernel time CPU: 0.013312 Build time 0.045952
Filter Probe Aggr Kernel time CPU: 0.323584 sg = 0 non demand time = 0.335744
Probe time 0.364544
Merge time 0.001792
Result:
Res count = 0
Query Execution Time: 0.462368
CPU Time: 0.323584
GPU Time: 0
Transfer Time: 0
Malloc Time: 0.003712


 Query: 13 19940204 19940210
Query Prepare Time: 0.09328

Query Optimization Time: 1.58829

d_datekey
sg = 3
Filter Build Kernel time CPU: 0.011264 Build time 0.037888
sg = 0
Filter Probe Aggr Kernel time CPU: 0.352256 sg = 0 non demand time = 0.364544
Probe time 0.394048
Merge time 0.001664
Result:
Res count = 0
Query Execution Time: 0.48944
CPU Time: 0.352256
GPU Time: 0
Transfer Time: 0
Malloc Time: 0.002656

42

 Query: 42 19970101 19981231
Query Prepare Time: 1.50787
 Query Prepare Time using cpu 0.00150466

Query Optimization Time: 1.6855

s_suppkey
sg = 1
h_total: 64071 output_estimate: 314572 sg: 1
Filter Kernel time CPU: 0.199808 Transfer size: 64071 sg: 1
Transfer Time: 0.024576 sg: 1
Build Kernel time GPU: 0.022528 Build Kernel time CPU: 0.051200 c_custkey
sg = 1
h_total: 960306 output_estimate: 1572864 sg: 1
Filter Kernel time CPU: 0.451680 Transfer size: 960306 sg: 1
Transfer Time: 0.156672 sg: 1
Build Kernel time GPU: 0.086016 Build Kernel time CPU: 0.384000 p_partkey
sg = 1
Filter Build Kernel time CPU: 0.246752 d_datekey
sg = 1
Filter Build Kernel time CPU: 0.017376 Build time 1.9927
h_total: 534773 output_estimate: 943718 sg: 32
Probe Kernel time GPU: 3.956736 Transfer size: 534773 sg: 32
Transfer Time : 0.291072 h_total: 5876032 output_estimate: 13212058 sg: 48
Probe Kernel time GPU: 3.994624 Transfer size: 5876032 sg: 48
Transfer Time : 2.849760 Probe Group Kernel time CPU: 29.959167 sg = 32 non demand time = 34.5242
Probe Group Kernel time CPU: 37.018623 sg = 0 non demand time = 37.0483
Probe Group Kernel time CPU: 32.476002 sg = 48 non demand time = 42.9568
Probe time 43.1566
Merge time 0.028224
Result:
Res count = 0
Query Execution Time: 45.2655
CPU Time: 37.0186
GPU Time: 3.99462
Transfer Time: 2.84976
Malloc Time: 0.04896


 Query: 42 19970101 19981231
Query Prepare Time: 11.1169

Query Optimization Time: 1.92819

s_suppkey
sg = 1
h_total: 64071 output_estimate: 314572 sg: 1
Filter Kernel time CPU: 0.195584 Transfer size: 64071 sg: 1
Transfer Time: 0.023552 sg: 1
Build Kernel time GPU: 0.025600 Build Kernel time CPU: 0.060512 c_custkey
sg = 1
h_total: 960306 output_estimate: 1572864 sg: 1
Filter Kernel time CPU: 0.496800 Transfer size: 960306 sg: 1
Transfer Time: 0.164864 sg: 1
Build Kernel time GPU: 0.085088 Build Kernel time CPU: 0.458752 p_partkey
sg = 1
Filter Build Kernel time CPU: 0.245760 d_datekey
sg = 1
Filter Build Kernel time CPU: 0.018304 Build time 2.03878
sg = 0
sg = 32
sg = 48
h_total: 212951 output_estimate: 566231 sg: 32
Probe Kernel time CPU: 7.564288 Transfer size: 212951 sg: 32
Transfer Time : 0.234496 h_total: 43066 output_estimate: 63885 sg: 32
Probe Kernel time GPU: 0.075776 Transfer size: 43066 sg: 32
Transfer Time : 0.085024 Group Kernel time CPU: 7.202816 sg = 32 non demand time = 15.5597
Probe Group Kernel time CPU: 60.092354 sg = 0 non demand time = 60.2767
h_total: 58578016 output_estimate: 88080384 sg: 48
Probe Kernel time CPU: 60.528641 Transfer size: 58578016 sg: 48
Transfer Time : 43.883518 h_total: 2344594 output_estimate: 5272021 sg: 48
Probe Kernel time GPU: 3.809216 Transfer size: 2344594 sg: 48
Transfer Time : 1.878016 Group Kernel time CPU: 12.870656 sg = 48 non demand time = 123.213
Probe time 123.421
Merge time 0.024192
Result:
Res count = 0
Query Execution Time: 125.592
CPU Time: 73.3993
GPU Time: 3.80922
Transfer Time: 45.7615
Malloc Time: 0.031744

21

 Query: 21 19920101 19981231
Query Prepare Time: 2.0689
 Query Prepare Time using cpu 0.00206661

Query Optimization Time: 1.82272

s_suppkey
sg = 1
h_total: 64071 output_estimate: 314572 sg: 1
Filter Kernel time CPU: 0.156672 Transfer size: 64071 sg: 1
Transfer Time: 0.024544 sg: 1
Build Kernel time GPU: 0.024544 Build Kernel time CPU: 0.101376 p_partkey
sg = 3
Filter Build Kernel time CPU: 0.371552 d_datekey
sg = 3
Filter Build Kernel time CPU: 0.011264 Build time 0.845824
Probe Group Kernel time CPU: 15.110144 sg = 0 non demand time = 15.1634
h_total: 175841578 output_estimate: 263612016 sg: 8
Probe Kernel time GPU: 15.008736 Transfer size: 175841578 sg: 8
Transfer Time : 55.298046 Probe Group Kernel time CPU: 51.769249 sg = 8 non demand time = 122.289
Probe time 122.508
Merge time 0.0328
Result:
Res count = 0
Query Execution Time: 123.496
CPU Time: 51.7692
GPU Time: 15.0087
Transfer Time: 55.298
Malloc Time: 0.015584


 Query: 21 19920101 19981231
Query Prepare Time: 5.34634

Query Optimization Time: 1.95789

s_suppkey
sg = 1
h_total: 64071 output_estimate: 314572 sg: 1
Filter Kernel time CPU: 0.177152 Transfer size: 64071 sg: 1
Transfer Time: 0.022592 sg: 1
Build Kernel time GPU: 0.023712 Build Kernel time CPU: 0.060608 p_partkey
sg = 3
Filter Build Kernel time CPU: 0.244736 d_datekey
sg = 3
Filter Build Kernel time CPU: 0.011264 Build time 0.703328
sg = 0
sg = 8
Probe Group Kernel time CPU: 23.804928 sg = 0 non demand time = 23.8305
h_total: 15770 output_estimate: 52722400 sg: 8
Probe Kernel time CPU: 102.683456 Transfer size: 15770 sg: 8
Transfer Time : 0.049024 h_total: 3160 output_estimate: 4731 sg: 8
Probe Kernel time GPU: 0.037888 Transfer size: 3160 sg: 8
Transfer Time : 0.032768 Group Kernel time CPU: 0.130912 sg = 8 non demand time = 103.21
Probe time 103.386
Merge time 0.027104
Result:
Res count = 0
Query Execution Time: 104.249
CPU Time: 102.814
GPU Time: 0.037888
Transfer Time: 0.081792
Malloc Time: 0.018432

34

 Query: 34 19971201 19971231
Query Prepare Time: 3.59587
 Query Prepare Time using cpu 0.00358224

Query Optimization Time: 1.8647

s_suppkey
sg = 3
Filter Build Kernel time CPU: 0.114688 Filter Build Kernel time GPU: 0.023584 c_custkey
sg = 3
Filter Build Kernel time CPU: 0.176128 Filter Build Kernel time GPU: 0.073600 d_datekey
sg = 3
Filter Build Kernel time CPU: 0.009216 Build time 0.534528
h_total: 903 output_estimate: 1962 sg: 12
Probe Kernel time GPU: 0.261120 Transfer size: 903 sg: 12
Transfer Time : 0.023552 Probe Group Kernel time CPU: 0.097312 sg = 12 non demand time = 0.472096
Probe time 0.499712
Merge time 0.22368
Result:
Res count = 0
Query Execution Time: 1.73245
CPU Time: 0.300032
GPU Time: 0.26112
Transfer Time: 0.023552
Malloc Time: 0.004288


 Query: 34 19971201 19971231
Query Prepare Time: 2.18688

Query Optimization Time: 1.71702

s_suppkey
sg = 3
Filter Build Kernel time CPU: 0.118784 Filter Build Kernel time GPU: 0.023552 c_custkey
sg = 3
Filter Build Kernel time CPU: 0.186368 Filter Build Kernel time GPU: 0.074752 d_datekey
sg = 3
Filter Build Kernel time CPU: 0.010272 Build time 0.554816
sg = 12
h_total: 12368732 output_estimate: 13631488 sg: 12
Probe Kernel time CPU: 1.878016 Transfer size: 12368732 sg: 12
Transfer Time : 7.417856 h_total: 811 output_estimate: 1781 sg: 12
Probe Kernel time GPU: 0.481440 Transfer size: 811 sg: 12
Transfer Time : 0.029696 Group Kernel time CPU: 0.084992 sg = 12 non demand time = 10.0372
Probe time 10.078
Merge time 0.1984
Result:
Res count = 0
Query Execution Time: 11.3169
CPU Time: 1.96301
GPU Time: 0.48144
Transfer Time: 7.44755
Malloc Time: 0.007168

22

 Query: 22 19920101 19981231
Query Prepare Time: 0.9856
 Query Prepare Time using cpu 0.000982046

Query Optimization Time: 1.77686

s_suppkey
sg = 1
h_total: 64276 output_estimate: 314572 sg: 1
Filter Kernel time CPU: 0.150720 Transfer size: 64276 sg: 1
Transfer Time: 0.023552 sg: 1
Build Kernel time GPU: 0.021504 Build Kernel time CPU: 0.076608 p_partkey
sg = 3
Filter Build Kernel time CPU: 0.138240 d_datekey
sg = 1
Filter Build Kernel time CPU: 0.015200 Build time 0.591872
Probe Group Kernel time CPU: 14.999552 sg = 0 non demand time = 15.0377
h_total: 176390095 output_estimate: 263612016 sg: 8
Probe Kernel time GPU: 14.977024 Transfer size: 176390095 sg: 8
Transfer Time : 55.468033 Probe Group Kernel time CPU: 46.484482 sg = 8 non demand time = 117.075
Probe time 117.237
Merge time 0.030048
Result:
Res count = 0
Query Execution Time: 117.954
CPU Time: 46.4845
GPU Time: 14.977
Transfer Time: 55.468
Malloc Time: 0.015552


 Query: 22 19920101 19981231
Query Prepare Time: 5.33014

Query Optimization Time: 1.8729

s_suppkey
sg = 1
h_total: 64276 output_estimate: 314572 sg: 1
Filter Kernel time CPU: 0.199680 Transfer size: 64276 sg: 1
Transfer Time: 0.024576 sg: 1
Build Kernel time GPU: 0.024576 Build Kernel time CPU: 0.105472 p_partkey
sg = 3
Filter Build Kernel time CPU: 0.157504 d_datekey
sg = 1
Filter Build Kernel time CPU: 0.018432 Build time 0.685056
sg = 0
sg = 8
Probe Group Kernel time CPU: 23.874624 sg = 0 non demand time = 23.9042
h_total: 7055694 output_estimate: 10544480 sg: 8
Probe Kernel time CPU: 93.977440 Transfer size: 7055694 sg: 8
Transfer Time : 4.401216 h_total: 1417949 output_estimate: 2116708 sg: 8
Probe Kernel time GPU: 1.023776 Transfer size: 1417949 sg: 8
Transfer Time : 0.939936 Group Kernel time CPU: 6.521696 sg = 8 non demand time = 107.211
Probe time 107.477
Merge time 0.035008
Result:
Res count = 0
Query Execution Time: 108.298
CPU Time: 100.499
GPU Time: 1.02378
Transfer Time: 5.34115
Malloc Time: 0.018048

12

 Query: 12 19940101 19940131
Query Prepare Time: 0.300128
 Query Prepare Time using cpu 0.000298023

Query Optimization Time: 1.75923

d_datekey
sg = 3
Filter Build Kernel time CPU: 0.013152 Build time 0.048128
Filter Probe Aggr Kernel time CPU: 1.101696 sg = 0 non demand time = 1.11718
Probe time 1.152
Merge time 0.001728
Result:
Res count = 0
Query Execution Time: 1.26038
CPU Time: 1.1017
GPU Time: 0
Transfer Time: 0
Malloc Time: 0.003072


 Query: 12 19940101 19940131
Query Prepare Time: 0.113344

Query Optimization Time: 1.66502

d_datekey
sg = 3
Filter Build Kernel time CPU: 0.013088 Build time 0.045056
sg = 0
Filter Probe Aggr Kernel time CPU: 1.247232 sg = 0 non demand time = 1.25952
Probe time 1.29136
Merge time 0.00192
Result:
Res count = 0
Query Execution Time: 1.39155
CPU Time: 1.24723
GPU Time: 0
Transfer Time: 0
Malloc Time: 0.002656

32

 Query: 32 19920101 19971231
Query Prepare Time: 1.47974
 Query Prepare Time using cpu 0.00146651

Query Optimization Time: 1.7408

s_suppkey
sg = 3
Filter Build Kernel time CPU: 0.109568 Filter Build Kernel time GPU: 0.028544 c_custkey
sg = 1
h_total: 191633 output_estimate: 5242880 sg: 1
Filter Kernel time CPU: 0.225440 Transfer size: 191633 sg: 1
Transfer Time: 0.042976 sg: 1
Build Kernel time GPU: 0.037888 Build Kernel time CPU: 0.261120 d_datekey
sg = 1
Filter Build Kernel time CPU: 0.013312 Build time 0.897024
h_total: 29288664 output_estimate: 43725620 sg: 8
Probe Kernel time GPU: 13.986816 h_total: 236038 output_estimate: 528482 sg: 12
Probe Kernel time GPU: 14.021632 Transfer size: 29288664 sg: 8
Transfer size: 236038 sg: 12
Transfer Time : 14.159872 Transfer Time : 4.794368 Probe Group Kernel time CPU: 6.910912 sg = 12 non demand time = 35.2983
Probe Group Kernel time CPU: 20.409344 sg = 8 non demand time = 48.8509
Probe time 48.9205
Merge time 0.187328
Result:
Res count = 0
Query Execution Time: 50.5113
CPU Time: 20.4093
GPU Time: 14.0216
Transfer Time: 14.1599
Malloc Time: 0.013312


 Query: 32 19920101 19971231
Query Prepare Time: 13.4826

Query Optimization Time: 1.91776

s_suppkey
sg = 3
Filter Build Kernel time CPU: 0.194560 Filter Build Kernel time GPU: 0.029888 c_custkey
sg = 1
h_total: 191633 output_estimate: 5242880 sg: 1
Filter Kernel time CPU: 0.248032 Transfer size: 191633 sg: 1
Transfer Time: 0.042944 sg: 1
Build Kernel time GPU: 0.036800 Build Kernel time CPU: 0.268064 d_datekey
sg = 1
Filter Build Kernel time CPU: 0.019648 Build time 1.0393
sg = 8
sg = 12
h_total: 29042031 output_estimate: 43725620 sg: 8
Probe Kernel time CPU: 121.233406 h_total: 145872740 output_estimate: 146800640 sg: 12
Probe Kernel time CPU: 121.223167 Transfer size: 29042031 sg: 8
Transfer size: 145872740 sg: 12
Transfer Time : 82.970627 Transfer Time : 96.036034 h_total: 1166547 output_estimate: 1742521 sg: 8
Probe Kernel time GPU: 5.812224 h_total: 234583 output_estimate: 525141 sg: 12
Probe Kernel time GPU: 4.647712 Transfer size: 1166547 sg: 8
Transfer size: 234583 sg: 12
Transfer Time : 0.848832 Transfer Time : 0.703264 Group Kernel time CPU: 2.363232 sg = 12 non demand time = 235.449
Group Kernel time CPU: 2.450368 sg = 8 non demand time = 235.56
Probe time 235.613
Merge time 0.169664
Result:
Res count = 0
Query Execution Time: 237.282
CPU Time: 123.684
GPU Time: 5.81222
Transfer Time: 96.7393
Malloc Time: 0.040512

32

 Query: 32 19920101 19971231
Query Prepare Time: 4.46682
 Query Prepare Time using cpu 0.00445366

Query Optimization Time: 1.87075

s_suppkey
sg = 3
Filter Build Kernel time CPU: 0.139104 Filter Build Kernel time GPU: 0.027648 c_custkey
sg = 1
h_total: 191633 output_estimate: 5242880 sg: 1
Filter Kernel time CPU: 0.179200 Transfer size: 191633 sg: 1
Transfer Time: 0.041984 sg: 1
Build Kernel time GPU: 0.035840 Build Kernel time CPU: 0.251904 d_datekey
sg = 1
Filter Build Kernel time CPU: 0.022528 Build time 0.882752
h_total: 29288664 output_estimate: 43725620 sg: 8
Probe Kernel time GPU: 11.348064 Transfer size: 29288664 sg: 8
h_total: 236038 output_estimate: 528482 sg: 12
Probe Kernel time GPU: 7.441280 Transfer size: 236038 sg: 12
Transfer Time : 14.070784 Transfer Time : 0.150528 Probe Group Kernel time CPU: 9.665760 sg = 12 non demand time = 38.0641
Probe Group Kernel time CPU: 21.532448 sg = 8 non demand time = 49.8932
Probe time 49.964
Merge time 0.194176
Result:
Res count = 0
Query Execution Time: 51.5327
CPU Time: 21.5324
GPU Time: 11.3481
Transfer Time: 14.0708
Malloc Time: 0.011264


 Query: 32 19920101 19971231
Query Prepare Time: 11.8324

Query Optimization Time: 1.92

s_suppkey
sg = 3
Filter Build Kernel time CPU: 0.191360 Filter Build Kernel time GPU: 0.028864 c_custkey
sg = 1
h_total: 191633 output_estimate: 5242880 sg: 1
Filter Kernel time CPU: 0.269312 Transfer size: 191633 sg: 1
Transfer Time: 0.041984 sg: 1
Build Kernel time GPU: 0.036864 Build Kernel time CPU: 0.266240 d_datekey
sg = 1
Filter Build Kernel time CPU: 0.047040 Build time 1.08032
sg = 8
sg = 12
h_total: 145872740 output_estimate: 146800640 sg: 12
Probe Kernel time CPU: 129.533752 h_total: 29042031 output_estimate: 43725620 sg: 8
Probe Kernel time CPU: 129.959930 Transfer size: 145872740 sg: 12
Transfer size: 29042031 sg: 8
Transfer Time : 104.721405 Transfer Time : 82.890755 h_total: 1166547 output_estimate: 1742521 sg: 8
Probe Kernel time GPU: 1.215488 Transfer size: 1166547 sg: 8
h_total: 234583 output_estimate: 525141 sg: 12
Probe Kernel time GPU: 4.372480 Transfer size: 234583 sg: 12
Transfer Time : 0.847872 Transfer Time : 0.368416 Group Kernel time CPU: 1.982560 sg = 12 non demand time = 243.3
Group Kernel time CPU: 2.385696 sg = 8 non demand time = 243.804
Probe time 243.86
Merge time 0.160384
Result:
Res count = 0
Query Execution Time: 245.569
CPU Time: 132.346
GPU Time: 4.37248
Transfer Time: 105.09
Malloc Time: 0.024576

33

 Query: 33 19920101 19971231
Query Prepare Time: 4.66467
 Query Prepare Time using cpu 0.00465083

Query Optimization Time: 1.89562

s_suppkey
sg = 3
Filter Build Kernel time CPU: 0.157696 Filter Build Kernel time GPU: 0.027648 c_custkey
sg = 3
Filter Build Kernel time CPU: 0.183296 Filter Build Kernel time GPU: 0.073664 d_datekey
sg = 1
Filter Build Kernel time CPU: 0.014272 Build time 0.590848
h_total: 5952121 output_estimate: 8745124 sg: 8
Probe Kernel time GPU: 10.655744 Transfer size: 5952121 sg: 8
h_total: 9547 output_estimate: 21139 sg: 12
Probe Kernel time GPU: 2.462720 Transfer size: 9547 sg: 12
Transfer Time : 2.892800 Transfer Time : 0.037888 Probe Group Kernel time CPU: 0.496640 sg = 12 non demand time = 5.95251
Probe Group Kernel time CPU: 5.183488 sg = 8 non demand time = 21.2746
Probe time 21.3565
Merge time 0.18704
Result:
Res count = 0
Query Execution Time: 22.6348
CPU Time: 5.18349
GPU Time: 10.6557
Transfer Time: 2.8928
Malloc Time: 0.006144


 Query: 33 19920101 19971231
Query Prepare Time: 9.09693

Query Optimization Time: 1.91181

s_suppkey
sg = 3
Filter Build Kernel time CPU: 0.241664 Filter Build Kernel time GPU: 0.028672 c_custkey
sg = 3
Filter Build Kernel time CPU: 0.279552 Filter Build Kernel time GPU: 0.074752 d_datekey
sg = 1
Filter Build Kernel time CPU: 0.043008 Build time 0.809984
sg = 8
sg = 12
h_total: 5868556 output_estimate: 8745124 sg: 8
Probe Kernel time CPU: 120.027138 h_total: 145872740 output_estimate: 146800640 sg: 12
Probe Kernel time CPU: 120.004608 Transfer size: 5868556 sg: 8
Transfer size: 145872740 sg: 12
Transfer Time : 69.076958 Transfer Time : 89.114624 h_total: 9480 output_estimate: 21005 sg: 12
Probe Kernel time GPU: 5.150720 h_total: 48423 output_estimate: 70422 sg: 8
Probe Kernel time GPU: 5.165056 Transfer size: 9480 sg: 12
Transfer size: 48423 sg: 8
Transfer Time : 0.065536 Transfer Time : 0.078848 Group Kernel time CPU: 0.588800 sg = 12 non demand time = 217.211
Group Kernel time CPU: 0.677984 sg = 8 non demand time = 217.382
Probe time 217.448
Merge time 0.156768
Result:
Res count = 0
Query Execution Time: 218.892
CPU Time: 120.705
GPU Time: 5.16506
Transfer Time: 89.1935
Malloc Time: 0.012832

23

 Query: 23 19920101 19981231
Query Prepare Time: 0.878112
 Query Prepare Time using cpu 0.000874996

Query Optimization Time: 1.76522

s_suppkey
sg = 1
h_total: 64068 output_estimate: 314572 sg: 1
Filter Kernel time CPU: 0.176352 Transfer size: 64068 sg: 1
Transfer Time: 0.024416 sg: 1
Build Kernel time GPU: 0.023328 Build Kernel time CPU: 0.095232 p_partkey
sg = 3
Filter Build Kernel time CPU: 0.142336 d_datekey
sg = 1
Filter Build Kernel time CPU: 0.014336 Build time 0.630784
Probe Group Kernel time CPU: 15.134720 sg = 0 non demand time = 15.1877
h_total: 175841825 output_estimate: 263612016 sg: 8
Probe Kernel time GPU: 15.019264 Transfer size: 175841825 sg: 8
Transfer Time : 55.296223 Probe Group Kernel time CPU: 46.124031 sg = 8 non demand time = 116.704
Probe time 116.875
Merge time 0.030464
Result:
Res count = 0
Query Execution Time: 117.661
CPU Time: 46.124
GPU Time: 15.0193
Transfer Time: 55.2962
Malloc Time: 0.016384


 Query: 23 19920101 19981231
Query Prepare Time: 5.41206

Query Optimization Time: 1.8903

s_suppkey
sg = 1
h_total: 64068 output_estimate: 314572 sg: 1
Filter Kernel time CPU: 0.197632 Transfer size: 64068 sg: 1
Transfer Time: 0.023552 sg: 1
Build Kernel time GPU: 0.023712 Build Kernel time CPU: 0.107552 p_partkey
sg = 3
Filter Build Kernel time CPU: 0.155712 d_datekey
sg = 1
Filter Build Kernel time CPU: 0.025664 Build time 0.698272
sg = 0
sg = 8
Probe Group Kernel time CPU: 24.244225 sg = 0 non demand time = 24.275
h_total: 872871 output_estimate: 1318060 sg: 8
Probe Kernel time CPU: 87.918594 Transfer size: 872871 sg: 8
Transfer Time : 0.574464 h_total: 174510 output_estimate: 261861 sg: 8
Probe Kernel time GPU: 0.216064 Transfer size: 174510 sg: 8
Transfer Time : 0.138240 Group Kernel time CPU: 2.859008 sg = 8 non demand time = 92.0771
Probe time 92.2491
Merge time 0.028448
Result:
Res count = 0
Query Execution Time: 93.0782
CPU Time: 90.7776
GPU Time: 0.216064
Transfer Time: 0.712704
Malloc Time: 0.018016

42

 Query: 42 19970101 19981231
Query Prepare Time: 5.2224
 Query Prepare Time using cpu 0.0052197

Query Optimization Time: 1.86269

s_suppkey
sg = 1
h_total: 64071 output_estimate: 314572 sg: 1
Filter Kernel time CPU: 0.129984 Transfer size: 64071 sg: 1
Transfer Time: 0.023552 sg: 1
Build Kernel time GPU: 0.024576 Build Kernel time CPU: 0.053248 c_custkey
sg = 1
h_total: 960306 output_estimate: 1572864 sg: 1
Filter Kernel time CPU: 0.420864 Transfer size: 960306 sg: 1
Transfer Time: 0.157696 sg: 1
Build Kernel time GPU: 0.086016 Build Kernel time CPU: 0.375744 p_partkey
sg = 1
Filter Build Kernel time CPU: 0.224256 d_datekey
sg = 1
Filter Build Kernel time CPU: 0.011264 Build time 1.80429
h_total: 534773 output_estimate: 943718 sg: 32
Probe Kernel time GPU: 3.952640 h_total: 5876032 output_estimate: 13212058 sg: 48
Probe Kernel time GPU: 3.957984 Transfer size: 5876032 sg: 48
Transfer Time : 2.852864 Transfer size: 534773 sg: 32
Transfer Time : 0.289792 Probe Group Kernel time CPU: 13.727968 sg = 32 non demand time = 21.2613
Probe Group Kernel time CPU: 29.693920 sg = 0 non demand time = 29.7206
Probe Group Kernel time CPU: 26.130432 sg = 48 non demand time = 33.3005
Probe time 33.4725
Merge time 0.024544
Result:
Res count = 0
Query Execution Time: 35.3767
CPU Time: 29.6939
GPU Time: 3.95798
Transfer Time: 2.85286
Malloc Time: 0.032768


 Query: 42 19970101 19981231
Query Prepare Time: 6.83629

Query Optimization Time: 1.90342

s_suppkey
sg = 1
h_total: 64071 output_estimate: 314572 sg: 1
Filter Kernel time CPU: 0.129024 Transfer size: 64071 sg: 1
Transfer Time: 0.024576 sg: 1
Build Kernel time GPU: 0.025600 Build Kernel time CPU: 0.063488 c_custkey
sg = 1
h_total: 960306 output_estimate: 1572864 sg: 1
Filter Kernel time CPU: 0.343840 Transfer size: 960306 sg: 1
Transfer Time: 0.157696 sg: 1
Build Kernel time GPU: 0.085888 Build Kernel time CPU: 0.363520 p_partkey
sg = 1
Filter Build Kernel time CPU: 0.238592 d_datekey
sg = 1
Filter Build Kernel time CPU: 0.013312 Build time 1.70291
sg = 0
sg = 48
sg = 32
h_total: 212951 output_estimate: 566231 sg: 32
Probe Kernel time CPU: 21.981184 Transfer size: 212951 sg: 32
Transfer Time : 0.209920 h_total: 43066 output_estimate: 63885 sg: 32
Probe Kernel time GPU: 0.063680 Transfer size: 43066 sg: 32
Transfer Time : 0.072704 Probe Group Kernel time CPU: 26.458113 sg = 0 non demand time = 26.5492
Group Kernel time CPU: 3.149824 sg = 32 non demand time = 25.7905
h_total: 58578016 output_estimate: 88080384 sg: 48
Probe Kernel time CPU: 47.880192 Transfer size: 58578016 sg: 48
Transfer Time : 43.874496 h_total: 2344594 output_estimate: 5272021 sg: 48
Probe Kernel time GPU: 3.808448 Transfer size: 2344594 sg: 48
Transfer Time : 1.879040 Group Kernel time CPU: 12.078176 sg = 48 non demand time = 109.933
Probe time 110.077
Merge time 0.025088
Result:
Res count = 0
Query Execution Time: 111.907
CPU Time: 59.9584
GPU Time: 3.80845
Transfer Time: 45.7535
Malloc Time: 0.032512

33

 Query: 33 19920101 19971231
Query Prepare Time: 1.12182
 Query Prepare Time using cpu 0.00110912

Query Optimization Time: 1.81539

s_suppkey
sg = 3
Filter Build Kernel time CPU: 0.118784 Filter Build Kernel time GPU: 0.028672 c_custkey
sg = 3
Filter Build Kernel time CPU: 0.190464 Filter Build Kernel time GPU: 0.072928 d_datekey
sg = 1
Filter Build Kernel time CPU: 0.019456 Build time 0.574464
h_total: 5952121 output_estimate: 8745124 sg: 8
Probe Kernel time GPU: 10.666880 Transfer size: 5952121 sg: 8
h_total: 9547 output_estimate: 21139 sg: 12
Probe Kernel time GPU: 2.452480 Transfer size: 9547 sg: 12
Transfer Time : 2.893824 Transfer Time : 0.054432 Probe Group Kernel time CPU: 0.595776 sg = 12 non demand time = 6.05184
Probe Group Kernel time CPU: 5.159936 sg = 8 non demand time = 21.2593
Probe time 21.332
Merge time 0.176768
Result:
Res count = 0
Query Execution Time: 22.5821
CPU Time: 5.15994
GPU Time: 10.6669
Transfer Time: 2.89382
Malloc Time: 0.004096


 Query: 33 19920101 19971231
Query Prepare Time: 17.1555

Query Optimization Time: 1.89459

s_suppkey
sg = 3
Filter Build Kernel time CPU: 0.203776 Filter Build Kernel time GPU: 0.028672 c_custkey
sg = 3
Filter Build Kernel time CPU: 0.251904 Filter Build Kernel time GPU: 0.073760 d_datekey
sg = 1
Filter Build Kernel time CPU: 0.023616 Build time 0.736256
sg = 8
sg = 12
h_total: 5868556 output_estimate: 8745124 sg: 8
Probe Kernel time CPU: 111.408127 Transfer size: 5868556 sg: 8
h_total: 145872740 output_estimate: 146800640 sg: 12
Probe Kernel time CPU: 111.530945 Transfer size: 145872740 sg: 12
Transfer Time : 47.207424 Transfer Time : 89.098015 h_total: 48423 output_estimate: 70422 sg: 8
Probe Kernel time GPU: 4.745216 h_total: 9480 output_estimate: 21005 sg: 12
Probe Kernel time GPU: 4.408320 Transfer size: 48423 sg: 8
Transfer size: 9480 sg: 12
Transfer Time : 0.079936 Transfer Time : 0.053248 Group Kernel time CPU: 0.517216 sg = 12 non demand time = 207.956
Group Kernel time CPU: 0.606208 sg = 8 non demand time = 208.12
Probe time 208.182
Merge time 0.19568
Result:
Res count = 0
Query Execution Time: 209.596
CPU Time: 112.048
GPU Time: 4.74522
Transfer Time: 89.1513
Malloc Time: 0.029152

21

 Query: 21 19920101 19981231
Query Prepare Time: 2.12096
 Query Prepare Time using cpu 0.00211811

Query Optimization Time: 1.78701

s_suppkey
sg = 1
h_total: 64071 output_estimate: 314572 sg: 1
Filter Kernel time CPU: 0.246848 Transfer size: 64071 sg: 1
Transfer Time: 0.023456 sg: 1
Build Kernel time GPU: 0.022528 Build Kernel time CPU: 0.078624 p_partkey
sg = 3
Filter Build Kernel time CPU: 0.263168 d_datekey
sg = 3
Filter Build Kernel time CPU: 0.010240 Build time 0.797728
Probe Group Kernel time CPU: 14.963712 sg = 0 non demand time = 15.0743
h_total: 175841578 output_estimate: 263612016 sg: 8
Probe Kernel time GPU: 14.991360 Transfer size: 175841578 sg: 8
Transfer Time : 55.372799 Probe Group Kernel time CPU: 49.070911 sg = 8 non demand time = 119.64
Probe time 119.793
Merge time 0.03744
Result:
Res count = 0
Query Execution Time: 120.742
CPU Time: 49.0709
GPU Time: 14.9914
Transfer Time: 55.3728
Malloc Time: 0.016352


 Query: 21 19920101 19981231
Query Prepare Time: 5.35683

Query Optimization Time: 1.9639

s_suppkey
sg = 1
h_total: 64071 output_estimate: 314572 sg: 1
Filter Kernel time CPU: 0.168800 Transfer size: 64071 sg: 1
Transfer Time: 0.024576 sg: 1
Build Kernel time GPU: 0.024768 Build Kernel time CPU: 0.056320 p_partkey
sg = 3
Filter Build Kernel time CPU: 0.491520 d_datekey
sg = 3
Filter Build Kernel time CPU: 0.024576 Build time 0.942304
sg = 0
sg = 8
Probe Group Kernel time CPU: 44.291073 sg = 0 non demand time = 44.3197
h_total: 15770 output_estimate: 52722400 sg: 8
Probe Kernel time CPU: 98.521088 Transfer size: 15770 sg: 8
Transfer Time : 0.048128 h_total: 3160 output_estimate: 4731 sg: 8
Probe Kernel time GPU: 0.038016 Transfer size: 3160 sg: 8
Transfer Time : 0.031840 Group Kernel time CPU: 0.112384 sg = 8 non demand time = 99.0699
Probe time 99.2051
Merge time 0.030496
Result:
Res count = 0
Query Execution Time: 100.373
CPU Time: 98.6335
GPU Time: 0.038016
Transfer Time: 0.079968
Malloc Time: 0.01536

43

 Query: 43 19970101 19981231
Query Prepare Time: 6.88499
 Query Prepare Time using cpu 0.00682664

Query Optimization Time: 1.90771

s_suppkey
sg = 3
Filter Build Kernel time CPU: 0.103424 Filter Build Kernel time GPU: 0.030464 c_custkey
sg = 1
h_total: 960306 output_estimate: 1572864 sg: 1
Filter Kernel time CPU: 0.329888 Transfer size: 960306 sg: 1
Transfer Time: 0.15776 sg: 1
Build Kernel time GPU: 0.087040 Build Kernel time CPU: 0.453536 p_partkey
sg = 3
Filter Build Kernel time CPU: 0.144192 d_datekey
sg = 1
Filter Build Kernel time CPU: 0.013472 Build time 1.55443
h_total: 107708 output_estimate: 188743 sg: 32
Probe Kernel time GPU: 0.110592 Transfer size: 107708 sg: 32
Transfer Time : 0.077824 h_total: 1179904 output_estimate: 2642411 sg: 48
Probe Kernel time GPU: 6.497280 Transfer size: 1179904 sg: 48
Transfer Time : 0.590016 Probe Group Kernel time CPU: 4.309792 sg = 32 non demand time = 7.46701
Probe Group Kernel time CPU: 4.673536 sg = 48 non demand time = 12.0453
Probe Group Kernel time CPU: 12.168192 sg = 0 non demand time = 12.1987
Probe time 12.2573
Merge time 0.46576
Result:
Res count = 0
Query Execution Time: 16.0439
CPU Time: 12.1682
GPU Time: 6.49728
Transfer Time: 0.590016
Malloc Time: 2.74125


 Query: 43 19970101 19981231
Query Prepare Time: 17.615

Query Optimization Time: 1.90976

s_suppkey
sg = 3
Filter Build Kernel time CPU: 0.134048 Filter Build Kernel time GPU: 0.029696 c_custkey
sg = 1
h_total: 960306 output_estimate: 1572864 sg: 1
Filter Kernel time CPU: 0.334848 Transfer size: 960306 sg: 1
Transfer Time: 0.15872 sg: 1
Build Kernel time GPU: 0.084896 Build Kernel time CPU: 0.389056 p_partkey
sg = 3
Filter Build Kernel time CPU: 0.135168 d_datekey
sg = 1
Filter Build Kernel time CPU: 0.014336 Build time 1.49709
sg = 0
sg = 32
sg = 48
h_total: 21107 output_estimate: 56623 sg: 32
Probe Kernel time CPU: 9.798656 Transfer size: 21107 sg: 32
Transfer Time : 0.071680 h_total: 851 output_estimate: 1266 sg: 32
Probe Kernel time GPU: 0.047104 Transfer size: 851 sg: 32
Transfer Time : 0.042880 Group Kernel time CPU: 0.137120 sg = 32 non demand time = 10.5544
Probe Group Kernel time CPU: 24.823711 sg = 0 non demand time = 24.9559
h_total: 5858959 output_estimate: 8808038 sg: 48
Probe Kernel time CPU: 32.001087 Transfer size: 5858959 sg: 48
Transfer Time : 4.697088 h_total: 46838 output_estimate: 105461 sg: 48
Probe Kernel time GPU: 0.795648 Transfer size: 46838 sg: 48
Transfer Time : 0.068608 Group Kernel time CPU: 0.351232 sg = 48 non demand time = 38.1769
Probe time 38.4563
Merge time 0.456288
Result:
Res count = 0
Query Execution Time: 42.194
CPU Time: 32.3523
GPU Time: 0.795648
Transfer Time: 4.7657
Malloc Time: 0.012288

13

 Query: 13 19940204 19940210
Query Prepare Time: 0.221984
 Query Prepare Time using cpu 0.000219822

Query Optimization Time: 1.76538

d_datekey
sg = 3
Filter Build Kernel time CPU: 0.012288 Build time 0.048128
Filter Probe Aggr Kernel time CPU: 0.405504 sg = 0 non demand time = 0.416768
Probe time 0.45056
Merge time 0.001888
Result:
Res count = 0
Query Execution Time: 0.556416
CPU Time: 0.405504
GPU Time: 0
Transfer Time: 0
Malloc Time: 0.002912


 Query: 13 19940204 19940210
Query Prepare Time: 0.106336

Query Optimization Time: 1.64147

d_datekey
sg = 3
Filter Build Kernel time CPU: 0.012288 Build time 0.038912
sg = 0
Filter Probe Aggr Kernel time CPU: 0.405472 sg = 0 non demand time = 0.416768
Probe time 0.452608
Merge time 0.001728
Result:
Res count = 0
Query Execution Time: 0.544416
CPU Time: 0.405472
GPU Time: 0
Transfer Time: 0
Malloc Time: 0.003616

43

 Query: 43 19970101 19981231
Query Prepare Time: 12.3644
 Query Prepare Time using cpu 0.0123076

Query Optimization Time: 1.7367

s_suppkey
sg = 3
Filter Build Kernel time CPU: 0.151552 Filter Build Kernel time GPU: 0.028672 c_custkey
sg = 1
h_total: 960306 output_estimate: 1572864 sg: 1
Filter Kernel time CPU: 0.396224 Transfer size: 960306 sg: 1
Transfer Time: 0.15872 sg: 1
Build Kernel time GPU: 0.086016 Build Kernel time CPU: 0.391168 p_partkey
sg = 3
Filter Build Kernel time CPU: 0.151616 d_datekey
sg = 1
Filter Build Kernel time CPU: 0.013312 Build time 1.59232
h_total: 107708 output_estimate: 188743 sg: 32
Probe Kernel time GPU: 0.124896 Transfer size: 107708 sg: 32
h_total: 1179904 output_estimate: 2642411 sg: 48
Probe Kernel time GPU: 2.779104 Transfer Time : 0.140160 Transfer size: 1179904 sg: 48
Transfer Time : 0.593920 Probe Group Kernel time CPU: 8.604672 sg = 32 non demand time = 11.7832
Probe Group Kernel time CPU: 10.672032 sg = Probe Group Kernel time CPU: 14.524416 48 non demand time = 14.4527
sg = 0 non demand time = 14.7067
Probe time 14.8326
Merge time 0.494272
Result:
Res count = 0
Query Execution Time: 18.6986
CPU Time: 14.5244
GPU Time: 2.7791
Transfer Time: 0.59392
Malloc Time: 0.012288


 Query: 43 19970101 19981231
Query Prepare Time: 10.6972

Query Optimization Time: 1.99898

s_suppkey
sg = 3
Filter Build Kernel time CPU: 0.200704 Filter Build Kernel time GPU: 0.030720 c_custkey
sg = 1
h_total: 960306 output_estimate: 1572864 sg: 1
Filter Kernel time CPU: 0.494496 Transfer size: 960306 sg: 1
Transfer Time: 0.157824 sg: 1
Build Kernel time GPU: 0.087040 Build Kernel time CPU: 0.329728 p_partkey
sg = 3
Filter Build Kernel time CPU: 0.164832 d_datekey
sg = 1
Filter Build Kernel time CPU: 0.014144 Build time 1.8217
sg = 0
sg = 32
sg = 48
h_total: 21107 output_estimate: 56623 sg: 32
Probe Kernel time CPU: 16.535551 Transfer size: 21107 sg: 32
Transfer Time : 0.067584 h_total: 851 output_estimate: 1266 sg: 32
Probe Kernel time GPU: 0.048128 Transfer size: 851 sg: 32
Transfer Time : 0.040960 Group Kernel time CPU: 0.144448 sg = 32 non demand time = 17.2063
Probe Group Kernel time CPU: 32.779263 sg = 0 non demand time = 32.8663
h_total: 5858959 output_estimate: 8808038 sg: 48
Probe Kernel time CPU: 34.790401 Transfer size: 5858959 sg: 48
Transfer Time : 4.720640 h_total: 46838 output_estimate: 105461 sg: 48
Probe Kernel time GPU: 0.795648 Transfer size: 46838 sg: 48
Transfer Time : 0.072704 Group Kernel time CPU: 0.354144 sg = 48 non demand time = 41.0092
Probe time 41.266
Merge time 0.49312
Result:
Res count = 0
Query Execution Time: 45.3661
CPU Time: 35.1445
GPU Time: 0.795648
Transfer Time: 4.79334
Malloc Time: 0.017376

33

 Query: 33 19920101 19971231
Query Prepare Time: 4.60915
 Query Prepare Time using cpu 0.00459576

Query Optimization Time: 1.90176

s_suppkey
sg = 3
Filter Build Kernel time CPU: 0.121632 Filter Build Kernel time GPU: 0.029696 c_custkey
sg = 3
Filter Build Kernel time CPU: 0.212992 Filter Build Kernel time GPU: 0.073728 d_datekey
sg = 1
Filter Build Kernel time CPU: 0.017408 Build time 0.598016
h_total: 5952121 output_estimate: 8745124 sg: 8
Probe Kernel time GPU: 10.694848 Transfer size: 5952121 sg: 8
h_total: 9547 output_estimate: 21139 sg: 12
Probe Kernel time GPU: 3.529952 Transfer size: Transfer Time : 3.010528 9547 sg: 12
Transfer Time : 0.034688 Probe Group Kernel time CPU: 1.581920 sg = 12 non demand time = 17.9128
Probe Group Kernel time CPU: 5.344256 sg = 8 non demand time = 21.7334
Probe time 21.8071
Merge time 0.222048
Result:
Res count = 0
Query Execution Time: 23.1266
CPU Time: 5.34426
GPU Time: 10.6948
Transfer Time: 3.01053
Malloc Time: 0.004


 Query: 33 19920101 19971231
Query Prepare Time: 13.8575

Query Optimization Time: 1.95379

s_suppkey
sg = 3
Filter Build Kernel time CPU: 0.234496 Filter Build Kernel time GPU: 0.029696 c_custkey
sg = 3
Filter Build Kernel time CPU: 0.303040 Filter Build Kernel time GPU: 0.073600 d_datekey
sg = 1
Filter Build Kernel time CPU: 0.018432 Build time 0.797696
sg = 8
sg = 12
h_total: 145872740 output_estimate: 146800640 sg: 12
Probe Kernel time CPU: 116.939774 h_total: 5868556 output_estimate: 8745124 sg: 8
Probe Kernel time CPU: 117.212158 Transfer size: 145872740 sg: 12
Transfer size: 5868556 sg: 8
Transfer Time : 90.003456 Transfer Time : 47.201313 h_total: 9480 output_estimate: 21005 sg: 12
Probe Kernel time GPU: 4.953088 Transfer size: 9480 sg: 12
h_total: 48423 output_estimate: 70422 sg: 8
Probe Kernel time GPU: 0.365568 Transfer size: 48423 sg: 8
Transfer Time : 0.074848 Transfer Time : 0.073728 Group Kernel time CPU: 0.547968 sg = 12 non demand time = 214.083
Group Kernel time CPU: 0.574464 sg = 8 non demand time = 214.271
Probe time 214.319
Merge time 0.160864
Result:
Res count = 0
Query Execution Time: 215.749
CPU Time: 117.787
GPU Time: 4.95309
Transfer Time: 90.0783
Malloc Time: 0.010464

32

 Query: 32 19920101 19971231
Query Prepare Time: 4.44
 Query Prepare Time using cpu 0.00442719

Query Optimization Time: 1.83706

s_suppkey
sg = 3
Filter Build Kernel time CPU: 0.137216 Filter Build Kernel time GPU: 0.026464 c_custkey
sg = 1
h_total: 191633 output_estimate: 5242880 sg: 1
Filter Kernel time CPU: 0.211968 Transfer size: 191633 sg: 1
Transfer Time: 0.041984 sg: 1
Build Kernel time GPU: 0.036864 Build Kernel time CPU: 0.278432 d_datekey
sg = 1
Filter Build Kernel time CPU: 0.019456 Build time 0.956608
h_total: 29288664 output_estimate: 43725620 sg: 8
Probe Kernel time GPU: 11.355136 Transfer size: 29288664 sg: 8
h_total: 236038 output_estimate: 528482 sg: 12
Probe Kernel time GPU: 2.748416 Transfer size: 236038 sg: 12
Transfer Time : 14.125056 Transfer Time : 0.146432 Probe Group Kernel time CPU: 13.694976 sg = 12 non demand time = 42.1048
Probe Group Kernel time CPU: 22.093920 sg = 8 non demand time = 50.5139
Probe time 50.5948
Merge time 0.226624
Result:
Res count = 0
Query Execution Time: 52.3245
CPU Time: 22.0939
GPU Time: 11.3551
Transfer Time: 14.1251
Malloc Time: 0.027648


 Query: 32 19920101 19971231
Query Prepare Time: 8.1593

Query Optimization Time: 1.93536

s_suppkey
sg = 3
Filter Build Kernel time CPU: 0.172832 Filter Build Kernel time GPU: 0.028704 c_custkey
sg = 1
h_total: 191633 output_estimate: 5242880 sg: 1
Filter Kernel time CPU: 0.268288 Transfer size: 191633 sg: 1
Transfer Time: 0.041792 sg: 1
Build Kernel time GPU: 0.036864 Build Kernel time CPU: 0.260192 d_datekey
sg = 1
Filter Build Kernel time CPU: 0.019360 Build time 1.01872
sg = 8
sg = 12
h_total: 29042031 output_estimate: 43725620 sg: 8
Probe Kernel time CPU: 129.669312 h_total: 145872740 output_estimate: 146800640 sg: 12Transfer size: 
29042031 sg: 8
Probe Kernel time CPU: 129.782791 Transfer size: 145872740 sg: 12
Transfer Time : 83.001373 Transfer Time : 96.028671 h_total: 1166547 output_estimate: 1742521 sg: 8
Probe Kernel time GPU: 1.216512 Transfer size: 1166547 sg: 8
h_total: 234583 output_estimate: 525141 sg: 12
Probe Kernel time GPU: 5.030912 Transfer size: 234583 sg: 12
Transfer Time : 0.804736 Transfer Time : 0.179392 Group Kernel time CPU: 2.266112 sg = 12 non demand time = 244.062
Group Kernel time CPU: 2.460672 sg = 8 non demand time = 244.251
Probe time 244.309
Merge time 0.163808
Result:
Res count = 0
Query Execution Time: 245.951
CPU Time: 132.13
GPU Time: 5.03091
Transfer Time: 96.2081
Malloc Time: 0.013312

22

 Query: 22 19920101 19981231
Query Prepare Time: 0.998624
 Query Prepare Time using cpu 0.000996113

Query Optimization Time: 1.924

s_suppkey
sg = 1
h_total: 64276 output_estimate: 314572 sg: 1
Filter Kernel time CPU: 0.148480 Transfer size: 64276 sg: 1
Transfer Time: 0.023552 sg: 1
Build Kernel time GPU: 0.022528 Build Kernel time CPU: 0.051200 p_partkey
sg = 3
Filter Build Kernel time CPU: 0.146656 d_datekey
sg = 1
Filter Build Kernel time CPU: 0.014336 Build time 0.557056
Probe Group Kernel time CPU: 15.081472 sg = 0 non demand time = 15.1623
h_total: 176390095 output_estimate: 263612016 sg: 8
Probe Kernel time GPU: 15.012864 Transfer size: 176390095 sg: 8
Transfer Time : 55.467937 Probe Group Kernel time CPU: 47.191170 sg = 8 non demand time = 117.906
Probe time 118.064
Merge time 0.031456
Result:
Res count = 0
Query Execution Time: 118.756
CPU Time: 47.1912
GPU Time: 15.0129
Transfer Time: 55.4679
Malloc Time: 0.01536


 Query: 22 19920101 19981231
Query Prepare Time: 5.26211

Query Optimization Time: 1.92611

s_suppkey
sg = 1
h_total: 64276 output_estimate: 314572 sg: 1
Filter Kernel time CPU: 0.394400 Transfer size: 64276 sg: 1
Transfer Time: 0.023552 sg: 1
Build Kernel time GPU: 0.023552 Build Kernel time CPU: 0.113664 p_partkey
sg = 3
Filter Build Kernel time CPU: 0.132096 d_datekey
sg = 1
Filter Build Kernel time CPU: 0.017664 Build time 0.854016
sg = 0
sg = 8
Probe Group Kernel time CPU: 18.419712 sg = 0 non demand time = 18.4504
h_total: 7055694 output_estimate: 10544480 sg: 8
Probe Kernel time CPU: 95.335426 Transfer size: 7055694 sg: 8
Transfer Time : 4.428640 h_total: 1417949 output_estimate: 2116708 sg: 8
Probe Kernel time GPU: 1.016832 Transfer size: 1417949 sg: 8
Transfer Time : 0.939200 Group Kernel time CPU: 6.824960 sg = 8 non demand time = 108.79
Probe time 108.983
Merge time 0.029696
Result:
Res count = 0
Query Execution Time: 109.957
CPU Time: 102.16
GPU Time: 1.01683
Transfer Time: 5.36784
Malloc Time: 0.016352

13

 Query: 13 19940204 19940210
Query Prepare Time: 0.311616
 Query Prepare Time using cpu 0.000309229

Query Optimization Time: 1.78176

d_datekey
sg = 3
Filter Build Kernel time CPU: 0.012288 Build time 0.050176
Filter Probe Aggr Kernel time CPU: 0.293696 sg = 0 non demand time = 0.30432
Probe time 0.382112
Merge time 0.002304
Result:
Res count = 0
Query Execution Time: 0.567008
CPU Time: 0.293696
GPU Time: 0
Transfer Time: 0
Malloc Time: 0.002912


 Query: 13 19940204 19940210
Query Prepare Time: 0.104992

Query Optimization Time: 1.67197

d_datekey
sg = 3
Filter Build Kernel time CPU: 0.012256 Build time 0.038912
sg = 0
Filter Probe Aggr Kernel time CPU: 0.296960 sg = 0 non demand time = 0.308224
Probe time 0.338944
Merge time 0.002112
Result:
Res count = 0
Query Execution Time: 0.42816
CPU Time: 0.29696
GPU Time: 0
Transfer Time: 0
Malloc Time: 0.002784

11

 Query: 11 19930101 19931231
Query Prepare Time: 0.093856
 Query Prepare Time using cpu 9.25064e-05

Query Optimization Time: 1.65069

d_datekey
sg = 1
Filter Build Kernel time CPU: 0.013216 Build time 0.038912
Filter Probe Aggr Kernel time CPU: 11.028480 sg = 0 non demand time = 11.051
Probe time 11.1184
Merge time 0.002528
Result:
Res count = 0
Query Execution Time: 11.2201
CPU Time: 11.0285
GPU Time: 0
Transfer Time: 0
Malloc Time: 0.002944


 Query: 11 19930101 19931231
Query Prepare Time: 0.125184

Query Optimization Time: 1.792

d_datekey
sg = 1
Filter Build Kernel time CPU: 0.015360 Build time 0.04608
sg = 0
Filter Probe Aggr Kernel time CPU: 11.583680 sg = 0 non demand time = 11.6091
Probe time 11.6756
Merge time 0.002496
Result:
Res count = 0
Query Execution Time: 11.7858
CPU Time: 11.5837
GPU Time: 0
Transfer Time: 0
Malloc Time: 0.004128

22

 Query: 22 19920101 19981231
Query Prepare Time: 0.936736
 Query Prepare Time using cpu 0.000932217

Query Optimization Time: 1.94874

s_suppkey
sg = 1
h_total: 64276 output_estimate: 314572 sg: 1
Filter Kernel time CPU: 0.159904 Transfer size: 64276 sg: 1
Transfer Time: 0.023584 sg: 1
Build Kernel time GPU: 0.024800 Build Kernel time CPU: 0.054240 p_partkey
sg = 3
Filter Build Kernel time CPU: 0.137056 d_datekey
sg = 1
Filter Build Kernel time CPU: 0.014336 Build time 0.57344
Probe Group Kernel time CPU: 15.099904 sg = 0 non demand time = 15.1388
h_total: 176390095 output_estimate: 263612016 sg: 8
Probe Kernel time GPU: 15.000576 Transfer size: 176390095 sg: 8
Transfer Time : 55.476002 Probe Group Kernel time CPU: 43.060223 sg = 8 non demand time = 113.73
Probe time 113.911
Merge time 0.02928
Result:
Res count = 0
Query Execution Time: 114.623
CPU Time: 43.0602
GPU Time: 15.0006
Transfer Time: 55.476
Malloc Time: 0.018432


 Query: 22 19920101 19981231
Query Prepare Time: 4.9992

Query Optimization Time: 1.90058

s_suppkey
sg = 1
h_total: 64276 output_estimate: 314572 sg: 1
Filter Kernel time CPU: 0.165888 Transfer size: 64276 sg: 1
Transfer Time: 0.024576 sg: 1
Build Kernel time GPU: 0.024352 Build Kernel time CPU: 0.110592 p_partkey
sg = 3
Filter Build Kernel time CPU: 0.119808 d_datekey
sg = 1
Filter Build Kernel time CPU: 0.012544 Build time 0.79872
sg = 0
sg = 8
Probe Group Kernel time CPU: 20.041759 sg = 0 non demand time = 20.0776
h_total: 7055694 output_estimate: 10544480 sg: 8
Probe Kernel time CPU: 89.990143 Transfer size: 7055694 sg: 8
Transfer Time : 4.360224 h_total: 1417949 output_estimate: 2116708 sg: 8
Probe Kernel time GPU: 1.020896 Transfer size: 1417949 sg: 8
Transfer Time : 0.939008 Group Kernel time CPU: 6.615040 sg = 8 non demand time = 103.198
Probe time 103.356
Merge time 0.0296
Result:
Res count = 0
Query Execution Time: 104.322
CPU Time: 96.6052
GPU Time: 1.0209
Transfer Time: 5.29923
Malloc Time: 0.074272

41

 Query: 41 19920101 19981231
Query Prepare Time: 4.81683
 Query Prepare Time using cpu 0.00481343

Query Optimization Time: 1.86874

s_suppkey
sg = 1
h_total: 64071 output_estimate: 314572 sg: 1
Filter Kernel time CPU: 0.139328 Transfer size: 64071 sg: 1
Transfer Time: 0.023584 sg: 1
Build Kernel time GPU: 0.026368 Build Kernel time CPU: 0.100352 c_custkey
sg = 1
h_total: 960306 output_estimate: 1572864 sg: 1
Filter Kernel time CPU: 0.334048 Transfer size: 960306 sg: 1
Transfer Time: 0.157696 sg: 1
Build Kernel time GPU: 0.083968 Build Kernel time CPU: 0.462816 p_partkey
sg = 1
Filter Build Kernel time CPU: 0.323584 d_datekey
sg = 1
Filter Build Kernel time CPU: 0.019456 Build time 1.92922
h_total: 5876032 output_estimate: 13212058 sg: 48
Probe Kernel time GPU: 17.324032 h_total: 146444379 output_estimate: 219571824 sg: 32
Probe Kernel time GPU: 17.376257 Transfer size: 146444379 sg: 32
Transfer size: 5876032 sg: 48
Probe Group Kernel time CPU: 42.050400 sg = 0 non demand time = 65.7357
Transfer Time : 71.724030 Transfer Time : 48.347137 Probe Group Kernel time CPU: 88.757248 sg = 48 non demand time = 178.18
Probe Group Kernel time CPU: 132.154373 sg = 32 non demand time = 221.627
Probe time 221.829
Merge time 0.004896
Result:
Res count = 0
Query Execution Time: 223.833
CPU Time: 132.154
GPU Time: 17.3763
Transfer Time: 71.724
Malloc Time: 0.029792


 Query: 41 19920101 19981231
Query Prepare Time: 14.6731

Query Optimization Time: 2.02758

s_suppkey
sg = 1
h_total: 64071 output_estimate: 314572 sg: 1
Filter Kernel time CPU: 0.138240 Transfer size: 64071 sg: 1
Transfer Time: 0.022528 sg: 1
Build Kernel time GPU: 0.026624 Build Kernel time CPU: 0.060256 c_custkey
sg = 1
h_total: 960306 output_estimate: 1572864 sg: 1
Filter Kernel time CPU: 0.338944 Transfer size: 960306 sg: 1
Transfer Time: 0.156672 sg: 1
Build Kernel time GPU: 0.084800 Build Kernel time CPU: 0.578400 p_partkey
sg = 1
Filter Build Kernel time CPU: 0.201664 d_datekey
sg = 1
Filter Build Kernel time CPU: 0.015616 Build time 1.92522
sg = 0
sg = 48
sg = 32
Probe Group Kernel time CPU: 53.823486 sg = 0 non demand time = 53.975
h_total: 58662957 output_estimate: 88080384 sg: 48
Probe Kernel time CPU: 199.601059 Transfer size: 58662957 sg: 48
h_total: 58432400 output_estimate: 131743096 sg: 32
Probe Kernel time CPU: 208.602951 Transfer size: 58432400 sg: 32
Transfer Time : 70.192131 Transfer Time : 61.335552 h_total: 2347925 output_estimate: 5279666 sg: 48
Probe Kernel time GPU: 7.579648 h_total: 11703776 output_estimate: 17529720 sg: 32
Probe Kernel time GPU: 3.714048 Transfer size: 2347925 sg: 48
Transfer size: 11703776 sg: 32
Transfer Time : 10.985472 Transfer Time : 10.617856 Group Kernel time CPU: 83.261436 sg = 48 non demand time = 389.624
Group Kernel time CPU: 88.586174 sg = 32 non demand time = 394.898
Probe time 395.069
Merge time 0.005696
Result:
Res count = 0
Query Execution Time: 397.103
CPU Time: 297.189
GPU Time: 7.57965
Transfer Time: 81.1776
Malloc Time: 0.029696

21

 Query: 21 19920101 19981231
Query Prepare Time: 0.494592
 Query Prepare Time using cpu 0.000491858

Query Optimization Time: 1.88416

s_suppkey
sg = 1
h_total: 64071 output_estimate: 314572 sg: 1
Filter Kernel time CPU: 0.133120 Transfer size: 64071 sg: 1
Transfer Time: 0.024576 sg: 1
Build Kernel time GPU: 0.024576 Build Kernel time CPU: 0.103648 p_partkey
sg = 3
Filter Build Kernel time CPU: 0.244768 d_datekey
sg = 3
Filter Build Kernel time CPU: 0.011264 Build time 0.698368
Probe Group Kernel time CPU: 15.100928 sg = 0 non demand time = 15.1489
h_total: 175841578 output_estimate: 263612016 sg: 8
Probe Kernel time GPU: 14.987264 Transfer size: 175841578 sg: 8
Transfer Time : 55.293953 Probe Group Kernel time CPU: 41.509888 sg = 8 non demand time = 112.042
Probe time 112.233
Merge time 0.027008
Result:
Res count = 0
Query Execution Time: 113.08
CPU Time: 41.5099
GPU Time: 14.9873
Transfer Time: 55.294
Malloc Time: 0.016544


 Query: 21 19920101 19981231
Query Prepare Time: 4.94816

Query Optimization Time: 1.81658

s_suppkey
sg = 1
h_total: 64071 output_estimate: 314572 sg: 1
Filter Kernel time CPU: 0.130912 Transfer size: 64071 sg: 1
Transfer Time: 0.02352 sg: 1
Build Kernel time GPU: 0.024608 Build Kernel time CPU: 0.104448 p_partkey
sg = 3
Filter Build Kernel time CPU: 0.250912 d_datekey
sg = 3
Filter Build Kernel time CPU: 0.006944 Build time 0.707552
sg = 0
sg = 8
Probe Group Kernel time CPU: 34.455616 sg = 0 non demand time = 34.5559
h_total: 15770 output_estimate: 52722400 sg: 8
Probe Kernel time CPU: 87.968765 Transfer size: 15770 sg: 8
Transfer Time : 0.046080 h_total: 3160 output_estimate: 4731 sg: 8
Probe Kernel time GPU: 0.036864 Transfer size: 3160 sg: 8
Transfer Time : 0.027648 Group Kernel time CPU: 0.126976 sg = 8 non demand time = 88.6272
Probe time 88.7532
Merge time 0.032608
Result:
Res count = 0
Query Execution Time: 89.6038
CPU Time: 88.0957
GPU Time: 0.036864
Transfer Time: 0.073728
Malloc Time: 0.021504

21

 Query: 21 19920101 19981231
Query Prepare Time: 5.02698
 Query Prepare Time using cpu 0.00502372

Query Optimization Time: 1.83398

s_suppkey
sg = 1
h_total: 64071 output_estimate: 314572 sg: 1
Filter Kernel time CPU: 0.128000 Transfer size: 64071 sg: 1
Transfer Time: 0.023552 sg: 1
Build Kernel time GPU: 0.025600 Build Kernel time CPU: 0.062464 p_partkey
sg = 3
Filter Build Kernel time CPU: 0.201728 d_datekey
sg = 3
Filter Build Kernel time CPU: 0.009216 Build time 0.603136
Probe Group Kernel time CPU: 15.085376 sg = 0 non demand time = 15.1071
h_total: 175841578 output_estimate: 263612016 sg: 8
Probe Kernel time GPU: 14.975968 Transfer size: 175841578 sg: 8
Transfer Time : 55.290878 Probe Group Kernel time CPU: 41.616512 sg = 8 non demand time = 112.156
Probe time 112.346
Merge time 0.025344
Result:
Res count = 0
Query Execution Time: 113.09
CPU Time: 41.6165
GPU Time: 14.976
Transfer Time: 55.2909
Malloc Time: 0.017408


 Query: 21 19920101 19981231
Query Prepare Time: 4.96381

Query Optimization Time: 1.83501

s_suppkey
sg = 1
h_total: 64071 output_estimate: 314572 sg: 1
Filter Kernel time CPU: 0.381952 Transfer size: 64071 sg: 1
Transfer Time: 0.024576 sg: 1
Build Kernel time GPU: 0.022528 Build Kernel time CPU: 0.104480 p_partkey
sg = 3
Filter Build Kernel time CPU: 0.241664 d_datekey
sg = 3
Filter Build Kernel time CPU: 0.008288 Build time 0.946208
sg = 0
sg = 8
Probe Group Kernel time CPU: 16.746719 sg = 0 non demand time = 16.8572
h_total: 15770 output_estimate: 52722400 sg: 8
Probe Kernel time CPU: 88.123390 Transfer size: 15770 sg: 8
Transfer Time : 0.044032 h_total: 3160 output_estimate: 4731 sg: 8
Probe Kernel time GPU: 0.051200 Transfer size: 3160 sg: 8
Transfer Time : 0.026848 Group Kernel time CPU: 0.120832 sg = 8 non demand time = 88.7357
Probe time 88.9078
Merge time 0.037664
Result:
Res count = 0
Query Execution Time: 90.0918
CPU Time: 88.2442
GPU Time: 0.0512
Transfer Time: 0.07088
Malloc Time: 0.016384

42

 Query: 42 19970101 19981231
Query Prepare Time: 5.87216
 Query Prepare Time using cpu 0.00586891

Query Optimization Time: 1.93024

s_suppkey
sg = 1
h_total: 64071 output_estimate: 314572 sg: 1
Filter Kernel time CPU: 0.124960 Transfer size: 64071 sg: 1
Transfer Time: 0.023552 sg: 1
Build Kernel time GPU: 0.026624 Build Kernel time CPU: 0.063488 c_custkey
sg = 1
h_total: 960306 output_estimate: 1572864 sg: 1
Filter Kernel time CPU: 0.320512 Transfer size: 960306 sg: 1
Transfer Time: 0.158528 sg: 1
Build Kernel time GPU: 0.086016 Build Kernel time CPU: 0.444416 p_partkey
sg = 1
Filter Build Kernel time CPU: 0.229376 d_datekey
sg = 1
Filter Build Kernel time CPU: 0.011264 Build time 1.76618
h_total: 534773 output_estimate: 943718 sg: 32
Probe Kernel time GPU: 3.355520 Transfer size: 534773 sg: 32
Transfer Time : 0.291840 h_total: 5876032 output_estimate: 13212058 sg: 48
Probe Kernel time GPU: 3.951616 Transfer size: 5876032 sg: 48
Transfer Time : 2.849792 Probe Group Kernel time CPU: 16.365568 sg = 32 non demand time = 24.1275
Probe Group Kernel time CPU: 30.927872 sg = 0 non demand time = 30.9586
Probe Group Kernel time CPU: 18.550783 sg = 48 non demand time = 32.0031
Probe time 32.1444
Merge time 0.023168
Result:
Res count = 0
Query Execution Time: 34.008
CPU Time: 30.9279
GPU Time: 3.95162
Transfer Time: 2.84979
Malloc Time: 0.079648


 Query: 42 19970101 19981231
Query Prepare Time: 12.0102

Query Optimization Time: 1.93331

s_suppkey
sg = 1
h_total: 64071 output_estimate: 314572 sg: 1
Filter Kernel time CPU: 0.133248 Transfer size: 64071 sg: 1
Transfer Time: 0.024576 sg: 1
Build Kernel time GPU: 0.025600 Build Kernel time CPU: 0.065536 c_custkey
sg = 1
h_total: 960306 output_estimate: 1572864 sg: 1
Filter Kernel time CPU: 0.324608 Transfer size: 960306 sg: 1
Transfer Time: 0.156672 sg: 1
Build Kernel time GPU: 0.086944 Build Kernel time CPU: 0.424960 p_partkey
sg = 1
Filter Build Kernel time CPU: 0.230400 d_datekey
sg = 1
Filter Build Kernel time CPU: 0.012288 Build time 1.75309
sg = 0
sg = 32
sg = 48
h_total: 212951 output_estimate: 566231 sg: 32
Probe Kernel time CPU: 27.825121 Transfer size: 212951 sg: 32
Transfer Time : 0.289792 h_total: 43066 output_estimate: 63885 sg: 32
Probe Kernel time GPU: 0.064512 Transfer size: 43066 sg: 32
Transfer Time : 0.073632 Probe Group Kernel time CPU: 30.781281 sg = 0 non demand time = 30.8193
Group Kernel time CPU: 5.220352 sg = 32 non demand time = 34.1125
h_total: 58578016 output_estimate: 88080384 sg: 48
Probe Kernel time CPU: 45.812737 Transfer size: 58578016 sg: 48
Transfer Time : 43.877281 h_total: 2344594 output_estimate: 5272021 sg: 48
Probe Kernel time GPU: 3.812352 Transfer size: 2344594 sg: 48
Transfer Time : 1.877920 Group Kernel time CPU: 11.859008 sg = 48 non demand time = 107.506
Probe time 107.743
Merge time 0.025728
Result:
Res count = 0
Query Execution Time: 109.619
CPU Time: 57.6717
GPU Time: 3.81235
Transfer Time: 45.7552
Malloc Time: 0.031776

32

 Query: 32 19920101 19971231
Query Prepare Time: 1.35603
 Query Prepare Time using cpu 0.0013423

Query Optimization Time: 1.96301

s_suppkey
sg = 3
Filter Build Kernel time CPU: 0.100352 Filter Build Kernel time GPU: 0.029600 c_custkey
sg = 1
h_total: 191633 output_estimate: 5242880 sg: 1
Filter Kernel time CPU: 0.180224 Transfer size: 191633 sg: 1
Transfer Time: 0.042848 sg: 1
Build Kernel time GPU: 0.036864 Build Kernel time CPU: 0.236544 d_datekey
sg = 1
Filter Build Kernel time CPU: 0.018528 Build time 0.845824
h_total: 29288664 output_estimate: 43725620 sg: 8
Probe Kernel time GPU: 11.383712 Transfer size: 29288664 sg: 8
h_total: 236038 output_estimate: 528482 sg: 12
Probe Kernel time GPU: 7.429120 Transfer size: 236038 sg: 12
Transfer Time : 14.060512 Transfer Time : 0.152512 Probe Group Kernel time CPU: 9.899168 sg = 12 non demand time = 26.9455
Probe Group Kernel time CPU: 20.898592 sg = 8 non demand time = 49.1807
Probe time 49.2562
Merge time 0.18256
Result:
Res count = 0
Query Execution Time: 50.7923
CPU Time: 20.8986
GPU Time: 11.3837
Transfer Time: 14.0605
Malloc Time: 0.011424


 Query: 32 19920101 19971231
Query Prepare Time: 8.46989

Query Optimization Time: 1.95789

s_suppkey
sg = 3
Filter Build Kernel time CPU: 0.153600 Filter Build Kernel time GPU: 0.028672 c_custkey
sg = 1
h_total: 191633 output_estimate: 5242880 sg: 1
Filter Kernel time CPU: 0.214848 Transfer size: 191633 sg: 1
Transfer Time: 0.041984 sg: 1
Build Kernel time GPU: 0.036768 Build Kernel time CPU: 0.276640 d_datekey
sg = 1
Filter Build Kernel time CPU: 0.023552 Build time 0.966688
sg = 8
sg = 12
h_total: 145872740 output_estimate: 146800640 sg: 12
Probe Kernel time CPU: 118.863869 Transfer size: 145872740 sg: 12
h_total: 29042031 output_estimate: 43725620 sg: 8
Probe Kernel time CPU: 141.023239 Transfer size: 29042031 sg: 8
Transfer Time : 96.063484 Transfer Time : 39.225121 h_total: 234583 output_estimate: 525141 sg: 12
Probe Kernel time GPU: 5.790720 h_total: 1166547 output_estimate: 1742521 sg: 8
Probe Kernel time GPU: 1.176576 Transfer size: 234583 sg: 12
Transfer size: 1166547 sg: 8
Transfer Time : 0.709632 Transfer Time : 0.804864 Group Kernel time CPU: 1.287168 sg = 12 non demand time = 232.016
Group Kernel time CPU: 2.307072 sg = 8 non demand time = 233.077
Probe time 233.128
Merge time 0.165344
Result:
Res count = 0
Query Execution Time: 234.726
CPU Time: 143.33
GPU Time: 5.79072
Transfer Time: 96.7731
Malloc Time: 0.051968

31

 Query: 31 19920101 19971231
Query Prepare Time: 0.798656
 Query Prepare Time using cpu 0.000795841

Query Optimization Time: 1.8584

s_suppkey
sg = 1
h_total: 64276 output_estimate: 314572 sg: 1
Filter Kernel time CPU: 0.135168 Transfer size: 64276 sg: 1
Transfer Time: 0.023552 sg: 1
Build Kernel time GPU: 0.022528 Build Kernel time CPU: 0.073824 c_custkey
sg = 1
h_total: 959062 output_estimate: 1572864 sg: 1
Filter Kernel time CPU: 0.473088 Transfer size: 959062 sg: 1
Transfer Time: 0.156672 sg: 1
Build Kernel time GPU: 0.082976 Build Kernel time CPU: 0.439488 d_datekey
sg = 1
Filter Build Kernel time CPU: 0.019456 Build time 1.65888
h_total: 146268228 output_estimate: 218628112 sg: 8
Probe Kernel time GPU: 13.480960 Transfer size: 146268228 sg: 8
h_total: 5892153 output_estimate: 13212058 sg: 12
Probe Kernel time GPU: 3.914752 Transfer size: 5892153 sg: 12
Transfer Time : 69.734398 Transfer Time : 2.807008 Probe Group Kernel time CPU: 132.667618 sg = 12 non demand time = 221.766
Probe Group Kernel time CPU: 134.316025 sg = 8 non demand time = 222.495
Probe time 222.7
Merge time 0.025632
Result:
Res count = 0
Query Execution Time: 224.458
CPU Time: 134.316
GPU Time: 13.481
Transfer Time: 69.7344
Malloc Time: 13.4277


 Query: 31 19920101 19971231
Query Prepare Time: 10.2013

Query Optimization Time: 1.93024

s_suppkey
sg = 1
h_total: 64276 output_estimate: 314572 sg: 1
Filter Kernel time CPU: 0.139328 Transfer size: 64276 sg: 1
Transfer Time: 0.022624 sg: 1
Build Kernel time GPU: 0.024832 Build Kernel time CPU: 0.067392 c_custkey
sg = 1
h_total: 959062 output_estimate: 1572864 sg: 1
Filter Kernel time CPU: 0.413728 Transfer size: 959062 sg: 1
Transfer Time: 0.156768 sg: 1
Build Kernel time GPU: 0.084992 Build Kernel time CPU: 0.640000 d_datekey
sg = 1
Filter Build Kernel time CPU: 0.014368 Build time 1.80342
sg = 8
sg = 12
h_total: 145872740 output_estimate: 146800640 sg: 12
Probe Kernel time CPU: 136.349731 Transfer size: 145872740 sg: 12
h_total: 145437085 output_estimate: 218628112 sg: 8
Probe Kernel time CPU: 158.338043 Transfer size: 145437085 sg: 8
Transfer Time : 130.457596 Transfer Time : 108.847107 h_total: 5854738 output_estimate: 13128547 sg: 12
Probe Kernel time GPU: 5.466112 Transfer size: 5854738 sg: 12
h_total: 29212992 output_estimate: 43631128 sg: 8
Probe Kernel time GPU: 6.364992 Transfer size: 29212992 sg: 8
Transfer Time : 8.251392 Transfer Time : 18.271200 Group Kernel time CPU: 20.956320 sg = 12 non demand time = 355.329
Group Kernel time CPU: 81.061729 sg = 8 non demand time = 424.676
Probe time 424.758
Merge time 0.028928
Result:
Res count = 0
Query Execution Time: 426.675
CPU Time: 239.4
GPU Time: 6.36499
Transfer Time: 138.709
Malloc Time: 0.032768

34

 Query: 34 19971201 19971231
Query Prepare Time: 1.08394
 Query Prepare Time using cpu 0.00107026

Query Optimization Time: 1.92822

s_suppkey
sg = 3
Filter Build Kernel time CPU: 0.102304 Filter Build Kernel time GPU: 0.029696 c_custkey
sg = 3
Filter Build Kernel time CPU: 0.169984 Filter Build Kernel time GPU: 0.074528 d_datekey
sg = 3
Filter Build Kernel time CPU: 0.019456 Build time 0.62464
h_total: 903 output_estimate: 1962 sg: 12
Probe Kernel time GPU: 0.257088 Transfer size: 903 sg: 12
Transfer Time : 0.020480 Probe Group Kernel time CPU: 0.097280 sg = 12 non demand time = 0.514048
Probe time 0.570368
Merge time 0.232672
Result:
Res count = 0
Query Execution Time: 1.98672
CPU Time: 0.291744
GPU Time: 0.257088
Transfer Time: 0.02048
Malloc Time: 0.004192


 Query: 34 19971201 19971231
Query Prepare Time: 2.31706

Query Optimization Time: 1.78688

s_suppkey
sg = 3
Filter Build Kernel time CPU: 0.105472 Filter Build Kernel time GPU: 0.026368 c_custkey
sg = 3
Filter Build Kernel time CPU: 0.182272 Filter Build Kernel time GPU: 0.073792 d_datekey
sg = 3
Filter Build Kernel time CPU: 0.009280 Build time 0.630784
sg = 12
h_total: 12368732 output_estimate: 13631488 sg: 12
Probe Kernel time CPU: 1.729408 Transfer size: 12368732 sg: 12
Transfer Time : 7.419904 h_total: 811 output_estimate: 1781 sg: 12
Probe Kernel time GPU: 0.485344 Transfer size: 811 sg: 12
Transfer Time : 0.023552 Group Kernel time CPU: 0.080896 sg = 12 non demand time = 9.95942
Probe time 9.9881
Merge time 0.181056
Result:
Res count = 0
Query Execution Time: 11.3242
CPU Time: 1.8103
GPU Time: 0.485344
Transfer Time: 7.44346
Malloc Time: 0.005984

23

 Query: 23 19920101 19981231
Query Prepare Time: 0.843392
 Query Prepare Time using cpu 0.000840187

Query Optimization Time: 1.78074

s_suppkey
sg = 1
h_total: 64068 output_estimate: 314572 sg: 1
Filter Kernel time CPU: 0.125952 Transfer size: 64068 sg: 1
Transfer Time: 0.024576 sg: 1
Build Kernel time GPU: 0.020608 Build Kernel time CPU: 0.099328 p_partkey
sg = 3
Filter Build Kernel time CPU: 0.115744 d_datekey
sg = 1
Filter Build Kernel time CPU: 0.028672 Build time 0.55808
Probe Group Kernel time CPU: 15.193088 sg = 0 non demand time = 15.233
h_total: 175841825 output_estimate: 263612016 sg: 8
Probe Kernel time GPU: 14.996480 Transfer size: 175841825 sg: 8
Transfer Time : 55.316479 Probe Group Kernel time CPU: 37.838848 sg = 8 non demand time = 108.364
Probe time 108.627
Merge time 0.028384
Result:
Res count = 0
Query Execution Time: 109.32
CPU Time: 37.8388
GPU Time: 14.9965
Transfer Time: 55.3165
Malloc Time: 0.01536


 Query: 23 19920101 19981231
Query Prepare Time: 4.95411

Query Optimization Time: 1.90048

s_suppkey
sg = 1
h_total: 64068 output_estimate: 314572 sg: 1
Filter Kernel time CPU: 0.130848 Transfer size: 64068 sg: 1
Transfer Time: 0.050176 sg: 1
Build Kernel time GPU: 0.025408 Build Kernel time CPU: 0.104448 p_partkey
sg = 3
Filter Build Kernel time CPU: 0.130080 d_datekey
sg = 1
Filter Build Kernel time CPU: 0.016480 Build time 0.615424
sg = 0
sg = 8
Probe Group Kernel time CPU: 32.164864 sg = 0 non demand time = 32.2253
h_total: 872871 output_estimate: 1318060 sg: 8
Probe Kernel time CPU: 78.115837 Transfer size: 872871 sg: 8
Transfer Time : 0.579808 h_total: 174510 output_estimate: 261861 sg: 8
Probe Kernel time GPU: 0.216064 Transfer size: 174510 sg: 8
Transfer Time : 0.139264 Group Kernel time CPU: 2.849792 sg = 8 non demand time = 82.1279
Probe time 82.2147
Merge time 0.033088
Result:
Res count = 0
Query Execution Time: 82.9574
CPU Time: 80.9656
GPU Time: 0.216064
Transfer Time: 0.719072
Malloc Time: 0.016384

13

 Query: 13 19940204 19940210
Query Prepare Time: 0.328224
 Query Prepare Time using cpu 0.000326157

Query Optimization Time: 1.72422

d_datekey
sg = 3
Filter Build Kernel time CPU: 0.013312 Build time 0.050176
Filter Probe Aggr Kernel time CPU: 0.307200 sg = 0 non demand time = 0.320512
Probe time 0.42496
Merge time 0.001984
Result:
Res count = 0
Query Execution Time: 0.59728
CPU Time: 0.3072
GPU Time: 0
Transfer Time: 0
Malloc Time: 0.003744


 Query: 13 19940204 19940210
Query Prepare Time: 0.092128

Query Optimization Time: 1.536

d_datekey
sg = 3
Filter Build Kernel time CPU: 0.012096 Build time 0.037696
sg = 0
Filter Probe Aggr Kernel time CPU: 0.547840 sg = 0 non demand time = 0.561152
Probe time 0.595968
Merge time 0.001632
Result:
Res count = 0
Query Execution Time: 0.682368
CPU Time: 0.54784
GPU Time: 0
Transfer Time: 0
Malloc Time: 0.002688

11

 Query: 11 19930101 19931231
Query Prepare Time: 0.08224
 Query Prepare Time using cpu 8.03471e-05

Query Optimization Time: 1.52269

d_datekey
sg = 1
Filter Build Kernel time CPU: 0.013312 Build time 0.038912
Filter Probe Aggr Kernel time CPU: 10.091520 sg = 0 non demand time = 10.113
Probe time 10.1899
Merge time 0.003264
Result:
Res count = 0
Query Execution Time: 10.2942
CPU Time: 10.0915
GPU Time: 0
Transfer Time: 0
Malloc Time: 0.002656


 Query: 11 19930101 19931231
Query Prepare Time: 0.115872

Query Optimization Time: 1.72032

d_datekey
sg = 1
Filter Build Kernel time CPU: 0.014336 Build time 0.043008
sg = 0
Filter Probe Aggr Kernel time CPU: 10.153984 sg = 0 non demand time = 10.1786
Probe time 10.2359
Merge time 0.002176
Result:
Res count = 0
Query Execution Time: 10.3438
CPU Time: 10.154
GPU Time: 0
Transfer Time: 0
Malloc Time: 0.002784

23

 Query: 23 19920101 19981231
Query Prepare Time: 0.69552
 Query Prepare Time using cpu 0.000692368

Query Optimization Time: 1.8689

s_suppkey
sg = 1
h_total: 64068 output_estimate: 314572 sg: 1
Filter Kernel time CPU: 0.147456 Transfer size: 64068 sg: 1
Transfer Time: 0.024576 sg: 1
Build Kernel time GPU: 0.024608 Build Kernel time CPU: 0.050304 p_partkey
sg = 3
Filter Build Kernel time CPU: 0.111616 d_datekey
sg = 1
Filter Build Kernel time CPU: 0.014336 Build time 0.536416
Probe Group Kernel time CPU: 14.997504 sg = 0 non demand time = 15.1357
h_total: 175841825 output_estimate: 263612016 sg: 8
Probe Kernel time GPU: 14.999744 Transfer size: 175841825 sg: 8
Transfer Time : 55.312386 Probe Group Kernel time CPU: 37.093376 sg = 8 non demand time = 107.609
Probe time 107.796
Merge time 0.02656
Result:
Res count = 0
Query Execution Time: 108.472
CPU Time: 37.0934
GPU Time: 14.9997
Transfer Time: 55.3124
Malloc Time: 0.01728


 Query: 23 19920101 19981231
Query Prepare Time: 4.9352

Query Optimization Time: 1.89747

s_suppkey
sg = 1
h_total: 64068 output_estimate: 314572 sg: 1
Filter Kernel time CPU: 0.236544 Transfer size: 64068 sg: 1
Transfer Time: 0.0256 sg: 1
Build Kernel time GPU: 0.025600 Build Kernel time CPU: 0.109568 p_partkey
sg = 3
Filter Build Kernel time CPU: 0.097280 d_datekey
sg = 1
Filter Build Kernel time CPU: 0.014368 Build time 0.685056
sg = 0
sg = 8
Probe Group Kernel time CPU: 14.962688 sg = 0 non demand time = 14.9944
h_total: 872871 output_estimate: 1318060 sg: 8
Probe Kernel time CPU: 75.723778 Transfer size: 872871 sg: 8
Transfer Time : 0.568320 h_total: 174510 output_estimate: 261861 sg: 8
Probe Kernel time GPU: 0.215040 Transfer size: 174510 sg: 8
Transfer Time : 0.139264 Group Kernel time CPU: 2.835456 sg = 8 non demand time = 79.7706
Probe time 79.9611
Merge time 0.026528
Result:
Res count = 0
Query Execution Time: 85.9002
CPU Time: 78.5592
GPU Time: 0.21504
Transfer Time: 0.707584
Malloc Time: 0.016384

32

 Query: 32 19920101 19971231
Query Prepare Time: 1.49552
 Query Prepare Time using cpu 0.00148153

Query Optimization Time: 1.94458

s_suppkey
sg = 3
Filter Build Kernel time CPU: 0.106496 Filter Build Kernel time GPU: 0.030720 c_custkey
sg = 1
h_total: 191633 output_estimate: 5242880 sg: 1
Filter Kernel time CPU: 0.177088 Transfer size: 191633 sg: 1
Transfer Time: 0.043008 sg: 1
Build Kernel time GPU: 0.037760 Build Kernel time CPU: 0.257024 d_datekey
sg = 1
Filter Build Kernel time CPU: 0.016160 Build time 0.86016
h_total: 29288664 output_estimate: 43725620 sg: 8
Probe Kernel time GPU: 11.345920 Transfer size: 29288664 sg: 8
h_total: 236038 output_estimate: 528482 sg: 12
Probe Kernel time GPU: 7.422976 Transfer size: Transfer Time : 14.061568 236038 sg: 12
Transfer Time : 0.138240 Probe Group Kernel time CPU: 17.701952 sg = 12 non demand time = 46.0872
Probe Group Kernel time CPU: 19.999744 sg = 8 non demand time = 48.2879
Probe time 48.3656
Merge time 0.17808
Result:
Res count = 0
Query Execution Time: 49.9892
CPU Time: 19.9997
GPU Time: 11.3459
Transfer Time: 14.0616
Malloc Time: 0.013376


 Query: 32 19920101 19971231
Query Prepare Time: 10.3323

Query Optimization Time: 1.96198

s_suppkey
sg = 3
Filter Build Kernel time CPU: 0.119808 Filter Build Kernel time GPU: 0.029696 c_custkey
sg = 1
h_total: 191633 output_estimate: 5242880 sg: 1
Filter Kernel time CPU: 0.181440 Transfer size: 191633 sg: 1
Transfer Time: 0.043008 sg: 1
Build Kernel time GPU: 0.038656 Build Kernel time CPU: 0.293888 d_datekey
sg = 1
Filter Build Kernel time CPU: 0.020448 Build time 1.03616
sg = 8
sg = 12
h_total: 29042031 output_estimate: 43725620 sg: 8
Probe Kernel time CPU: 115.941376 Transfer size: 29042031 sg: 8
h_total: 145872740 output_estimate: 146800640 sg: 12
Probe Kernel time CPU: 120.584190 Transfer size: 145872740 sg: 12
Transfer Time : 39.496704 Transfer Time : 92.891136 h_total: 1166547 output_estimate: 1742521 sg: 8
Probe Kernel time GPU: 1.173504 Transfer size: 1166547 sg: 8
h_total: 234583 output_estimate: 525141 sg: 12
Probe Kernel time GPU: 4.680704 Transfer size: 234583 sg: 12
Transfer Time : 0.787456 Transfer Time : 0.175104 Group Kernel time CPU: 2.373792 Group Kernel time CPU: 2.287456 sg = 12 non demand time = 230.156
sg = 8 non demand time = 230.211
Probe time 230.368
Merge time 0.379232
Result:
Res count = 0
Query Execution Time: 232.285
CPU Time: 122.872
GPU Time: 4.6807
Transfer Time: 93.0662
Malloc Time: 0.029888

41

 Query: 41 19920101 19981231
Query Prepare Time: 1.34278
 Query Prepare Time using cpu 0.00134015

Query Optimization Time: 1.99987

s_suppkey
sg = 1
h_total: 64071 output_estimate: 314572 sg: 1
Filter Kernel time CPU: 0.181248 Transfer size: 64071 sg: 1
Transfer Time: 0.02544 sg: 1
Build Kernel time GPU: 0.024480 Build Kernel time CPU: 0.049152 c_custkey
sg = 1
h_total: 960306 output_estimate: 1572864 sg: 1
Filter Kernel time CPU: 0.332800 Transfer size: 960306 sg: 1
Transfer Time: 0.156672 sg: 1
Build Kernel time GPU: 0.085920 Build Kernel time CPU: 0.554208 p_partkey
sg = 1
Filter Build Kernel time CPU: 0.208928 d_datekey
sg = 1
Filter Build Kernel time CPU: 0.019328 Build time 1.89046
h_total: 5876032 output_estimate: 13212058 sg: 48
Probe Kernel time GPU: 17.341440 h_total: 146444379 output_estimate: 219571824 sg: 32
Probe Kernel time GPU: 17.389568 Transfer size: 5876032 sg: 48
Transfer size: 146444379 sg: 32
Probe Group Kernel time CPU: 48.064510 Transfer Time : 48.964607 sg = 0 non demand time = 70.8178
Transfer Time : 69.879807 Probe Group Kernel time CPU: 6.611968 sg = 48 non demand time = 100.069
Probe Group Kernel time CPU: 119.956482 sg = 32 non demand time = 213.502
Probe time 213.752
Merge time 0.005664
Result:
Res count = 0
Query Execution Time: 215.745
CPU Time: 119.956
GPU Time: 17.3896
Transfer Time: 69.8798
Malloc Time: 0.029888


 Query: 41 19920101 19981231
Query Prepare Time: 14.6583

Query Optimization Time: 2.02349

s_suppkey
sg = 1
h_total: 64071 output_estimate: 314572 sg: 1
Filter Kernel time CPU: 0.201824 Transfer size: 64071 sg: 1
Transfer Time: 0.024576 sg: 1
Build Kernel time GPU: 0.025824 Build Kernel time CPU: 0.067584 c_custkey
sg = 1
h_total: 960306 output_estimate: 1572864 sg: 1
Filter Kernel time CPU: 0.304896 Transfer size: 960306 sg: 1
Transfer Time: 0.1576 sg: 1
Build Kernel time GPU: 0.087040 Build Kernel time CPU: 0.563264 p_partkey
sg = 1
Filter Build Kernel time CPU: 0.212992 d_datekey
sg = 1
Filter Build Kernel time CPU: 0.015360 Build time 1.94656
sg = 0
sg = 32
sg = 48
Probe Group Kernel time CPU: 46.150658 sg = 0 non demand time = 46.2337
h_total: 58432400 output_estimate: 131743096 sg: 32
Probe Kernel time CPU: 198.361084 h_total: 58662957 output_estimate: 88080384 sg: 48
Probe Kernel time CPU: 198.663010 Transfer size: 58432400 sg: 32
Transfer size: 58662957 sg: 48
Transfer Time : 78.962685 Transfer Time : 70.173698 h_total: 2347925 output_estimate: 5279666 sg: 48
Probe Kernel time GPU: 7.553824 h_total: 11703776 output_estimate: 17529720 sg: 32
Probe Kernel time GPU: 7.579648 Transfer size: 2347925 sg: 48
Transfer size: 11703776 sg: 32
Transfer Time : 9.145344 Transfer Time : 10.273792 Group Kernel time CPU: 62.729218 sg = 48 non demand time = 368.013
Group Kernel time CPU: 92.362755 sg = 32 non demand time = 397.744
Probe time 397.899
Merge time 0.006016
Result:
Res count = 0
Query Execution Time: 399.949
CPU Time: 290.724
GPU Time: 7.57965
Transfer Time: 89.2365
Malloc Time: 0.033792

34

 Query: 34 19971201 19971231
Query Prepare Time: 1.20333
 Query Prepare Time using cpu 0.00119042

Query Optimization Time: 1.90762

s_suppkey
sg = 3
Filter Build Kernel time CPU: 0.112640 Filter Build Kernel time GPU: 0.028800 c_custkey
sg = 3
Filter Build Kernel time CPU: 0.200704 Filter Build Kernel time GPU: 0.073728 d_datekey
sg = 3
Filter Build Kernel time CPU: 0.013280 Build time 0.579424
h_total: 903 output_estimate: 1962 sg: 12
Probe Kernel time GPU: 0.257024 Transfer size: 903 sg: 12
Transfer Time : 0.020480 Probe Group Kernel time CPU: 0.096256 sg = 12 non demand time = 0.452608
Probe time 0.47424
Merge time 0.376672
Result:
Res count = 0
Query Execution Time: 1.90304
CPU Time: 0.326624
GPU Time: 0.257024
Transfer Time: 0.02048
Malloc Time: 0.003968


 Query: 34 19971201 19971231
Query Prepare Time: 2.19203

Query Optimization Time: 1.67936

s_suppkey
sg = 3
Filter Build Kernel time CPU: 0.101376 Filter Build Kernel time GPU: 0.024576 c_custkey
sg = 3
Filter Build Kernel time CPU: 0.163872 Filter Build Kernel time GPU: 0.072768 d_datekey
sg = 3
Filter Build Kernel time CPU: 0.008416 Build time 0.509952
sg = 12
h_total: 12368732 output_estimate: 13631488 sg: 12
Probe Kernel time CPU: 1.700864 Transfer size: 12368732 sg: 12
Transfer Time : 7.418976 h_total: 811 output_estimate: 1781 sg: 12
Probe Kernel time GPU: 0.486400 Transfer size: 811 sg: 12
Transfer Time : 0.024480 Group Kernel time CPU: 0.080896 sg = 12 non demand time = 9.84762
Probe time 9.8775
Merge time 0.187936
Result:
Res count = 0
Query Execution Time: 11.0529
CPU Time: 1.78176
GPU Time: 0.4864
Transfer Time: 7.44346
Malloc Time: 0.007968

34

 Query: 34 19971201 19971231
Query Prepare Time: 3.43526
 Query Prepare Time using cpu 0.00342226

Query Optimization Time: 1.76538

s_suppkey
sg = 3
Filter Build Kernel time CPU: 0.098304 Filter Build Kernel time GPU: 0.025600 c_custkey
sg = 3
Filter Build Kernel time CPU: 0.172032 Filter Build Kernel time GPU: 0.073728 d_datekey
sg = 3
Filter Build Kernel time CPU: 0.011264 Build time 0.51216
h_total: 903 output_estimate: 1962 sg: 12
Probe Kernel time GPU: 0.254976 Transfer size: 903 sg: 12
Transfer Time : 0.019456 Probe Group Kernel time CPU: 0.094336 sg = 12 non demand time = 0.45056
Probe time 0.473184
Merge time 0.34304
Result:
Res count = 0
Query Execution Time: 1.84717
CPU Time: 0.2816
GPU Time: 0.254976
Transfer Time: 0.019456
Malloc Time: 0.004


 Query: 34 19971201 19971231
Query Prepare Time: 1.65088

Query Optimization Time: 1.61382

s_suppkey
sg = 3
Filter Build Kernel time CPU: 0.107648 Filter Build Kernel time GPU: 0.023392 c_custkey
sg = 3
Filter Build Kernel time CPU: 0.161792 Filter Build Kernel time GPU: 0.072704 d_datekey
sg = 3
Filter Build Kernel time CPU: 0.011104 Build time 0.503808
sg = 12
h_total: 12368732 output_estimate: 13631488 sg: 12
Probe Kernel time CPU: 2.360352 Transfer size: 12368732 sg: 12
Transfer Time : 7.420928 h_total: 811 output_estimate: 1781 sg: 12
Probe Kernel time GPU: 0.481280 Transfer size: 811 sg: 12
Transfer Time : 0.024640 Group Kernel time CPU: 0.071680 sg = 12 non demand time = 10.4991
Probe time 10.5308
Merge time 0.230592
Result:
Res count = 0
Query Execution Time: 11.7357
CPU Time: 2.43203
GPU Time: 0.48128
Transfer Time: 7.44557
Malloc Time: 0.005024

31

 Query: 31 19920101 19971231
Query Prepare Time: 0.80384
 Query Prepare Time using cpu 0.000801086

Query Optimization Time: 1.64336

s_suppkey
sg = 1
h_total: 64276 output_estimate: 314572 sg: 1
Filter Kernel time CPU: 0.159744 Transfer size: 64276 sg: 1
Transfer Time: 0.024576 sg: 1
Build Kernel time GPU: 0.020480 Build Kernel time CPU: 0.093184 c_custkey
sg = 1
h_total: 959062 output_estimate: 1572864 sg: 1
Filter Kernel time CPU: 0.530432 Transfer size: 959062 sg: 1
Transfer Time: 0.156512 sg: 1
Build Kernel time GPU: 0.084992 Build Kernel time CPU: 0.825184 d_datekey
sg = 1
Filter Build Kernel time CPU: 0.041984 Build time 2.1504
h_total: 146268228 output_estimate: 218628112 sg: 8
Probe Kernel time GPU: 13.449216 Transfer size: 146268228 sg: 8
h_total: 5892153 output_estimate: 13212058 sg: 12
Probe Kernel time GPU: 3.922688 Transfer size: 5892153 sg: 12
Transfer Time : 69.740547 Transfer Time : 2.810944 Probe Group Kernel time CPU: 129.833984 sg = 12 non demand time = 205.502
Probe Group Kernel time CPU: 130.915329 sg = 8 non demand time = 219.162
Probe time 219.227
Merge time 0.031616
Result:
Res count = 0
Query Execution Time: 221.476
CPU Time: 130.915
GPU Time: 13.4492
Transfer Time: 69.7405
Malloc Time: 3.88182


 Query: 31 19920101 19971231
Query Prepare Time: 7.35133

Query Optimization Time: 1.93638

s_suppkey
sg = 1
h_total: 64276 output_estimate: 314572 sg: 1
Filter Kernel time CPU: 0.129056 Transfer size: 64276 sg: 1
Transfer Time: 0.023552 sg: 1
Build Kernel time GPU: 0.025600 Build Kernel time CPU: 0.076832 c_custkey
sg = 1
h_total: 959062 output_estimate: 1572864 sg: 1
Filter Kernel time CPU: 0.412672 Transfer size: 959062 sg: 1
Transfer Time: 0.157696 sg: 1
Build Kernel time GPU: 0.083968 Build Kernel time CPU: 0.466944 d_datekey
sg = 1
Filter Build Kernel time CPU: 0.015360 Build time 1.60995
sg = 8
sg = 12
h_total: 145437085 output_estimate: 218628112 sg: 8
Probe Kernel time CPU: 137.562149 Transfer size: 145437085 sg: 8
h_total: 145872740 output_estimate: 146800640 sg: 12
Probe Kernel time CPU: 159.351807 Transfer size: 145872740 sg: 12
Transfer Time : 130.583710 Transfer Time : 108.669952 h_total: 29212992 output_estimate: 43631128 sg: 8
Probe Kernel time GPU: 10.779680 h_total: 5854738 output_estimate: 13128547 sg: 12
Probe Kernel time GPU: 5.413792 Transfer size: 29212992 sg: 8
Transfer size: 5854738 sg: 12
Transfer Time : 21.908480 Transfer Time : 21.916479 Group Kernel time CPU: 62.429184 sg = 12 non demand time = 406.893
Group Kernel time CPU: 88.773628 sg = 8 non demand time = 433.364
Probe time 433.446
Merge time 0.030048
Result:
Res count = 0
Query Execution Time: 435.173
CPU Time: 226.336
GPU Time: 10.7797
Transfer Time: 152.5
Malloc Time: 0.031552

21

 Query: 21 19920101 19981231
Query Prepare Time: 0.561952
 Query Prepare Time using cpu 0.000557899

Query Optimization Time: 1.9935

s_suppkey
sg = 1
h_total: 64071 output_estimate: 314572 sg: 1
Filter Kernel time CPU: 0.211968 Transfer size: 64071 sg: 1
Transfer Time: 0.0256 sg: 1
Build Kernel time GPU: 0.024832 Build Kernel time CPU: 0.086016 p_partkey
sg = 3
Filter Build Kernel time CPU: 0.150528 d_datekey
sg = 3
Filter Build Kernel time CPU: 0.012288 Build time 0.832512
Probe Group Kernel time CPU: 15.007744 sg = 0 non demand time = 15.147
h_total: 175841578 output_estimate: 263612016 sg: 8
Probe Kernel time GPU: 14.996480 Transfer size: 175841578 sg: 8
Transfer Time : 55.322433 Probe Group Kernel time CPU: 41.536510 sg = 8 non demand time = 112.085
Probe time 112.275
Merge time 0.028384
Result:
Res count = 0
Query Execution Time: 113.319
CPU Time: 41.5365
GPU Time: 14.9965
Transfer Time: 55.3224
Malloc Time: 0.017408


 Query: 21 19920101 19981231
Query Prepare Time: 4.92691

Query Optimization Time: 1.90666

s_suppkey
sg = 1
h_total: 64071 output_estimate: 314572 sg: 1
Filter Kernel time CPU: 0.124928 Transfer size: 64071 sg: 1
Transfer Time: 0.023552 sg: 1
Build Kernel time GPU: 0.024576 Build Kernel time CPU: 0.102400 p_partkey
sg = 3
Filter Build Kernel time CPU: 0.275456 d_datekey
sg = 3
Filter Build Kernel time CPU: 0.012352 Build time 0.718848
sg = 0
sg = 8
Probe Group Kernel time CPU: 24.267776 sg = 0 non demand time = 24.2944
h_total: 15770 output_estimate: 52722400 sg: 8
Probe Kernel time CPU: 87.941116 Transfer size: 15770 sg: 8
Transfer Time : 0.046944 h_total: 3160 output_estimate: 4731 sg: 8
Probe Kernel time GPU: 0.035840 Transfer size: 3160 sg: 8
Transfer Time : 0.027648 Group Kernel time CPU: 0.119616 sg = 8 non demand time = 88.4275
Probe time 88.5871
Merge time 0.033248
Result:
Res count = 0
Query Execution Time: 89.4477
CPU Time: 88.0607
GPU Time: 0.03584
Transfer Time: 0.074592
Malloc Time: 0.016576

31

 Query: 31 19920101 19971231
Query Prepare Time: 1.05818
 Query Prepare Time using cpu 0.00105548

Query Optimization Time: 1.95606

s_suppkey
sg = 1
h_total: 64276 output_estimate: 314572 sg: 1
Filter Kernel time CPU: 0.137088 Transfer size: 64276 sg: 1
Transfer Time: 0.023552 sg: 1
Build Kernel time GPU: 0.025600 Build Kernel time CPU: 0.082944 c_custkey
sg = 1
h_total: 959062 output_estimate: 1572864 sg: 1
Filter Kernel time CPU: 0.394240 Transfer size: 959062 sg: 1
Transfer Time: 0.157696 sg: 1
Build Kernel time GPU: 0.084032 Build Kernel time CPU: 0.437248 d_datekey
sg = 1
Filter Build Kernel time CPU: 0.019456 Build time 1.6169
h_total: 5892153 output_estimate: 13212058 sg: 12
Probe Kernel time GPU: 3.928864 Transfer size: 5892153 sg: 12
h_total: 146268228 output_estimate: 218628112 sg: 8
Probe Kernel time GPU: 13.447168 Transfer size: 146268228 sg: 8
Transfer Time : 26.213375 Probe Group Kernel time CPU: 0.001024 sg = 12 non demand time = Transfer Time : 68.874237 89.1279
Probe Group Kernel time CPU: 111.139709 sg = 8 non demand time = 200.274
Probe time 200.423
Merge time 0.031968
Result:
Res count = 0
Query Execution Time: 202.149
CPU Time: 111.14
GPU Time: 13.4472
Transfer Time: 68.8742
Malloc Time: 0.030656


 Query: 31 19920101 19971231
Query Prepare Time: 10.6008

Query Optimization Time: 2.0224

s_suppkey
sg = 1
h_total: 64276 output_estimate: 314572 sg: 1
Filter Kernel time CPU: 0.157696 Transfer size: 64276 sg: 1
Transfer Time: 0.023552 sg: 1
Build Kernel time GPU: 0.025600 Build Kernel time CPU: 0.067552 c_custkey
sg = 1
h_total: 959062 output_estimate: 1572864 sg: 1
Filter Kernel time CPU: 0.394240 Transfer size: 959062 sg: 1
Transfer Time: 0.155776 sg: 1
Build Kernel time GPU: 0.084864 Build Kernel time CPU: 0.638976 d_datekey
sg = 1
Filter Build Kernel time CPU: 0.018368 Build time 1.80122
sg = 8
sg = 12
h_total: 145437085 output_estimate: 218628112 sg: 8
Probe Kernel time CPU: 137.970688 Transfer size: 145437085 sg: 8
h_total: 145872740 output_estimate: 146800640 sg: 12
Probe Kernel time CPU: 159.813629 Transfer size: 145872740 sg: 12
Transfer Time : 130.561020 Transfer Time : 108.685310 h_total: 29212992 output_estimate: 43631128 sg: 8
Probe Kernel time GPU: 10.815488 h_total: 5854738 output_estimate: 13128547 sg: 12
Probe Kernel time GPU: 5.442560 Transfer size: 29212992 sg: 8
Transfer size: 5854738 sg: 12
Transfer Time : 21.008385 Transfer Time : 12.817408 Group Kernel time CPU: 88.811523 sg = 12 non demand time = 433.771
Group Kernel time CPU: 88.847137 sg = 8 non demand time = 433.951
Probe time 434.024
Merge time 0.028416
Result:
Res count = 0
Query Execution Time: 435.928
CPU Time: 248.625
GPU Time: 10.8155
Transfer Time: 151.569
Malloc Time: 0.028512

12

 Query: 12 19940101 19940131
Query Prepare Time: 0.134368
 Query Prepare Time using cpu 0.000131607

Query Optimization Time: 1.8135

d_datekey
sg = 3
Filter Build Kernel time CPU: 0.015360 Build time 0.065344
Filter Probe Aggr Kernel time CPU: 1.076320 sg = 0 non demand time = 1.08954
Probe time 1.14669
Merge time 0.001856
Result:
Res count = 0
Query Execution Time: 1.27578
CPU Time: 1.07632
GPU Time: 0
Transfer Time: 0
Malloc Time: 0.003136


 Query: 12 19940101 19940131
Query Prepare Time: 0.101824

Query Optimization Time: 1.70598

d_datekey
sg = 3
Filter Build Kernel time CPU: 0.012288 Build time 0.04096
sg = 0
Filter Probe Aggr Kernel time CPU: 1.093632 sg = 0 non demand time = 1.10592
Probe time 1.14278
Merge time 0.001888
Result:
Res count = 0
Query Execution Time: 1.28077
CPU Time: 1.09363
GPU Time: 0
Transfer Time: 0
Malloc Time: 0.003776

21

 Query: 21 19920101 19981231
Query Prepare Time: 0.510208
 Query Prepare Time using cpu 0.000507593

Query Optimization Time: 1.7881

s_suppkey
sg = 1
h_total: 64071 output_estimate: 314572 sg: 1
Filter Kernel time CPU: 0.124928 Transfer size: 64071 sg: 1
Transfer Time: 0.024576 sg: 1
Build Kernel time GPU: 0.025408 Build Kernel time CPU: 0.050176 p_partkey
sg = 3
Filter Build Kernel time CPU: 0.171008 d_datekey
sg = 3
Filter Build Kernel time CPU: 0.011200 Build time 0.55104
Probe Group Kernel time CPU: 15.076352 sg = 0 non demand time = 15.1356
h_total: 175841578 output_estimate: 263612016 sg: 8
Probe Kernel time GPU: 14.995456 Transfer size: 175841578 sg: 8
Transfer Time : 55.316479 Probe Group Kernel time CPU: 41.344032 sg = 8 non demand time = 111.945
Probe time 112.146
Merge time 0.028704
Result:
Res count = 0
Query Execution Time: 112.909
CPU Time: 41.344
GPU Time: 14.9955
Transfer Time: 55.3165
Malloc Time: 0.017152


 Query: 21 19920101 19981231
Query Prepare Time: 4.96646

Query Optimization Time: 1.92512

s_suppkey
sg = 1
h_total: 64071 output_estimate: 314572 sg: 1
Filter Kernel time CPU: 0.124928 Transfer size: 64071 sg: 1
Transfer Time: 0.022688 sg: 1
Build Kernel time GPU: 0.024576 Build Kernel time CPU: 0.106496 p_partkey
sg = 3
Filter Build Kernel time CPU: 0.259072 d_datekey
sg = 3
Filter Build Kernel time CPU: 0.010304 Build time 0.7208
sg = 0
sg = 8
Probe Group Kernel time CPU: 26.142719 sg = 0 non demand time = 26.1692
h_total: 15770 output_estimate: 52722400 sg: 8
Probe Kernel time CPU: 87.367805 Transfer size: 15770 sg: 8
Transfer Time : 0.047104 h_total: 3160 output_estimate: 4731 sg: 8
Probe Kernel time GPU: 0.037664 Transfer size: 3160 sg: 8
Transfer Time : 0.026880 Group Kernel time CPU: 0.134144 sg = 8 non demand time = 88.0394
Probe time 88.1901
Merge time 0.029696
Result:
Res count = 0
Query Execution Time: 89.0505
CPU Time: 87.5019
GPU Time: 0.037664
Transfer Time: 0.073984
Malloc Time: 0.017408

12

 Query: 12 19940101 19940131
Query Prepare Time: 0.339392
 Query Prepare Time using cpu 0.000337362

Query Optimization Time: 1.73056

d_datekey
sg = 3
Filter Build Kernel time CPU: 0.011264 Build time 0.048128
Filter Probe Aggr Kernel time CPU: 1.088544 sg = 0 non demand time = 1.1049
Probe time 1.14176
Merge time 0.002016
Result:
Res count = 0
Query Execution Time: 1.24944
CPU Time: 1.08854
GPU Time: 0
Transfer Time: 0
Malloc Time: 0.0032


 Query: 12 19940101 19940131
Query Prepare Time: 0.100352

Query Optimization Time: 1.58925

d_datekey
sg = 3
Filter Build Kernel time CPU: 0.011232 Build time 0.04096
sg = 0
Filter Probe Aggr Kernel time CPU: 1.089472 sg = 0 non demand time = 1.10278
Probe time 1.13562
Merge time 0.001888
Result:
Res count = 0
Query Execution Time: 1.23043
CPU Time: 1.08947
GPU Time: 0
Transfer Time: 0
Malloc Time: 0.00288

31

 Query: 31 19920101 19971231
Query Prepare Time: 1.06752
 Query Prepare Time using cpu 0.0010643

Query Optimization Time: 1.68448

s_suppkey
sg = 1
h_total: 64276 output_estimate: 314572 sg: 1
Filter Kernel time CPU: 0.126976 Transfer size: 64276 sg: 1
Transfer Time: 0.023552 sg: 1
Build Kernel time GPU: 0.023552 Build Kernel time CPU: 0.092160 c_custkey
sg = 1
h_total: 959062 output_estimate: 1572864 sg: 1
Filter Kernel time CPU: 0.395264 Transfer size: 959062 sg: 1
Transfer Time: 0.156672 sg: 1
Build Kernel time GPU: 0.084992 Build Kernel time CPU: 0.464800 d_datekey
sg = 1
Filter Build Kernel time CPU: 0.016384 Build time 1.60563
h_total: 146268228 output_estimate: 218628112 sg: 8
Probe Kernel time GPU: 13.475840 Transfer size: 146268228 sg: 8
h_total: 5892153 output_estimate: 13212058 sg: 12
Probe Kernel time GPU: 27.203487 Transfer size: 5892153 sg: 12
Transfer Time : 68.842720 Transfer Time : 2.807808 Probe Group Kernel time CPU: 120.646652 sg = 12 non demand time = 196.33
Probe Group Kernel time CPU: 122.860542 sg = 8 non demand time = 210.078
Probe time 210.159
Merge time 0.029184
Result:
Res count = 0
Query Execution Time: 211.867
CPU Time: 122.861
GPU Time: 27.2035
Transfer Time: 68.8427
Malloc Time: 0.029536


 Query: 31 19920101 19971231
Query Prepare Time: 8.44886

Query Optimization Time: 1.95251

s_suppkey
sg = 1
h_total: 64276 output_estimate: 314572 sg: 1
Filter Kernel time CPU: 0.132000 Transfer size: 64276 sg: 1
Transfer Time: 0.023552 sg: 1
Build Kernel time GPU: 0.026592 Build Kernel time CPU: 0.075776 c_custkey
sg = 1
h_total: 959062 output_estimate: 1572864 sg: 1
Filter Kernel time CPU: 0.403520 Transfer size: 959062 sg: 1
Transfer Time: 0.15872 sg: 1
Build Kernel time GPU: 0.085056 Build Kernel time CPU: 0.539648 d_datekey
sg = 1
Filter Build Kernel time CPU: 0.020480 Build time 1.77971
sg = 8
sg = 12
h_total: 145872740 output_estimate: 146800640 sg: 12
Probe Kernel time CPU: 112.421410 Transfer size: 145872740 sg: 12
h_total: 145437085 output_estimate: 218628112 sg: 8
Probe Kernel time CPU: 156.276733 Transfer size: 145437085 sg: 8
Transfer Time : 108.729347 Transfer Time : 92.489731 h_total: 5854738 output_estimate: 13128547 sg: 12
Probe Kernel time GPU: 5.394432 Transfer size: 5854738 sg: 12
h_total: 29212992 output_estimate: 43631128 sg: 8
Probe Kernel time GPU: 5.401600 Transfer size: 29212992 sg: 8
Transfer Time : 12.880896 Transfer Time : 19.176449 Group Kernel time CPU: 30.146561 sg = 12 non demand time = 345.282
Group Kernel time CPU: 84.748291 sg = 8 non demand time = 404.577
Probe time 404.662
Merge time 0.045632
Result:
Res count = 0
Query Execution Time: 406.56
CPU Time: 241.025
GPU Time: 5.4016
Transfer Time: 121.61
Malloc Time: 0.075776

21

 Query: 21 19920101 19981231
Query Prepare Time: 0.5528
 Query Prepare Time using cpu 0.000549316

Query Optimization Time: 1.99782

s_suppkey
sg = 1
h_total: 64071 output_estimate: 314572 sg: 1
Filter Kernel time CPU: 0.124032 Transfer size: 64071 sg: 1
Transfer Time: 0.023552 sg: 1
Build Kernel time GPU: 0.024576 Build Kernel time CPU: 0.061408 p_partkey
sg = 3
Filter Build Kernel time CPU: 0.168960 d_datekey
sg = 3
Filter Build Kernel time CPU: 0.011328 Build time 0.58368
Probe Group Kernel time CPU: 15.091712 sg = 0 non demand time = 15.1234
h_total: 175841578 output_estimate: 263612016 sg: 8
Probe Kernel time GPU: 14.993408 Transfer size: 175841578 sg: 8
Transfer Time : 55.288895 Probe Group Kernel time CPU: 41.566208 sg = 8 non demand time = 112.047
Probe time 112.215
Merge time 0.031424
Result:
Res count = 0
Query Execution Time: 112.94
CPU Time: 41.5662
GPU Time: 14.9934
Transfer Time: 55.2889
Malloc Time: 0.017408


 Query: 21 19920101 19981231
Query Prepare Time: 5.00426

Query Optimization Time: 2.01216

s_suppkey
sg = 1
h_total: 64071 output_estimate: 314572 sg: 1
Filter Kernel time CPU: 0.128000 Transfer size: 64071 sg: 1
Transfer Time: 0.024576 sg: 1
Build Kernel time GPU: 0.024576 Build Kernel time CPU: 0.049152 p_partkey
sg = 3
Filter Build Kernel time CPU: 0.195744 d_datekey
sg = 3
Filter Build Kernel time CPU: 0.007168 Build time 0.601088
sg = 0
sg = 8
Probe Group Kernel time CPU: 42.447872 sg = 0 non demand time = 42.4743
h_total: 15770 output_estimate: 52722400 sg: 8
Probe Kernel time CPU: 87.704575 Transfer size: 15770 sg: 8
Transfer Time : 0.043008 h_total: 3160 output_estimate: 4731 sg: 8
Probe Kernel time GPU: 0.036704 Transfer size: 3160 sg: 8
Transfer Time : 0.027648 Group Kernel time CPU: 0.117760 sg = 8 non demand time = 88.1805
Probe time 88.3581
Merge time 0.02576
Result:
Res count = 0
Query Execution Time: 89.0925
CPU Time: 87.8223
GPU Time: 0.036704
Transfer Time: 0.070656
Malloc Time: 0.018432

23

 Query: 23 19920101 19981231
Query Prepare Time: 5.0408
 Query Prepare Time using cpu 0.00503802

Query Optimization Time: 1.93242

s_suppkey
sg = 1
h_total: 64068 output_estimate: 314572 sg: 1
Filter Kernel time CPU: 0.131072 Transfer size: 64068 sg: 1
Transfer Time: 0.023552 sg: 1
Build Kernel time GPU: 0.025600 Build Kernel time CPU: 0.051200 p_partkey
sg = 3
Filter Build Kernel time CPU: 0.107680 d_datekey
sg = 1
Filter Build Kernel time CPU: 0.014560 Build time 0.516
Probe Group Kernel time CPU: 15.040512 sg = 0 non demand time = 15.0866
h_total: 175841825 output_estimate: 263612016 sg: 8
Probe Kernel time GPU: 14.979072 Transfer size: 175841825 sg: 8
Transfer Time : 55.294975 Probe Group Kernel time CPU: 36.687874 sg = 8 non demand time = 107.211
Probe time 107.383
Merge time 0.026688
Result:
Res count = 0
Query Execution Time: 108.049
CPU Time: 36.6879
GPU Time: 14.9791
Transfer Time: 55.295
Malloc Time: 0.018432


 Query: 23 19920101 19981231
Query Prepare Time: 4.87728

Query Optimization Time: 1.90669

s_suppkey
sg = 1
h_total: 64068 output_estimate: 314572 sg: 1
Filter Kernel time CPU: 0.133120 Transfer size: 64068 sg: 1
Transfer Time: 0.024512 sg: 1
Build Kernel time GPU: 0.024480 Build Kernel time CPU: 0.100448 p_partkey
sg = 3
Filter Build Kernel time CPU: 0.116576 d_datekey
sg = 1
Filter Build Kernel time CPU: 0.013440 Build time 0.564224
sg = 0
sg = 8
Probe Group Kernel time CPU: 13.679552 sg = 0 non demand time = 13.7779
h_total: 872871 output_estimate: 1318060 sg: 8
Probe Kernel time CPU: 73.674751 Transfer size: 872871 sg: 8
Transfer Time : 0.580736 h_total: 174510 output_estimate: 261861 sg: 8
Probe Kernel time GPU: 0.212096 Transfer size: 174510 sg: 8
Transfer Time : 0.138240 Group Kernel time CPU: 2.850944 sg = 8 non demand time = 77.6939
Probe time 77.827
Merge time 0.027168
Result:
Res count = 0
Query Execution Time: 78.5273
CPU Time: 76.5257
GPU Time: 0.212096
Transfer Time: 0.718976
Malloc Time: 0.016608

31

 Query: 31 19920101 19971231
Query Prepare Time: 1.4961
 Query Prepare Time using cpu 0.00149298

Query Optimization Time: 1.95584

s_suppkey
sg = 1
h_total: 64276 output_estimate: 314572 sg: 1
Filter Kernel time CPU: 0.137216 Transfer size: 64276 sg: 1
Transfer Time: 0.023552 sg: 1
Build Kernel time GPU: 0.025600 Build Kernel time CPU: 0.051296 c_custkey
sg = 1
h_total: 959062 output_estimate: 1572864 sg: 1
Filter Kernel time CPU: 0.399360 Transfer size: 959062 sg: 1
Transfer Time: 0.157696 sg: 1
Build Kernel time GPU: 0.086016 Build Kernel time CPU: 0.626528 d_datekey
sg = 1
Filter Build Kernel time CPU: 0.022432 Build time 1.77357
h_total: 146268228 output_estimate: 218628112 sg: 8
Probe Kernel time GPU: 13.467648 Transfer size: 146268228 sg: 8
h_total: 5892153 output_estimate: 13212058 sg: 12
Probe Kernel time GPU: 3.910496 Transfer size: 5892153 sg: 12
Transfer Time : 69.746689 Transfer Time : 2.807872 Probe Group Kernel time CPU: 124.896255 Probe Group Kernel time CPU: 123.921471 sg = 8 non demand time = 213.054
sg = 12 non demand time = 199.561
Probe time 213.172
Merge time 0.025888
Result:
Res count = 0
Query Execution Time: 215.049
CPU Time: 124.896
GPU Time: 13.4676
Transfer Time: 69.7467
Malloc Time: 0.031648


 Query: 31 19920101 19971231
Query Prepare Time: 9.40403

Query Optimization Time: 1.98144

s_suppkey
sg = 1
h_total: 64276 output_estimate: 314572 sg: 1
Filter Kernel time CPU: 0.133120 Transfer size: 64276 sg: 1
Transfer Time: 0.023584 sg: 1
Build Kernel time GPU: 0.026624 Build Kernel time CPU: 0.057344 c_custkey
sg = 1
h_total: 959062 output_estimate: 1572864 sg: 1
Filter Kernel time CPU: 0.406432 Transfer size: 959062 sg: 1
Transfer Time: 0.156672 sg: 1
Build Kernel time GPU: 0.083136 Build Kernel time CPU: 0.483520 d_datekey
sg = 1
Filter Build Kernel time CPU: 0.017408 Build time 1.61974
sg = 8
sg = 12
h_total: 145437085 output_estimate: 218628112 sg: 8
Probe Kernel time CPU: 137.500412 h_total: 145872740 output_estimate: 146800640 sg: 12
Probe Kernel time CPU: 137.532410 Transfer size: 145437085 sg: 8
Transfer size: 145872740 sg: 12
Transfer Time : 152.268799 Transfer Time : 130.440292 h_total: 29212992 output_estimate: 43631128 sg: 8
Probe Kernel time GPU: 5.406592 Transfer size: 29212992 sg: 8
h_total: 5854738 output_estimate: 13128547 sg: 12
Probe Kernel time GPU: 10.081280 Transfer size: 5854738 sg: 12
Transfer Time : 19.174400 Transfer Time : 3.722240 Group Kernel time CPU: 91.052032 sg = 8 non demand time = 433.835
Group Kernel time CPU: 89.299965 sg = 12 non demand time = 433.888
Probe time 434.03
Merge time 0.022624
Result:
Res count = 0
Query Execution Time: 435.752
CPU Time: 228.552
GPU Time: 10.0813
Transfer Time: 171.443
Malloc Time: 0.032768

11

 Query: 11 19930101 19931231
Query Prepare Time: 0.112992
 Query Prepare Time using cpu 0.000110388

Query Optimization Time: 1.80736

d_datekey
sg = 1
Filter Build Kernel time CPU: 0.014304 Build time 0.062464
Filter Probe Aggr Kernel time CPU: 9.711552 sg = 0 non demand time = 9.74029
Probe time 9.81709
Merge time 0.003648
Result:
Res count = 0
Query Execution Time: 9.95693
CPU Time: 9.71155
GPU Time: 0
Transfer Time: 0
Malloc Time: 0.003904


 Query: 11 19930101 19931231
Query Prepare Time: 0.127872

Query Optimization Time: 1.81664

d_datekey
sg = 1
Filter Build Kernel time CPU: 0.015360 Build time 0.052224
sg = 0
Filter Probe Aggr Kernel time CPU: 9.944064 sg = 0 non demand time = 9.97069
Probe time 10.0321
Merge time 0.00224
Result:
Res count = 0
Query Execution Time: 10.1494
CPU Time: 9.94406
GPU Time: 0
Transfer Time: 0
Malloc Time: 0.002848

11

 Query: 11 19930101 19931231
Query Prepare Time: 0.115904
 Query Prepare Time using cpu 0.000113249

Query Optimization Time: 1.82272

d_datekey
sg = 1
Filter Build Kernel time CPU: 0.015360 Build time 0.048128
Filter Probe Aggr Kernel time CPU: 9.844672 sg = 0 non demand time = 9.86624
Probe time 9.94202
Merge time 0.00304
Result:
Res count = 0
Query Execution Time: 10.0613
CPU Time: 9.84467
GPU Time: 0
Transfer Time: 0
Malloc Time: 0.003744


 Query: 11 19930101 19931231
Query Prepare Time: 0.1232

Query Optimization Time: 1.81555

d_datekey
sg = 1
Filter Build Kernel time CPU: 0.015360 Build time 0.048128
sg = 0
Filter Probe Aggr Kernel time CPU: 9.821184 sg = 0 non demand time = 9.84678
Probe time 9.92045
Merge time 0.003168
Result:
Res count = 0
Query Execution Time: 10.0382
CPU Time: 9.82118
GPU Time: 0
Transfer Time: 0
Malloc Time: 0.002624

41

 Query: 41 19920101 19981231
Query Prepare Time: 1.1736
 Query Prepare Time using cpu 0.00117064

Query Optimization Time: 2.03366

s_suppkey
sg = 1
h_total: 64071 output_estimate: 314572 sg: 1
Filter Kernel time CPU: 0.143360 Transfer size: 64071 sg: 1
Transfer Time: 0.024608 sg: 1
Build Kernel time GPU: 0.025600 Build Kernel time CPU: 0.049152 c_custkey
sg = 1
h_total: 960306 output_estimate: 1572864 sg: 1
Filter Kernel time CPU: 0.325504 Transfer size: 960306 sg: 1
Transfer Time: 0.156672 sg: 1
Build Kernel time GPU: 0.083968 Build Kernel time CPU: 0.486400 p_partkey
sg = 1
Filter Build Kernel time CPU: 0.230528 d_datekey
sg = 1
Filter Build Kernel time CPU: 0.018432 Build time 1.80838
h_total: 5876032 output_estimate: 13212058 sg: 48
Probe Kernel time GPU: 17.336256 Transfer size: 5876032 sg: 48
Transfer Time : 2.857984 h_total: 146444379 output_estimate: 219571824 sg: 32
Probe Kernel time GPU: 17.375135 Transfer size: 146444379 sg: 32
Probe Group Kernel time CPU: 44.588032 Probe Group Kernel time CPU: 24.083328 sg = sg = 048 non demand time =  non demand time = 67.5379
67.4949
Transfer Time : 68.940804 Probe Group Kernel time CPU: 112.783234 sg = 32 non demand time = 203.009
Probe time 203.275
Merge time 0.004992
Result:
Res count = 0
Query Execution Time: 205.191
CPU Time: 112.783
GPU Time: 17.3751
Transfer Time: 68.9408
Malloc Time: 0.03248


 Query: 41 19920101 19981231
Query Prepare Time: 18.1196

Query Optimization Time: 2.05021

s_suppkey
sg = 1
h_total: 64071 output_estimate: 314572 sg: 1
Filter Kernel time CPU: 0.186368 Transfer size: 64071 sg: 1
Transfer Time: 0.02464 sg: 1
Build Kernel time GPU: 0.026368 Build Kernel time CPU: 0.047904 c_custkey
sg = 1
h_total: 960306 output_estimate: 1572864 sg: 1
Filter Kernel time CPU: 0.345088 Transfer size: 960306 sg: 1
Transfer Time: 0.157536 sg: 1
Build Kernel time GPU: 0.084992 Build Kernel time CPU: 0.698368 p_partkey
sg = 1
Filter Build Kernel time CPU: 0.185344 d_datekey
sg = 1
Filter Build Kernel time CPU: 0.016448 Build time 2.05005
sg = 0
sg = 32
sg = 48
Probe Group Kernel time CPU: 40.099968 sg = 0 non demand time = 40.1357
h_total: 58662957 output_estimate: 88080384 sg: 48
Probe Kernel time CPU: 142.713852 Transfer size: 58662957 sg: 48
Transfer Time : 44.021854 h_total: 2347925 output_estimate: 5279666 sg: 48
Probe Kernel time GPU: 3.911680 Transfer size: 2347925 sg: 48
Transfer Time : 1.850368 h_total: 58432400 output_estimate: 131743096 sg: 32
Probe Kernel time CPU: 210.591553 Transfer size: 58432400 sg: 32
Group Kernel time CPU: 35.117058 sg = 48 non demand time = 237.095
Transfer Time : 43.842430 h_total: 11703776 output_estimate: 17529720 sg: 32
Probe Kernel time GPU: 3.725120 Transfer size: 11703776 sg: 32
Transfer Time : 9.204736 Group Kernel time CPU: 73.900032 sg = 32 non demand time = 341.63
Probe time 341.791
Merge time 0.006112
Result:
Res count = 0
Query Execution Time: 344.043
CPU Time: 284.492
GPU Time: 3.91168
Transfer Time: 53.0472
Malloc Time: 0.031936

22

 Query: 22 19920101 19981231
Query Prepare Time: 0.53936
 Query Prepare Time using cpu 0.000536203

Query Optimization Time: 1.86163

s_suppkey
sg = 1
h_total: 64276 output_estimate: 314572 sg: 1
Filter Kernel time CPU: 0.153600 Transfer size: 64276 sg: 1
Transfer Time: 0.0256 sg: 1
Build Kernel time GPU: 0.025408 Build Kernel time CPU: 0.114496 p_partkey
sg = 3
Filter Build Kernel time CPU: 0.101376 d_datekey
sg = 1
Filter Build Kernel time CPU: 0.014592 Build time 0.734208
Probe Group Kernel time CPU: 15.179776 sg = 0 non demand time = 15.2218
h_total: 176390095 output_estimate: 263612016 sg: 8
Probe Kernel time GPU: 14.997504 Transfer size: 176390095 sg: 8
Transfer Time : 55.465984 Probe Group Kernel time CPU: 39.469185 sg = 8 non demand time = 110.195
Probe time 110.433
Merge time 0.025728
Result:
Res count = 0
Query Execution Time: 111.344
CPU Time: 39.4692
GPU Time: 14.9975
Transfer Time: 55.466
Malloc Time: 0.015424


 Query: 22 19920101 19981231
Query Prepare Time: 5.04986

Query Optimization Time: 2.02467

s_suppkey
sg = 1
h_total: 64276 output_estimate: 314572 sg: 1
Filter Kernel time CPU: 0.140192 Transfer size: 64276 sg: 1
Transfer Time: 0.023648 sg: 1
Build Kernel time GPU: 0.025568 Build Kernel time CPU: 0.054272 p_partkey
sg = 3
Filter Build Kernel time CPU: 0.115776 d_datekey
sg = 1
Filter Build Kernel time CPU: 0.014208 Build time 0.555008
sg = 0
sg = 8
Probe Group Kernel time CPU: 27.206656 sg = 0 non demand time = 27.2384
h_total: 7055694 output_estimate: 10544480 sg: 8
Probe Kernel time CPU: 83.562492 Transfer size: 7055694 sg: 8
Transfer Time : 4.410368 h_total: 1417949 output_estimate: 2116708 sg: 8
Probe Kernel time GPU: 1.022080 Transfer size: 1417949 sg: 8
Transfer Time : 0.943104 Group Kernel time CPU: 6.525952 sg = 8 non demand time = 96.7025
Probe time 96.9492
Merge time 0.025536
Result:
Res count = 0
Query Execution Time: 97.6327
CPU Time: 90.0884
GPU Time: 1.02208
Transfer Time: 5.35347
Malloc Time: 0.028672

Cached segment: 999 Cache total: 1000
Successfully cached

Query 11 fraction: 0.000436491 total: 4582 cached: 2
Query 12 fraction: 0.000436491 total: 4582 cached: 2
Query 13 fraction: 0.000436491 total: 4582 cached: 2
Query 21 fraction: 0.265106 total: 3674 cached: 974
Query 22 fraction: 0.265106 total: 3674 cached: 974
Query 23 fraction: 0.265106 total: 3674 cached: 974
Query 31 fraction: 0.246133 total: 3685 cached: 907
Query 32 fraction: 0.246133 total: 3685 cached: 907
Query 33 fraction: 0.246133 total: 3685 cached: 907
Query 34 fraction: 0.246133 total: 3685 cached: 907
Query 41 fraction: 0.178837 total: 5519 cached: 987
Query 42 fraction: 0.178688 total: 5518 cached: 986
Query 43 fraction: 0.178688 total: 5518 cached: 986

 epoch end
 epoch start 
13

 Query: 13 19940204 19940210
Query Prepare Time: 0.284064
 Query Prepare Time using cpu 0.000282526

Query Optimization Time: 1.88211

d_datekey
sg = 3
Filter Build Kernel time CPU: 0.012384 Build time 0.04912
Filter Probe Aggr Kernel time CPU: 0.510912 sg = 0 non demand time = 0.521216
Probe time 0.615424
Merge time 0.00208
Result:
Res count = 0
Query Execution Time: 0.782176
CPU Time: 0.510912
GPU Time: 0
Transfer Time: 0
Malloc Time: 0.003904


 Query: 13 19940204 19940210
Query Prepare Time: 0.109696

Query Optimization Time: 1.65469

d_datekey
sg = 3
Filter Build Kernel time CPU: 0.011264 Build time 0.038112
sg = 0
Filter Probe Aggr Kernel time CPU: 0.401408 sg = 0 non demand time = 0.4128
Probe time 0.448512
Merge time 0.001824
Result:
Res count = 0
Query Execution Time: 0.540416
CPU Time: 0.401408
GPU Time: 0
Transfer Time: 0
Malloc Time: 0.00272

22

 Query: 22 19920101 19981231
Query Prepare Time: 3.70506
 Query Prepare Time using cpu 0.00370264

Query Optimization Time: 1.72339

s_suppkey
sg = 3
Filter Build Kernel time CPU: 0.169984 Filter Build Kernel time GPU: 0.029888 p_partkey
sg = 3
Filter Build Kernel time CPU: 0.102400 Filter Build Kernel time GPU: 0.035840 d_datekey
sg = 1
Filter Build Kernel time CPU: 0.013312 Build time 0.488448
h_total: 252415 output_estimate: 377487 sg: 4
Probe Kernel time GPU: 1.488896 Transfer size: 252415 sg: 4
h_total: 81189 output_estimate: 181193 sg: 12
Probe Kernel time GPU: 17.485825 h_total: 176390095 output_estimate: 263612016 sg: 8
Probe Kernel time GPU: 16.228352 Transfer size: 81189 sg: 12
Transfer Time : 0.163840 Transfer size: 176390095 sg: 8
Probe Group Kernel time CPU: 28.227585 Transfer Time : 55.579647 sg = 4 non demand time = 74.9258
Probe Group Kernel time CPU: 0.001024 Transfer Time : 83.118881 sg = 12 non demand time = 102.453
Probe Group Kernel time CPU: 55.240704 sg = 8 non demand time = 156.144
Probe time 157.908
Merge time 0.030112
Result:
Res count = 0
Query Execution Time: 158.531
CPU Time: 55.2407
GPU Time: 17.4858
Transfer Time: 83.1189
Malloc Time: 0.04608


 Query: 22 19920101 19981231
Query Prepare Time: 5.26096

Query Optimization Time: 1.93622

s_suppkey
sg = 3
Filter Build Kernel time CPU: 0.209824 Filter Build Kernel time GPU: 0.030720 p_partkey
sg = 3
Filter Build Kernel time CPU: 0.136352 Filter Build Kernel time GPU: 0.034944 d_datekey
sg = 1
Filter Build Kernel time CPU: 0.027648 Build time 0.57344
sg = 4
sg = 8
sg = 12
h_total: 6320515 output_estimate: 9437184 sg: 4
Probe Kernel time CPU: 13.297664 Transfer size: 6320515 sg: 4
Transfer Time : 3.831776 h_total: 51007 output_estimate: 75846 sg: 4
Probe Kernel time GPU: 0.569344 Transfer size: 51007 sg: 4
Transfer Time : 0.064512 Group Kernel time CPU: 3.481632 sg = 4 non demand time = 21.4927
h_total: 50331648 output_estimate: 50331648 sg: 12
Probe Kernel time CPU: 102.431648 Transfer size: 50331648 sg: 12
h_total: 7055694 output_estimate: 10544480 sg: 8
Probe Kernel time CPU: 102.762497 Transfer size: 7055694 sg: 8
Transfer Time : 33.350655 Transfer Time : 19.329023 h_total: 81189 output_estimate: 181193 sg: 12
Probe Kernel time GPU: 2.921440 h_total: 1417949 output_estimate: 2116708 sg: 8
Probe Kernel time GPU: 2.928768 Transfer size: 81189 sg: 12
Transfer size: 1417949 sg: 8
Transfer Time : 0.778240 Transfer Time : 0.960288 Group Kernel time CPU: 1.742848 sg = 12 non demand time = 142.983
Group Kernel time CPU: 6.797312 sg = 8 non demand time = 148.184
Probe time 148.295
Merge time 0.027616
Result:
Res count = 0
Query Execution Time: 148.975
CPU Time: 109.56
GPU Time: 2.92877
Transfer Time: 34.1289
Malloc Time: 0.012064

12

 Query: 12 19940101 19940131
Query Prepare Time: 0.226432
 Query Prepare Time using cpu 0.00022459

Query Optimization Time: 1.71827

d_datekey
sg = 3
Filter Build Kernel time CPU: 0.012288 Build time 0.041984
Filter Probe Aggr Kernel time CPU: 1.131520 sg = 0 non demand time = 1.14294
Probe time 1.17658
Merge time 0.00192
Result:
Res count = 0
Query Execution Time: 1.2767
CPU Time: 1.13152
GPU Time: 0
Transfer Time: 0
Malloc Time: 0.00368


 Query: 12 19940101 19940131
Query Prepare Time: 0.101408

Query Optimization Time: 1.6128

d_datekey
sg = 3
Filter Build Kernel time CPU: 0.012288 Build time 0.036896
sg = 0
Filter Probe Aggr Kernel time CPU: 1.448960 sg = 0 non demand time = 1.46016
Probe time 1.49402
Merge time 0.001824
Result:
Res count = 0
Query Execution Time: 1.58163
CPU Time: 1.44896
GPU Time: 0
Transfer Time: 0
Malloc Time: 0.00352

23

 Query: 23 19920101 19981231
Query Prepare Time: 2.60307
 Query Prepare Time using cpu 0.00259995

Query Optimization Time: 1.69677

s_suppkey
sg = 3
Filter Build Kernel time CPU: 0.183296 Filter Build Kernel time GPU: 0.030720 p_partkey
sg = 3
Filter Build Kernel time CPU: 0.115840 Filter Build Kernel time GPU: 0.033792 d_datekey
sg = 1
Filter Build Kernel time CPU: 0.017408 Build time 0.519968
h_total: 31155 output_estimate: 47185 sg: 4
Probe Kernel time GPU: 18.959360 h_total: 175841825 output_estimate: 263612016 sg: 8
Probe Kernel time GPU: 17.479679 h_total: 9703 output_estimate: 22649 sg: 12
Probe Kernel time GPU: 17.492992 Transfer size: 31155 sg: 4
Transfer size: 175841825 sg: 8
Transfer size: 9703 sg: 12
Transfer Time : 55.326656 Probe Group Kernel time CPU: 0.002016 sg = 4 non demand time = Transfer Time : 82.776093 101.89
Transfer Time : 27.473921 Probe Group Kernel time CPU: 0.618496 sg = 12 non demand time = 101.073
Probe Group Kernel time CPU: 51.756031 sg = 8 non demand time = 153.721
Probe time 153.824
Merge time 0.033056
Result:
Res count = 0
Query Execution Time: 154.458
CPU Time: 51.756
GPU Time: 18.9594
Transfer Time: 82.7761
Malloc Time: 0.023776


 Query: 23 19920101 19981231
Query Prepare Time: 5.29744

Query Optimization Time: 1.99885

s_suppkey
sg = 3
Filter Build Kernel time CPU: 0.194560 Filter Build Kernel time GPU: 0.031616 p_partkey
sg = 3
Filter Build Kernel time CPU: 0.147456 Filter Build Kernel time GPU: 0.034816 d_datekey
sg = 1
Filter Build Kernel time CPU: 0.022688 Build time 0.584704
sg = 4
sg = 8
sg = 12
h_total: 6297301 output_estimate: 9437184 sg: 4
Probe Kernel time CPU: 12.265312 Transfer size: 6297301 sg: 4
Transfer Time : 3.833024 h_total: 6171 output_estimate: 9445 sg: 4
Probe Kernel time GPU: 0.573600 Transfer size: 6171 sg: 4
Transfer Time : 0.035840 Group Kernel time CPU: 0.563200 sg = 4 non demand time = 17.6884
h_total: 50331648 output_estimate: 50331648 sg: 12
Probe Kernel time CPU: 58.375008 Transfer size: 50331648 sg: 12
Transfer Time : 30.198816 h_total: 9703 output_estimate: 22649 sg: 12
Probe Kernel time GPU: 1.919136 Transfer size: 9703 sg: 12
Transfer Time : 0.038912 Group Kernel time CPU: 0.889856 sg = 12 non demand time = 92.1661
h_total: 872871 output_estimate: 1318060 sg: 8
Probe Kernel time CPU: 94.601219 Transfer size: 872871 sg: 8
Transfer Time : 0.574240 h_total: 174510 output_estimate: 261861 sg: 8
Probe Kernel time GPU: 0.221184 Transfer size: 174510 sg: 8
Transfer Time : 0.138240 Group Kernel time CPU: 2.880512 sg = 8 non demand time = 98.7238
Probe time 98.8713
Merge time 0.027328
Result:
Res count = 0
Query Execution Time: 99.5934
CPU Time: 97.4817
GPU Time: 1.91914
Transfer Time: 30.2377
Malloc Time: 0.142144

32

 Query: 32 19920101 19971231
Query Prepare Time: 1.35373
 Query Prepare Time using cpu 0.00134015

Query Optimization Time: 1.93331

s_suppkey
sg = 3
Filter Build Kernel time CPU: 0.112544 Filter Build Kernel time GPU: 0.031712 c_custkey
sg = 3
Filter Build Kernel time CPU: 0.378880 d_datekey
sg = 3
Filter Build Kernel time CPU: 0.019424 Build time 0.671744
h_total: 35194445 output_estimate: 52533656 sg: 8
Probe Kernel time GPU: 13.236224 Transfer size: 35194445 sg: 8
Transfer Time : 11.269152 Probe Group Kernel time CPU: 23.958624 sg = 8 non demand time = 48.556
Probe time 48.6277
Merge time 0.179808
Result:
Res count = 0
Query Execution Time: 49.9778
CPU Time: 23.9586
GPU Time: 13.2362
Transfer Time: 11.2692
Malloc Time: 0.004864


 Query: 32 19920101 19971231
Query Prepare Time: 16.5157

Query Optimization Time: 1.96506

s_suppkey
sg = 3
Filter Build Kernel time CPU: 0.209920 Filter Build Kernel time GPU: 0.032768 c_custkey
sg = 3
Filter Build Kernel time CPU: 0.379936 d_datekey
sg = 3
Filter Build Kernel time CPU: 0.022720 Build time 0.772096
sg = 8
h_total: 34877988 output_estimate: 52533656 sg: 8
Probe Kernel time CPU: 114.441216 Transfer size: 34877988 sg: 8
Transfer Time : 20.935680 h_total: 1401928 output_estimate: 2092679 sg: 8
Probe Kernel time GPU: 1.407904 Transfer size: 1401928 sg: 8
Transfer Time : 0.930816 Group Kernel time CPU: 2.460512 sg = 8 non demand time = 140.379
Probe time 140.441
Merge time 0.167808
Result:
Res count = 0
Query Execution Time: 141.861
CPU Time: 116.902
GPU Time: 1.4079
Transfer Time: 21.8665
Malloc Time: 0.004928

12

 Query: 12 19940101 19940131
Query Prepare Time: 0.248032
 Query Prepare Time using cpu 0.000246286

Query Optimization Time: 1.83626

d_datekey
sg = 3
Filter Build Kernel time CPU: 0.014336 Build time 0.049152
Filter Probe Aggr Kernel time CPU: 1.128448 sg = 0 non demand time = 1.1415
Probe time 1.17555
Merge time 0.001984
Result:
Res count = 0
Query Execution Time: 1.28083
CPU Time: 1.12845
GPU Time: 0
Transfer Time: 0
Malloc Time: 0.004096


 Query: 12 19940101 19940131
Query Prepare Time: 0.108608

Query Optimization Time: 1.70294

d_datekey
sg = 3
Filter Build Kernel time CPU: 0.012064 Build time 0.041984
sg = 0
Filter Probe Aggr Kernel time CPU: 1.130464 sg = 0 non demand time = 1.14176
Probe time 1.1776
Merge time 0.002208
Result:
Res count = 0
Query Execution Time: 1.27507
CPU Time: 1.13046
GPU Time: 0
Transfer Time: 0
Malloc Time: 0.002656

12

 Query: 12 19940101 19940131
Query Prepare Time: 0.096672
 Query Prepare Time using cpu 9.46522e-05

Query Optimization Time: 1.67242

d_datekey
sg = 3
Filter Build Kernel time CPU: 0.011264 Build time 0.038816
Filter Probe Aggr Kernel time CPU: 1.353760 sg = 0 non demand time = 1.36406
Probe time 1.39776
Merge time 0.001888
Result:
Res count = 0
Query Execution Time: 1.48822
CPU Time: 1.35376
GPU Time: 0
Transfer Time: 0
Malloc Time: 0.00368


 Query: 12 19940101 19940131
Query Prepare Time: 0.106432

Query Optimization Time: 1.67014

d_datekey
sg = 3
Filter Build Kernel time CPU: 0.010400 Build time 0.038912
sg = 0
Filter Probe Aggr Kernel time CPU: 1.387424 sg = 0 non demand time = 1.39878
Probe time 1.4336
Merge time 0.001856
Result:
Res count = 0
Query Execution Time: 1.52768
CPU Time: 1.38742
GPU Time: 0
Transfer Time: 0
Malloc Time: 0.003008

13

 Query: 13 19940204 19940210
Query Prepare Time: 0.092352
 Query Prepare Time using cpu 9.05991e-05

Query Optimization Time: 1.64454

d_datekey
sg = 3
Filter Build Kernel time CPU: 0.012288 Build time 0.049152
Filter Probe Aggr Kernel time CPU: 0.389984 sg = 0 non demand time = 0.39936
Probe time 0.428032
Merge time 0.001792
Result:
Res count = 0
Query Execution Time: 0.528224
CPU Time: 0.389984
GPU Time: 0
Transfer Time: 0
Malloc Time: 0.003616


 Query: 13 19940204 19940210
Query Prepare Time: 0.096064

Query Optimization Time: 1.61587

d_datekey
sg = 3
Filter Build Kernel time CPU: 0.011264 Build time 0.038912
sg = 0
Filter Probe Aggr Kernel time CPU: 0.388096 sg = 0 non demand time = 0.400384
Probe time 0.428032
Merge time 0.00176
Result:
Res count = 0
Query Execution Time: 0.518976
CPU Time: 0.388096
GPU Time: 0
Transfer Time: 0
Malloc Time: 0.002784

11

 Query: 11 19930101 19931231
Query Prepare Time: 0.088192
 Query Prepare Time using cpu 8.67844e-05

Query Optimization Time: 1.59744

d_datekey
sg = 3
Filter Build Kernel time CPU: 0.014336 Build time 0.041888
Filter Probe Aggr Kernel time CPU: 15.403808 sg = 0 non demand time = 15.4257
Probe time 15.485
Merge time 0.002976
Result:
Res count = 0
Query Execution Time: 15.5876
CPU Time: 15.4038
GPU Time: 0
Transfer Time: 0
Malloc Time: 0.00384


 Query: 11 19930101 19931231
Query Prepare Time: 0.133344

Query Optimization Time: 1.79629

d_datekey
sg = 3
Filter Build Kernel time CPU: 0.016384 Build time 0.049056
sg = 0
Filter Probe Aggr Kernel time CPU: 15.563776 sg = 0 non demand time = 15.5843
Probe time 15.6529
Merge time 0.002144
Result:
Res count = 0
Query Execution Time: 15.7656
CPU Time: 15.5638
GPU Time: 0
Transfer Time: 0
Malloc Time: 0.004608

32

 Query: 32 19920101 19971231
Query Prepare Time: 1.40352
 Query Prepare Time using cpu 0.00139046

Query Optimization Time: 1.96797

s_suppkey
sg = 3
Filter Build Kernel time CPU: 0.155648 Filter Build Kernel time GPU: 0.032832 c_custkey
sg = 3
Filter Build Kernel time CPU: 0.373760 d_datekey
sg = 3
Filter Build Kernel time CPU: 0.021344 Build time 0.755712
h_total: 35194445 output_estimate: 52533656 sg: 8
Probe Kernel time GPU: 13.234176 Transfer size: 35194445 sg: 8
Transfer Time : 11.263808 Probe Group Kernel time CPU: 26.033407 sg = 8 non demand time = 50.6206
Probe time 50.688
Merge time 0.233312
Result:
Res count = 0
Query Execution Time: 52.2116
CPU Time: 26.0334
GPU Time: 13.2342
Transfer Time: 11.2638
Malloc Time: 0.004096


 Query: 32 19920101 19971231
Query Prepare Time: 15.1272

Query Optimization Time: 1.95574

s_suppkey
sg = 3
Filter Build Kernel time CPU: 0.274432 Filter Build Kernel time GPU: 0.032704 c_custkey
sg = 3
Filter Build Kernel time CPU: 0.410624 d_datekey
sg = 3
Filter Build Kernel time CPU: 0.017216 Build time 0.862208
sg = 8
h_total: 34877988 output_estimate: 52533656 sg: 8
Probe Kernel time CPU: 121.196541 Transfer size: 34877988 sg: 8
Transfer Time : 20.938751 h_total: 1401928 output_estimate: 2092679 sg: 8
Probe Kernel time GPU: 1.413120 Transfer size: 1401928 sg: 8
Transfer Time : 0.928768 Group Kernel time CPU: 2.438144 sg = 8 non demand time = 147.108
Probe time 147.164
Merge time 0.177376
Result:
Res count = 0
Query Execution Time: 148.689
CPU Time: 123.635
GPU Time: 1.41312
Transfer Time: 21.8675
Malloc Time: 0.007104

23

 Query: 23 19920101 19981231
Query Prepare Time: 5.1049
 Query Prepare Time using cpu 0.00510216

Query Optimization Time: 1.96403

s_suppkey
sg = 3
Filter Build Kernel time CPU: 0.188512 Filter Build Kernel time GPU: 0.029696 p_partkey
sg = 3
Filter Build Kernel time CPU: 0.100352 Filter Build Kernel time GPU: 0.033792 d_datekey
sg = 1
Filter Build Kernel time CPU: 0.014336 Build time 0.50176
h_total: 175841825 output_estimate: 263612016 sg: 8
Probe Kernel time GPU: 17.642496 h_total: 31155 output_estimate: 47185 sg: 4
Probe Kernel time GPU: 2.731136 Transfer size: 175841825 sg: 8
h_total: 9703 output_estimate: 22649 sg: 12
Probe Kernel time GPU: 2.751424 Transfer size: Transfer size: 970331155 sg: 4
 sg: 12
Transfer Time : 82.804733 Transfer Time : 0.087136 Transfer Time : 0.079872 Probe Group Kernel time CPU: 0.761856 sg = 4 non demand time = 102.866
Probe Group Kernel time CPU: 1.243136 sg = 12 non demand time = 103.174
Probe Group Kernel time CPU: 42.064896 sg = 8 non demand time = 144.061
Probe time 144.241
Merge time 0.026144
Result:
Res count = 0
Query Execution Time: 144.856
CPU Time: 42.0649
GPU Time: 17.6425
Transfer Time: 82.8047
Malloc Time: 0.00512


 Query: 23 19920101 19981231
Query Prepare Time: 5.14406

Query Optimization Time: 1.99782

s_suppkey
sg = 3
Filter Build Kernel time CPU: 0.160608 Filter Build Kernel time GPU: 0.031872 p_partkey
sg = 3
Filter Build Kernel time CPU: 0.119808 Filter Build Kernel time GPU: 0.033952 d_datekey
sg = 1
Filter Build Kernel time CPU: 0.032960 Build time 0.515072
sg = 4
sg = 12
sg = 8
h_total: 6297301 output_estimate: 9437184 sg: 4
Probe Kernel time CPU: 15.428608 Transfer size: 6297301 sg: 4
Transfer Time : 3.829760 h_total: 6171 output_estimate: 9445 sg: 4
Probe Kernel time GPU: 0.572416 Transfer size: 6171 sg: 4
Transfer Time : 0.036736 Group Kernel time CPU: 0.567456 sg = 4 non demand time = 21.0024
h_total: 50331648 output_estimate: 50331648 sg: 12
Probe Kernel time CPU: 54.926334 Transfer size: 50331648 sg: 12
h_total: 872871 output_estimate: Transfer Time : 30.184448 1318060 sg: 8
Probe Kernel time CPU: 85.175293 Transfer size: 872871 sg: 8
h_total: 9703 output_estimate: 22649 sg: 12
Probe Kernel time GPU: 2.066432 Transfer size: 9703 sg: 12
Transfer Time : 0.138240 Transfer Time : 0.586752 h_total: 174510 output_estimate: 261861 sg: 8
Probe Kernel time GPU: 0.220160 Transfer size: 174510 sg: 8
Transfer Time : 0.138240 Group Kernel time CPU: 0.479232 sg = 12 non demand time = 88.3866
Group Kernel time CPU: 2.906112 sg = 8 non demand time = 91.2137
Probe time 91.3591
Merge time 0.025056
Result:
Res count = 0
Query Execution Time: 91.9729
CPU Time: 88.0814
GPU Time: 2.06643
Transfer Time: 30.3227
Malloc Time: 0.008224

11

 Query: 11 19930101 19931231
Query Prepare Time: 0.292288
 Query Prepare Time using cpu 0.000290871

Query Optimization Time: 1.76435

d_datekey
sg = 3
Filter Build Kernel time CPU: 0.013312 Build time 0.044032
Filter Probe Aggr Kernel time CPU: 10.451968 sg = 0 non demand time = 10.4745
Probe time 10.5452
Merge time 0.00416
Result:
Res count = 0
Query Execution Time: 10.6587
CPU Time: 10.452
GPU Time: 0
Transfer Time: 0
Malloc Time: 0.003808


 Query: 11 19930101 19931231
Query Prepare Time: 0.127008

Query Optimization Time: 1.7961

d_datekey
sg = 3
Filter Build Kernel time CPU: 0.015360 Build time 0.046112
sg = 0
Filter Probe Aggr Kernel time CPU: 10.917920 sg = 0 non demand time = 10.9425
Probe time 11.01
Merge time 0.003328
Result:
Res count = 0
Query Execution Time: 11.1272
CPU Time: 10.9179
GPU Time: 0
Transfer Time: 0
Malloc Time: 0.004352

12

 Query: 12 19940101 19940131
Query Prepare Time: 0.117024
 Query Prepare Time using cpu 0.000114679

Query Optimization Time: 1.81126

d_datekey
sg = 3
Filter Build Kernel time CPU: 0.013312 Build time 0.060416
Filter Probe Aggr Kernel time CPU: 1.283072 sg = 0 non demand time = 1.29542
Probe time 1.33222
Merge time 0.00192
Result:
Res count = 0
Query Execution Time: 1.44688
CPU Time: 1.28307
GPU Time: 0
Transfer Time: 0
Malloc Time: 0.003968


 Query: 12 19940101 19940131
Query Prepare Time: 0.103904

Query Optimization Time: 1.70189

d_datekey
sg = 3
Filter Build Kernel time CPU: 0.012288 Build time 0.040832
sg = 0
Filter Probe Aggr Kernel time CPU: 1.282240 sg = 0 non demand time = 1.2944
Probe time 1.33002
Merge time 0.00208
Result:
Res count = 0
Query Execution Time: 1.42496
CPU Time: 1.28224
GPU Time: 0
Transfer Time: 0
Malloc Time: 0.002656

12

 Query: 12 19940101 19940131
Query Prepare Time: 0.09184
 Query Prepare Time using cpu 8.98838e-05

Query Optimization Time: 1.66813

d_datekey
sg = 3
Filter Build Kernel time CPU: 0.012288 Build time 0.038912
Filter Probe Aggr Kernel time CPU: 1.278016 sg = 0 non demand time = 1.28922
Probe time 1.32301
Merge time 0.001952
Result:
Res count = 0
Query Execution Time: 1.41485
CPU Time: 1.27802
GPU Time: 0
Transfer Time: 0
Malloc Time: 0.002944


 Query: 12 19940101 19940131
Query Prepare Time: 0.0952

Query Optimization Time: 1.65194

d_datekey
sg = 3
Filter Build Kernel time CPU: 0.011264 Build time 0.047104
sg = 0
Filter Probe Aggr Kernel time CPU: 1.315840 sg = 0 non demand time = 1.32794
Probe time 1.35987
Merge time 0.001792
Result:
Res count = 0
Query Execution Time: 1.46976
CPU Time: 1.31584
GPU Time: 0
Transfer Time: 0
Malloc Time: 0.002944

43

 Query: 43 19970101 19981231
Query Prepare Time: 1.94698
 Query Prepare Time using cpu 0.00188971

Query Optimization Time: 1.71728

s_suppkey
sg = 3
Filter Build Kernel time CPU: 0.117760 Filter Build Kernel time GPU: 0.031744 c_custkey
sg = 3
Filter Build Kernel time CPU: 0.421888 p_partkey
sg = 3
Filter Build Kernel time CPU: 0.156672 Filter Build Kernel time GPU: 0.054272 d_datekey
sg = 3
Filter Build Kernel time CPU: 0.015296 Build time 0.97184
h_total: 1255179 output_estimate: 1887436 sg: 8
Probe Kernel time GPU: 1.495072 Transfer size: 1255179 sg: 8
h_total: 6013231 output_estimate: 8996782 sg: 32
Probe Kernel time GPU: 3.303424 h_total: 80420 output_estimate: 181193 sg: 40
Probe Kernel time GPU: 3.503104 Transfer size: 6013231 sg: 32
Transfer size: 80420 sg: 40
Transfer Time : 1.609728 Probe Group Kernel time CPU: 0.001024 sg = 8 non demand time = Transfer Time : 2.944000 8.54221
Transfer Time : 2.011136 Probe Group Kernel time CPU: 3.518464 sg = 40 non demand time = 10.5021
Probe Group Kernel time CPU: 6.167552 sg = 32 non demand time = 14.6608
Probe time 14.8706
Merge time 0.51232
Result:
Res count = 0
Query Execution Time: 18.1549
CPU Time: 6.16755
GPU Time: 3.5031
Transfer Time: 2.944
Malloc Time: 0.021504


 Query: 43 19970101 19981231
Query Prepare Time: 17.193

Query Optimization Time: 2.01226

s_suppkey
sg = 3
Filter Build Kernel time CPU: 0.227328 Filter Build Kernel time GPU: 0.032928 c_custkey
sg = 3
Filter Build Kernel time CPU: 0.572416 p_partkey
sg = 3
Filter Build Kernel time CPU: 0.180224 Filter Build Kernel time GPU: 0.054208 d_datekey
sg = 3
Filter Build Kernel time CPU: 0.013312 Build time 1.26672
sg = 40
sg = 8
sg = 32
h_total: 252499 output_estimate: 566231 sg: 8
Probe Kernel time CPU: 45.885567 Transfer size: 252499 sg: 8
Transfer Time : 0.258048 h_total: 10036 output_estimate: 15149 sg: 8
Probe Kernel time GPU: 0.086784 Transfer size: 10036 sg: 8
Transfer Time : 0.045152 Group Kernel time CPU: 1.412096 sg = 8 non demand time = 47.9958
h_total: 10070050 output_estimate: 15099495 sg: 40
Probe Kernel time CPU: 48.478207 Transfer size: 10070050 sg: 40
h_total: 1192370 output_estimate: 2699034 sg: 32
Probe Kernel time CPU: 51.645439 Transfer size: 1192370 sg: 32
Transfer Time : 7.973888 Transfer Time : 2.985984 h_total: 16187 output_estimate: 36252 sg: 40
Probe Kernel time GPU: 0.565248 Transfer size: 16187 sg: 40
h_total: 47689 output_estimate: 71542 sg: 32
Probe Kernel time GPU: 0.215936 Transfer size: 47689 sg: 32
Transfer Time : 0.091360 Transfer Time : 0.079936 Group Kernel time CPU: 0.295936 sg = 40 non demand time = 58.4622
Group Kernel time CPU: 0.340128 sg = 32 non demand time = 58.4847
Probe time 58.6568
Merge time 0.469888
Result:
Res count = 0
Query Execution Time: 62.155
CPU Time: 51.9856
GPU Time: 0.565248
Transfer Time: 8.06525
Malloc Time: 0.193472

42

 Query: 42 19970101 19981231
Query Prepare Time: 15.6546
 Query Prepare Time using cpu 0.0156519

Query Optimization Time: 1.96403

s_suppkey
sg = 3
Filter Build Kernel time CPU: 0.247808 Filter Build Kernel time GPU: 0.032800 c_custkey
sg = 3
Filter Build Kernel time CPU: 0.559104 p_partkey
sg = 3
Filter Build Kernel time CPU: 0.255168 Filter Build Kernel time GPU: 0.080896 d_datekey
sg = 3
Filter Build Kernel time CPU: 0.016128 Build time 1.38138
h_total: 29931972 output_estimate: 44983912 sg: 32
Probe Kernel time GPU: 4.583424 h_total: 12568511 output_estimate: 18874368 sg: 8
Probe Kernel time GPU: 1.767424 Transfer size: 29931972 sg: 32
Transfer size: 12568511 sg: 8
h_total: 4029813 output_estimate: 9059697 sg: 40
Probe Kernel time GPU: 1.486848 Transfer size: 4029813 sg: 40
Transfer Time : 16.263168 Transfer Time : 19.644417 Transfer Time : 6.738944 Probe Group Kernel time CPU: 12.542976 sg = 8 non demand time = 40.4726
Probe Group Kernel time CPU: 30.759041 sg = 40 non demand time = 56.412
Probe Group Kernel time CPU: 32.144382 sg = 32 non demand time = 60.6618
Probe time 60.843
Merge time 0.023104
Result:
Res count = 0
Query Execution Time: 62.3393
CPU Time: 32.1444
GPU Time: 4.58342
Transfer Time: 19.6444
Malloc Time: 0.023552


 Query: 42 19970101 19981231
Query Prepare Time: 12.2437

Query Optimization Time: 1.95971

s_suppkey
sg = 3
Filter Build Kernel time CPU: 0.201760 Filter Build Kernel time GPU: 0.034816 c_custkey
sg = 3
Filter Build Kernel time CPU: 0.485376 p_partkey
sg = 3
Filter Build Kernel time CPU: 0.217248 Filter Build Kernel time GPU: 0.080896 d_datekey
sg = 3
Filter Build Kernel time CPU: 0.013248 Build time 1.21856
sg = 8
sg = 40
sg = 32
h_total: 1258478 output_estimate: 2831155 sg: 8
Probe Kernel time CPU: 20.403200 Transfer size: 1258478 sg: 8
Transfer Time : 0.994304 h_total: 503419 output_estimate: 755086 sg: 8
Probe Kernel time GPU: 0.208896 Transfer size: 503419 sg: 8
Transfer Time : 0.424960 h_total: 10070050 output_estimate: 15099495 sg: 40
Probe Kernel time CPU: 57.624542 Transfer size: 10070050 sg: 40
Group Kernel time CPU: 37.127968 h_total: 11921123 output_estimate: 26990348 sg: 32
Probe Kernel time CPU: 59.208706 sg = 8 non demand time = 60.9034
Transfer size: 11921123 sg: 32
Transfer Time : 9.417728 h_total: 806275 output_estimate: 1812609 sg: 40
Probe Kernel time GPU: 1.835008 Transfer Time : 10.659840 Transfer size: 806275 sg: 40
Transfer Time : 1.044480 h_total: 2387660 output_estimate: 3576337 sg: 32
Probe Kernel time GPU: 0.802816 Transfer size: 2387660 sg: 32
Transfer Time : 1.872928 Group Kernel time CPU: 5.114624 sg = 40 non demand time = 80.8182
Group Kernel time CPU: 14.311424 sg = 32 non demand time = 91.862
Probe time 92.0863
Merge time 0.025344
Result:
Res count = 0
Query Execution Time: 93.4125
CPU Time: 73.5201
GPU Time: 1.83501
Transfer Time: 12.5328
Malloc Time: 0.007968

41

 Query: 41 19920101 19981231
Query Prepare Time: 5.67722
 Query Prepare Time using cpu 0.00567412

Query Optimization Time: 2.01728

s_suppkey
sg = 3
Filter Build Kernel time CPU: 0.154752 Filter Build Kernel time GPU: 0.028896 c_custkey
sg = 3
Filter Build Kernel time CPU: 0.458752 p_partkey
sg = 3
Filter Build Kernel time CPU: 0.216064 Filter Build Kernel time GPU: 0.050176 d_datekey
sg = 1
Filter Build Kernel time CPU: 0.014336 Build time 1.11104
h_total: 4029813 output_estimate: 9059697 sg: 40
Probe Kernel time GPU: 17.579008 h_total: 175841578 output_estimate: 263612016 sg: 32
Probe Kernel time GPU: 19.281729 Transfer size: 4029813 sg: 40
h_total: 12568511 output_estimate: 18874368 sg: 8
Probe Kernel time GPU: 1.734816 Transfer size: 175841578 sg: 32
Transfer size: 12568511 sg: 8
Transfer Time : 86.733826 Transfer Time : 86.083588 Transfer Time : 5.890048 Probe Group Kernel time CPU: 121.460739 sg = 40 non demand time = 229.708
Probe Group Kernel time CPU: 149.743622 sg = 8 non demand time = 260.065
Probe Group Kernel time CPU: 151.962784 sg = 32 non demand time = 260.127
Probe time 260.349
Merge time 0.005088
Result:
Res count = 0
Query Execution Time: 261.536
CPU Time: 151.963
GPU Time: 19.2817
Transfer Time: 86.7338
Malloc Time: 1.42525


 Query: 41 19920101 19981231
Query Prepare Time: 12.6572

Query Optimization Time: 2.00397

s_suppkey
sg = 3
Filter Build Kernel time CPU: 0.129056 Filter Build Kernel time GPU: 0.030880 c_custkey
sg = 3
Filter Build Kernel time CPU: 0.520960 p_partkey
sg = 3
Filter Build Kernel time CPU: 0.234496 Filter Build Kernel time GPU: 0.049024 d_datekey
sg = 1
Filter Build Kernel time CPU: 0.015264 Build time 1.15917
sg = 8
sg = 40
sg = 32
h_total: 1258478 output_estimate: 2831155 sg: 8
Probe Kernel time CPU: 17.707008 Transfer size: 1258478 sg: 8
Transfer Time : 0.998400 h_total: 503419 output_estimate: 755086 sg: 8
Probe Kernel time GPU: 0.209920 Transfer size: 503419 sg: 8
Transfer Time : 0.446464 Group Kernel time CPU: 48.138176 sg = 8 non demand time = 67.9096
h_total: 10070050 output_estimate: 15099495 sg: 40
Probe Kernel time CPU: 79.913986 Transfer size: 10070050 sg: 40
Transfer Time : 7.628800 h_total: 806275 output_estimate: 1812609 sg: 40
Probe Kernel time GPU: 0.773248 Transfer size: 806275 sg: 40
Transfer Time : 0.672800 Group Kernel time CPU: 76.563454 sg = 40 non demand time = 166.317
h_total: 70157579 output_estimate: 158167216 sg: 32
Probe Kernel time CPU: 194.370331 Transfer size: 70157579 sg: 32
Transfer Time : 52.621311 h_total: 14051701 output_estimate: 21047274 sg: 32
Probe Kernel time GPU: 4.431872 Transfer size: 14051701 sg: 32
Transfer Time : 10.888256 Group Kernel time CPU: 85.770081 sg = 32 non demand time = 348.361
Probe time 348.547
Merge time 0.005984
Result:
Res count = 0
Query Execution Time: 349.823
CPU Time: 280.14
GPU Time: 4.43187
Transfer Time: 63.5096
Malloc Time: 0.038912

31

 Query: 31 19920101 19971231
Query Prepare Time: 0.794368
 Query Prepare Time using cpu 0.000791073

Query Optimization Time: 1.7879

s_suppkey
sg = 3
Filter Build Kernel time CPU: 0.140288 Filter Build Kernel time GPU: 0.033824 c_custkey
sg = 3
Filter Build Kernel time CPU: 0.421888 d_datekey
sg = 3
Filter Build Kernel time CPU: 0.013120 Build time 0.741376
h_total: 175758860 output_estimate: 262668304 sg: 8
Probe Kernel time GPU: 14.893056 Transfer size: 175758860 sg: 8
Transfer Time : 55.303169 Probe Group Kernel time CPU: 131.260666 sg = 8 non demand time = 201.573
Probe time 201.744
Merge time 0.025376
Result:
Res count = 0
Query Execution Time: 202.579
CPU Time: 131.261
GPU Time: 14.8931
Transfer Time: 55.3032
Malloc Time: 0.003072


 Query: 31 19920101 19971231
Query Prepare Time: 11.1636

Query Optimization Time: 1.93347

s_suppkey
sg = 3
Filter Build Kernel time CPU: 0.135360 Filter Build Kernel time GPU: 0.035008 c_custkey
sg = 3
Filter Build Kernel time CPU: 0.638752 d_datekey
sg = 3
Filter Build Kernel time CPU: 0.015360 Build time 1.04163
sg = 8
h_total: 174660175 output_estimate: 262668304 sg: 8
Probe Kernel time CPU: 138.079239 Transfer size: 174660175 sg: 8
Transfer Time : 104.620865 h_total: 35086663 output_estimate: 52398056 sg: 8
Probe Kernel time GPU: 6.491136 Transfer size: 35086663 sg: 8
Transfer Time : 21.798912 Group Kernel time CPU: 88.206337 sg = 8 non demand time = 359.607
Probe time 359.779
Merge time 0.028224
Result:
Res count = 0
Query Execution Time: 360.949
CPU Time: 226.286
GPU Time: 6.49114
Transfer Time: 126.42
Malloc Time: 0.00704

21

 Query: 21 19920101 19981231
Query Prepare Time: 0.556544
 Query Prepare Time using cpu 0.000552893

Query Optimization Time: 2.0216

s_suppkey
sg = 3
Filter Build Kernel time CPU: 0.115712 Filter Build Kernel time GPU: 0.030720 p_partkey
sg = 3
Filter Build Kernel time CPU: 0.145536 Filter Build Kernel time GPU: 0.052128 d_datekey
sg = 3
Filter Build Kernel time CPU: 0.011264 Build time 0.502784
h_total: 1252447 output_estimate: 1887436 sg: 4
Probe Kernel time GPU: 17.668192 h_total: 175841578 output_estimate: 263612016 sg: 8
Probe Kernel time GPU: 17.510401 h_total: 401623 output_estimate: 905969 sg: 12
Transfer size: Probe Kernel time GPU: 17.529856 Transfer size: 175841578 sg: 8
1252447 sg: 4
Transfer size: 401623 sg: 12
Transfer Time : 83.461182 Transfer Time : 83.328003 Transfer Time : 27.735905 Probe Group Kernel time CPU: 4.679680 sg = 4 non demand time = 107.56
Probe Group Kernel time CPU: 6.013952 sg = 12 non demand time = 108.777
Probe Group Kernel time CPU: 42.215424 sg = 8 non demand time = 145.055
Probe time 145.288
Merge time 0.02736
Result:
Res count = 0
Query Execution Time: 145.918
CPU Time: 42.2154
GPU Time: 17.6682
Transfer Time: 83.4612
Malloc Time: 0.00512


 Query: 21 19920101 19981231
Query Prepare Time: 4.96669

Query Optimization Time: 2.02445

s_suppkey
sg = 3
Filter Build Kernel time CPU: 0.123904 Filter Build Kernel time GPU: 0.031744 p_partkey
sg = 3
Filter Build Kernel time CPU: 0.199872 Filter Build Kernel time GPU: 0.051200 d_datekey
sg = 3
Filter Build Kernel time CPU: 0.010240 Build time 0.5632
sg = 4
sg = 8
sg = 12
h_total: 0 output_estimate: 9437184 sg: 4
Probe Kernel time CPU: 10.042368 Transfer size: 0 sg: 4
Transfer Time : 0.007168 